,Rainfall,Temperature,Humidity,WindSpeed
1990-01-01,0.0,25.15,66.71,1.36
1990-01-02,0.21,24.04,68.5,2.07
1990-01-03,1.39,23.71,66.02,2.91
1990-01-04,1.72,22.83,64.53,3.81
1990-01-05,0.0,21.96,57.16,3.92
1990-01-06,0.0,21.92,57.89,4.02
1990-01-07,0.0,22.05,57.55,4.24
1990-01-08,0.06,22.47,57.06,3.82
1990-01-09,0.0,23.24,47.42,3.16
1990-01-10,0.0,23.59,50.89,3.01
1990-01-11,0.0,23.48,47.77,2.44
1990-01-12,0.0,21.69,33.67,3.22
1990-01-13,0.0,21.2,34.81,2.55
1990-01-14,0.0,21.62,32.83,2.04
1990-01-15,0.0,21.88,29.13,2.24
1990-01-16,0.0,21.93,27.56,2.39
1990-01-17,0.0,22.17,36.16,2.19
1990-01-18,0.0,22.59,33.97,2.03
1990-01-19,0.0,22.56,28.67,2.82
1990-01-20,0.0,21.78,24.5,2.22
1990-01-21,0.0,22.52,21.84,2.07
1990-01-22,0.0,22.52,26.95,2.56
1990-01-23,0.0,22.79,36.79,2.85
1990-01-24,0.0,23.09,37.43,3.29
1990-01-25,0.0,23.33,33.61,3.02
1990-01-26,0.0,23.2,29.52,2.6
1990-01-27,0.0,23.09,32.08,2.79
1990-01-28,0.0,23.41,32.95,3.02
1990-01-29,0.0,23.56,32.81,3.1
1990-01-30,0.0,23.74,28.84,2.97
1990-01-31,0.0,23.93,28.22,2.91
1990-02-01,0.0,24.37,26.39,2.39
1990-02-02,0.0,23.79,29.22,2.39
1990-02-03,0.0,24.51,26.08,3.02
1990-02-04,0.0,24.59,27.74,2.45
1990-02-05,0.0,24.67,27.93,2.41
1990-02-06,0.0,24.96,28.35,3.7
1990-02-07,0.0,24.25,28.82,4.32
1990-02-08,0.0,24.53,32.73,3.49
1990-02-09,0.0,25.56,39.05,3.12
1990-02-10,0.0,26.52,41.94,2.49
1990-02-11,0.0,26.47,42.97,3.76
1990-02-12,0.0,26.24,40.6,3.35
1990-02-13,0.0,26.74,40.92,1.69
1990-02-14,0.0,26.83,45.62,1.39
1990-02-15,0.0,26.58,48.42,2.61
1990-02-16,0.0,25.64,49.05,2.66
1990-02-17,0.0,25.03,54.84,3.14
1990-02-18,0.0,24.96,54.0,2.85
1990-02-19,0.0,24.42,55.44,2.78
1990-02-20,0.0,22.95,56.15,3.39
1990-02-21,0.0,22.78,55.24,2.76
1990-02-22,0.0,23.77,49.38,2.47
1990-02-23,0.0,24.39,46.7,2.48
1990-02-24,0.0,24.76,50.44,2.61
1990-02-25,0.0,25.22,51.28,2.31
1990-02-26,0.0,25.89,50.1,2.28
1990-02-27,0.0,25.85,52.38,2.25
1990-02-28,0.0,26.56,54.64,1.72
1990-03-01,0.0,27.59,53.41,2.41
1990-03-02,0.0,26.16,54.37,3.2
1990-03-03,0.0,24.2,56.65,3.92
1990-03-04,0.0,24.02,61.01,3.51
1990-03-05,0.0,25.28,58.82,2.56
1990-03-06,0.0,26.24,57.8,2.62
1990-03-07,0.0,26.3,58.06,3.31
1990-03-08,0.0,26.29,52.36,3.18
1990-03-09,0.0,25.13,41.19,3.24
1990-03-10,0.0,25.05,50.33,2.79
1990-03-11,0.0,25.96,54.23,2.01
1990-03-12,0.02,26.82,54.19,2.05
1990-03-13,0.0,27.57,52.51,2.08
1990-03-14,0.0,27.82,46.24,2.1
1990-03-15,0.0,27.79,41.14,1.99
1990-03-16,0.0,28.94,33.16,2.4
1990-03-17,0.0,28.68,27.36,3.46
1990-03-18,0.0,28.49,31.73,3.57
1990-03-19,0.0,28.52,30.74,3.62
1990-03-20,0.0,28.67,28.69,3.29
1990-03-21,0.0,29.53,28.33,2.62
1990-03-22,0.0,28.75,48.43,2.64
1990-03-23,0.0,29.04,50.9,2.61
1990-03-24,0.0,28.16,39.93,3.24
1990-03-25,0.0,26.39,45.74,3.45
1990-03-26,0.0,25.43,50.81,3.71
1990-03-27,0.0,25.95,52.99,3.75
1990-03-28,0.0,27.86,52.05,2.37
1990-03-29,0.0,30.2,46.22,2.23
1990-03-30,0.0,30.86,42.04,2.18
1990-03-31,0.0,30.31,44.78,1.65
1990-04-01,0.95,30.64,40.86,2.41
1990-04-02,0.01,30.14,36.35,2.73
1990-04-03,0.0,29.57,43.1,3.09
1990-04-04,0.0,29.11,46.32,3.15
1990-04-05,0.0,28.55,47.47,2.79
1990-04-06,0.0,29.07,41.96,1.3
1990-04-07,0.0,29.8,40.88,1.88
1990-04-08,0.0,30.3,33.04,2.59
1990-04-09,0.0,29.99,42.72,3.27
1990-04-10,0.0,29.68,42.9,2.55
1990-04-11,0.0,28.71,49.02,2.66
1990-04-12,0.0,27.76,54.15,3.08
1990-04-13,0.0,30.11,49.6,3.02
1990-04-14,0.0,30.66,46.94,3.38
1990-04-15,0.02,30.7,43.49,3.1
1990-04-16,0.06,30.49,39.78,2.91
1990-04-17,1.12,30.12,45.22,2.26
1990-04-18,0.61,30.24,54.0,3.24
1990-04-19,0.04,30.53,53.17,3.67
1990-04-20,0.0,29.76,51.15,4.23
1990-04-21,0.0,29.67,48.62,3.51
1990-04-22,0.0,30.06,42.55,2.71
1990-04-23,0.0,30.96,30.79,2.39
1990-04-24,0.0,31.05,40.45,1.49
1990-04-25,0.0,30.54,52.08,3.44
1990-04-26,0.0,31.17,47.22,1.82
1990-04-27,2.21,32.03,36.29,1.63
1990-04-28,0.45,31.74,48.05,1.98
1990-04-29,0.22,30.74,51.13,3.45
1990-04-30,1.34,30.74,50.94,2.67
1990-05-01,1.94,29.38,52.8,2.24
1990-05-02,4.29,29.89,54.42,2.05
1990-05-03,0.0,29.58,50.84,2.54
1990-05-04,0.01,30.56,53.29,2.48
1990-05-05,0.5,30.87,52.24,2.45
1990-05-06,0.73,31.42,45.41,2.77
1990-05-07,0.7,31.64,42.39,3.18
1990-05-08,0.15,31.69,44.06,2.91
1990-05-09,0.22,30.69,53.18,4.14
1990-05-10,0.7,29.56,61.4,4.43
1990-05-11,22.51,27.47,72.57,3.67
1990-05-12,4.69,27.13,70.63,4.34
1990-05-13,0.07,26.91,67.5,3.95
1990-05-14,0.25,27.15,65.24,3.92
1990-05-15,0.0,27.4,60.06,3.76
1990-05-16,0.0,27.44,63.16,4.02
1990-05-17,0.0,27.84,64.23,4.25
1990-05-18,4.06,26.56,73.5,4.17
1990-05-19,4.17,26.17,75.94,3.01
1990-05-20,4.07,25.92,75.33,4.18
1990-05-21,9.42,25.17,76.71,4.27
1990-05-22,10.98,24.7,79.65,4.37
1990-05-23,1.34,25.48,75.16,3.69
1990-05-24,9.38,26.39,76.03,3.34
1990-05-25,6.89,26.43,77.47,3.05
1990-05-26,0.74,27.02,74.09,2.4
1990-05-27,28.6,25.24,83.25,2.6
1990-05-28,10.37,24.13,90.14,4.46
1990-05-29,0.35,24.95,78.53,4.96
1990-05-30,11.61,23.9,81.72,4.49
1990-05-31,9.22,24.75,80.06,4.39
1990-06-01,2.46,25.12,78.35,4.08
1990-06-02,1.18,25.23,77.93,4.37
1990-06-03,2.21,24.48,82.22,4.55
1990-06-04,6.59,25.04,81.35,4.83
1990-06-05,10.55,24.51,81.61,4.35
1990-06-06,2.51,24.56,79.33,4.25
1990-06-07,0.48,25.25,76.19,4.35
1990-06-08,8.01,24.07,81.36,4.35
1990-06-09,7.92,22.77,84.58,4.52
1990-06-10,5.86,23.22,84.12,4.71
1990-06-11,9.4,23.7,85.82,5.16
1990-06-12,23.07,22.1,87.28,5.5
1990-06-13,12.93,23.29,87.85,4.74
1990-06-14,7.12,24.92,81.18,4.83
1990-06-15,6.45,23.74,86.04,4.62
1990-06-16,8.56,24.05,84.64,5.34
1990-06-17,16.56,23.43,85.54,6.09
1990-06-18,5.61,24.19,84.58,6.02
1990-06-19,2.03,24.16,84.65,5.61
1990-06-20,0.77,24.78,80.89,5.28
1990-06-21,0.91,24.85,80.21,4.57
1990-06-22,8.56,24.32,83.13,5.65
1990-06-23,7.76,24.21,84.75,5.25
1990-06-24,12.33,24.14,84.56,5.07
1990-06-25,5.73,23.56,87.09,5.2
1990-06-26,10.24,23.96,86.09,5.02
1990-06-27,27.28,23.8,87.57,4.9
1990-06-28,19.13,24.39,87.6,5.27
1990-06-29,16.21,24.49,85.88,5.4
1990-06-30,15.47,24.04,85.46,6.05
1990-07-01,13.33,23.82,85.96,6.01
1990-07-02,14.09,23.87,86.47,6.47
1990-07-03,28.76,23.9,86.32,6.63
1990-07-04,16.04,24.16,85.98,5.73
1990-07-05,10.03,24.1,86.88,5.32
1990-07-06,10.7,23.82,88.33,3.99
1990-07-07,7.2,23.69,86.97,4.07
1990-07-08,27.58,22.48,88.01,4.98
1990-07-09,16.74,21.84,87.74,4.33
1990-07-10,8.69,22.36,87.56,5.01
1990-07-11,17.41,22.46,89.11,5.36
1990-07-12,19.88,21.48,91.1,5.18
1990-07-13,13.4,21.17,91.54,4.62
1990-07-14,6.2,22.96,88.41,5.55
1990-07-15,12.42,22.55,89.48,5.05
1990-07-16,6.73,23.11,87.71,5.49
1990-07-17,6.44,23.38,87.58,5.84
1990-07-18,9.71,23.2,88.4,5.08
1990-07-19,11.23,23.4,87.86,4.91
1990-07-20,5.61,22.41,87.5,5.06
1990-07-21,10.2,21.85,89.31,5.54
1990-07-22,6.91,23.14,87.72,5.87
1990-07-23,5.97,23.04,88.69,5.72
1990-07-24,5.74,23.36,86.6,5.53
1990-07-25,4.88,23.34,86.6,5.13
1990-07-26,3.48,23.23,86.18,4.56
1990-07-27,1.96,23.27,85.18,4.33
1990-07-28,1.25,23.26,84.99,4.16
1990-07-29,1.01,23.4,85.34,3.94
1990-07-30,1.47,23.7,84.62,4.24
1990-07-31,2.07,23.44,84.77,4.57
1990-08-01,2.11,23.54,85.2,4.34
1990-08-02,4.63,23.62,86.12,4.32
1990-08-03,10.23,23.95,84.77,4.67
1990-08-04,7.01,23.72,84.67,4.23
1990-08-05,4.64,23.75,84.8,4.57
1990-08-06,10.24,23.36,85.32,4.25
1990-08-07,5.1,22.87,87.46,4.05
1990-08-08,10.78,22.37,89.05,4.39
1990-08-09,16.54,22.86,89.15,4.09
1990-08-10,22.18,22.89,88.5,5.0
1990-08-11,16.39,22.96,88.35,5.18
1990-08-12,11.31,22.98,88.17,5.79
1990-08-13,11.74,22.44,90.72,5.07
1990-08-14,15.45,22.26,90.81,4.9
1990-08-15,19.08,22.12,91.97,5.12
1990-08-16,12.53,22.35,91.6,6.21
1990-08-17,14.09,23.23,87.96,6.72
1990-08-18,11.29,22.95,87.49,6.43
1990-08-19,5.97,22.8,87.58,5.86
1990-08-20,2.29,22.81,86.5,5.81
1990-08-21,8.37,22.06,88.65,5.37
1990-08-22,8.86,21.98,87.78,5.4
1990-08-23,7.14,22.5,87.12,5.44
1990-08-24,12.19,22.64,87.04,4.71
1990-08-25,7.96,23.29,86.8,4.27
1990-08-26,4.28,23.38,86.62,4.17
1990-08-27,3.41,23.0,88.61,3.66
1990-08-28,2.82,22.27,89.61,3.4
1990-08-29,3.55,21.59,91.33,3.93
1990-08-30,5.19,23.08,86.47,4.86
1990-08-31,4.02,23.04,85.61,4.83
1990-09-01,6.56,23.13,86.6,4.23
1990-09-02,6.12,23.33,85.47,3.9
1990-09-03,2.88,23.24,85.25,4.05
1990-09-04,3.01,23.6,85.21,4.47
1990-09-05,2.98,23.58,85.14,4.52
1990-09-06,16.02,23.01,87.27,4.05
1990-09-07,11.38,22.65,88.5,3.71
1990-09-08,3.65,22.68,88.56,3.06
1990-09-09,1.75,23.57,84.51,3.0
1990-09-10,0.82,23.79,83.72,3.2
1990-09-11,0.81,23.14,85.11,2.98
1990-09-12,1.11,23.31,84.34,3.16
1990-09-13,0.78,22.88,84.58,3.0
1990-09-14,0.16,23.62,80.35,2.77
1990-09-15,0.46,23.45,82.73,2.5
1990-09-16,0.29,23.97,79.98,2.48
1990-09-17,0.22,24.23,79.45,2.76
1990-09-18,0.01,24.03,77.62,2.87
1990-09-19,0.01,23.59,78.1,3.08
1990-09-20,0.01,23.55,79.28,3.0
1990-09-21,0.02,23.49,80.28,3.09
1990-09-22,0.01,24.38,79.45,2.87
1990-09-23,0.07,24.59,80.13,3.05
1990-09-24,2.61,23.95,81.42,3.23
1990-09-25,0.29,23.32,81.58,3.21
1990-09-26,2.45,23.3,78.41,2.82
1990-09-27,1.8,23.56,79.74,3.04
1990-09-28,3.14,23.49,82.91,2.98
1990-09-29,0.9,22.81,84.48,3.26
1990-09-30,2.67,22.56,85.63,3.12
1990-10-01,6.03,23.22,83.67,3.03
1990-10-02,3.45,23.24,84.02,3.13
1990-10-03,0.33,23.61,81.16,3.28
1990-10-04,0.43,23.27,80.14,3.16
1990-10-05,0.05,23.18,77.71,3.23
1990-10-06,0.6,23.31,78.44,3.03
1990-10-07,1.16,23.85,81.26,3.43
1990-10-08,3.81,23.97,82.25,3.72
1990-10-09,1.06,23.55,81.16,3.24
1990-10-10,0.22,24.04,77.69,2.32
1990-10-11,0.17,24.99,74.91,1.87
1990-10-12,0.01,22.58,82.93,2.16
1990-10-13,0.55,24.94,74.88,1.58
1990-10-14,1.38,26.05,71.85,1.01
1990-10-15,0.34,26.31,69.12,2.29
1990-10-16,1.45,25.31,74.13,2.2
1990-10-17,3.72,25.59,73.07,2.47
1990-10-18,5.32,25.44,73.0,3.15
1990-10-19,1.14,25.69,72.73,2.74
1990-10-20,0.25,26.08,66.49,2.2
1990-10-21,0.05,25.81,60.98,2.32
1990-10-22,0.0,24.6,69.65,2.34
1990-10-23,1.21,25.58,74.11,2.31
1990-10-24,4.86,24.65,82.29,3.01
1990-10-25,11.32,24.12,83.19,2.91
1990-10-26,14.81,22.88,83.69,2.59
1990-10-27,11.61,24.07,76.69,2.53
1990-10-28,3.7,24.16,80.13,2.36
1990-10-29,5.36,24.36,79.9,2.7
1990-10-30,2.13,24.73,74.86,2.99
1990-10-31,0.09,24.3,75.8,3.01
1990-11-01,2.26,24.49,76.49,3.48
1990-11-02,0.47,24.37,71.21,2.81
1990-11-03,0.0,23.3,65.15,1.81
1990-11-04,0.0,23.0,71.73,2.16
1990-11-05,0.02,23.4,74.87,1.71
1990-11-06,0.01,23.11,80.32,2.59
1990-11-07,0.0,22.65,80.73,2.44
1990-11-08,0.0,22.97,81.47,2.29
1990-11-09,0.0,24.74,72.58,1.23
1990-11-10,0.0,24.68,67.44,1.12
1990-11-11,0.0,24.37,59.19,1.5
1990-11-12,0.0,22.03,54.76,2.11
1990-11-13,0.0,21.19,56.05,1.63
1990-11-14,0.0,22.38,73.25,1.94
1990-11-15,0.0,23.29,77.82,2.39
1990-11-16,1.14,23.17,86.05,1.39
1990-11-17,0.28,22.38,85.34,1.55
1990-11-18,0.0,25.14,73.89,1.7
1990-11-19,0.0,25.23,70.64,1.3
1990-11-20,0.0,25.6,60.76,1.64
1990-11-21,0.0,24.65,65.49,2.82
1990-11-22,0.0,23.27,64.69,2.79
1990-11-23,0.0,24.56,70.07,2.14
1990-11-24,0.0,25.67,67.0,3.02
1990-11-25,0.0,25.38,69.09,3.58
1990-11-26,0.0,24.91,69.75,4.53
1990-11-27,0.04,23.49,70.58,4.49
1990-11-28,0.04,24.38,70.36,3.57
1990-11-29,0.01,24.25,60.19,2.58
1990-11-30,0.0,23.95,57.58,2.34
1990-12-01,0.0,23.65,55.04,2.63
1990-12-02,0.0,23.5,53.47,2.79
1990-12-03,0.0,24.79,67.71,2.55
1990-12-04,0.0,23.99,68.15,3.74
1990-12-05,0.0,23.86,70.1,4.3
1990-12-06,0.0,23.5,69.44,3.98
1990-12-07,0.0,23.48,61.93,3.25
1990-12-08,0.0,23.35,59.75,3.33
1990-12-09,0.0,22.27,63.25,2.51
1990-12-10,0.0,22.53,57.94,2.58
1990-12-11,0.0,22.75,58.08,3.32
1990-12-12,0.0,22.65,62.05,3.74
1990-12-13,0.0,22.42,62.68,3.37
1990-12-14,0.0,22.58,55.68,2.16
1990-12-15,0.0,22.2,57.13,1.41
1990-12-16,0.0,22.28,60.13,0.98
1990-12-17,0.0,22.24,67.44,1.53
1990-12-18,0.0,22.73,57.46,1.32
1990-12-19,0.0,22.65,53.66,2.07
1990-12-20,0.0,22.72,56.2,2.48
1990-12-21,0.0,22.97,60.08,2.56
1990-12-22,0.0,22.88,60.65,2.89
1990-12-23,0.0,23.08,61.51,2.87
1990-12-24,0.0,23.8,63.94,3.45
1990-12-25,0.0,23.6,54.44,3.26
1990-12-26,0.0,24.14,54.37,3.59
1990-12-27,0.0,22.1,49.9,4.05
1990-12-28,0.0,20.46,52.85,3.14
1990-12-29,0.0,21.11,56.8,2.07
1990-12-30,0.0,21.86,63.19,1.33
1990-12-31,1.07,23.34,61.99,1.43
1991-01-01,0.23,22.45,63.22,1.97
1991-01-02,0.0,19.97,54.92,1.77
1991-01-03,0.0,19.25,37.7,1.62
1991-01-04,0.0,20.77,45.62,1.21
1991-01-05,0.0,23.41,61.0,1.42
1991-01-06,0.0,24.93,60.52,1.79
1991-01-07,0.0,25.15,57.39,1.97
1991-01-08,0.0,24.81,50.95,2.34
1991-01-09,0.0,23.86,54.02,1.71
1991-01-10,0.0,23.61,53.95,1.01
1991-01-11,0.0,23.24,62.28,1.23
1991-01-12,0.0,23.54,57.65,1.18
1991-01-13,0.0,24.28,45.05,0.96
1991-01-14,0.0,24.04,48.1,1.64
1991-01-15,0.0,24.31,47.58,1.46
1991-01-16,0.0,24.45,44.36,2.19
1991-01-17,0.0,24.21,47.42,3.09
1991-01-18,0.0,24.74,45.41,2.99
1991-01-19,0.0,25.47,50.25,1.84
1991-01-20,0.0,26.31,49.27,1.56
1991-01-21,0.0,25.79,41.04,1.61
1991-01-22,0.0,25.5,40.43,2.09
1991-01-23,0.0,25.52,41.19,2.26
1991-01-24,0.0,25.36,39.49,2.85
1991-01-25,0.0,24.93,39.23,3.64
1991-01-26,0.0,24.21,40.34,3.65
1991-01-27,0.0,24.35,34.74,2.98
1991-01-28,0.0,24.35,30.06,2.43
1991-01-29,0.0,24.08,19.47,3.21
1991-01-30,0.0,23.43,31.57,3.65
1991-01-31,0.0,23.35,36.49,3.87
1991-02-01,0.0,24.24,38.04,1.84
1991-02-02,0.0,23.96,45.18,2.11
1991-02-03,0.0,23.65,37.19,1.99
1991-02-04,0.0,23.82,30.99,1.01
1991-02-05,0.0,25.25,35.68,1.58
1991-02-06,0.0,25.38,41.09,2.35
1991-02-07,0.0,25.35,35.35,2.99
1991-02-08,0.0,25.38,32.0,3.16
1991-02-09,0.0,25.91,30.08,3.42
1991-02-10,0.0,26.0,27.09,3.01
1991-02-11,0.0,25.73,37.36,2.31
1991-02-12,0.0,26.21,50.05,0.94
1991-02-13,0.0,26.08,43.66,0.72
1991-02-14,0.0,26.77,23.24,2.12
1991-02-15,0.0,26.12,24.08,2.18
1991-02-16,0.0,25.36,43.98,2.16
1991-02-17,0.0,25.37,42.65,1.91
1991-02-18,0.0,25.2,37.62,1.16
1991-02-19,0.0,26.63,29.54,1.71
1991-02-20,0.0,26.97,31.55,3.36
1991-02-21,0.0,26.86,35.16,4.56
1991-02-22,0.0,25.46,32.36,3.24
1991-02-23,0.0,26.35,29.09,2.42
1991-02-24,0.0,27.4,34.01,2.15
1991-02-25,0.0,28.5,41.9,1.61
1991-02-26,0.0,28.04,43.15,2.37
1991-02-27,0.0,27.71,39.48,1.97
1991-02-28,0.0,27.49,38.05,2.42
1991-03-01,0.0,27.01,38.17,1.36
1991-03-02,0.0,28.19,37.87,1.08
1991-03-03,0.0,29.89,34.42,1.13
1991-03-04,0.0,29.21,33.84,1.97
1991-03-05,0.0,28.45,35.46,1.81
1991-03-06,0.0,27.57,41.57,2.57
1991-03-07,0.0,26.97,51.07,2.9
1991-03-08,0.0,27.4,48.52,1.81
1991-03-09,0.0,28.44,48.65,1.48
1991-03-10,0.0,29.5,42.6,1.9
1991-03-11,0.0,30.61,39.71,1.23
1991-03-12,0.0,29.77,47.3,2.75
1991-03-13,0.0,29.37,42.32,2.21
1991-03-14,0.0,28.81,49.62,2.87
1991-03-15,0.0,29.56,47.58,1.65
1991-03-16,0.0,29.37,38.34,0.83
1991-03-17,0.0,29.69,37.29,1.97
1991-03-18,0.0,29.42,20.6,2.27
1991-03-19,0.0,29.1,42.29,1.68
1991-03-20,0.0,28.92,51.42,2.4
1991-03-21,0.0,28.71,51.31,3.19
1991-03-22,0.0,29.22,44.91,2.86
1991-03-23,0.0,29.46,34.09,2.36
1991-03-24,0.0,29.48,32.51,2.25
1991-03-25,0.0,29.99,36.9,1.41
1991-03-26,0.0,30.6,42.05,1.49
1991-03-27,0.0,30.77,39.33,2.46
1991-03-28,0.0,30.67,27.92,3.11
1991-03-29,0.0,30.58,26.59,3.03
1991-03-30,0.0,30.82,25.24,1.99
1991-03-31,0.0,29.11,50.49,2.81
1991-04-01,0.0,29.38,50.8,2.43
1991-04-02,1.91,29.38,53.39,2.39
1991-04-03,0.12,30.23,49.56,2.11
1991-04-04,0.0,27.71,55.29,2.37
1991-04-05,0.0,28.59,50.02,2.29
1991-04-06,0.0,28.52,49.2,1.6
1991-04-07,3.02,28.89,52.81,2.28
1991-04-08,0.26,28.83,53.17,3.08
1991-04-09,0.0,29.38,44.83,2.38
1991-04-10,0.0,30.17,40.46,2.64
1991-04-11,0.0,30.61,37.84,2.69
1991-04-12,0.0,30.35,41.68,2.53
1991-04-13,0.0,30.75,48.69,2.15
1991-04-14,0.0,31.89,42.55,1.97
1991-04-15,0.0,31.28,43.65,2.64
1991-04-16,0.0,29.67,50.12,2.51
1991-04-17,0.7,32.09,41.63,1.8
1991-04-18,0.03,32.48,43.22,2.39
1991-04-19,0.0,30.5,52.76,3.91
1991-04-20,0.0,29.55,51.6,3.56
1991-04-21,0.0,29.79,52.92,3.45
1991-04-22,0.0,30.41,47.75,3.05
1991-04-23,0.0,30.53,47.66,3.1
1991-04-24,0.0,30.59,49.91,2.99
1991-04-25,0.0,29.73,55.6,3.12
1991-04-26,0.77,30.14,54.47,2.65
1991-04-27,0.03,30.98,52.72,2.52
1991-04-28,0.0,31.19,50.86,3.82
1991-04-29,0.0,30.11,53.58,4.37
1991-04-30,0.25,29.63,53.13,4.36
1991-05-01,0.34,29.89,54.83,4.38
1991-05-02,0.0,30.54,51.48,4.11
1991-05-03,0.0,30.4,51.35,3.83
1991-05-04,0.0,30.84,49.08,3.17
1991-05-05,0.0,30.38,50.61,3.3
1991-05-06,0.0,29.78,55.27,4.04
1991-05-07,0.0,30.03,57.13,3.93
1991-05-08,0.0,30.17,56.27,3.54
1991-05-09,0.0,30.21,55.54,4.08
1991-05-10,0.0,30.32,53.8,3.92
1991-05-11,0.0,30.08,49.91,1.65
1991-05-12,0.0,31.23,48.86,1.73
1991-05-13,0.0,29.18,57.22,3.27
1991-05-14,1.03,29.3,54.56,2.39
1991-05-15,5.2,29.45,57.47,1.81
1991-05-16,2.51,30.5,57.27,1.87
1991-05-17,0.0,30.21,55.52,2.76
1991-05-18,0.0,29.39,56.07,3.0
1991-05-19,0.0,29.84,49.77,1.88
1991-05-20,0.41,30.79,44.23,1.87
1991-05-21,0.32,31.43,50.68,3.53
1991-05-22,3.77,28.81,61.04,3.56
1991-05-23,0.89,30.18,56.63,3.15
1991-05-24,0.0,29.52,61.04,4.43
1991-05-25,0.0,29.79,54.84,4.18
1991-05-26,0.0,29.75,59.06,3.5
1991-05-27,0.0,29.89,56.27,2.21
1991-05-28,0.0,31.53,47.84,2.22
1991-05-29,0.0,32.16,47.81,2.35
1991-05-30,0.0,30.59,58.14,3.92
1991-05-31,1.06,29.91,60.1,3.98
1991-06-01,0.5,30.15,59.86,3.16
1991-06-02,4.9,31.02,57.08,2.39
1991-06-03,8.24,28.25,68.7,3.79
1991-06-04,7.04,27.91,67.51,2.88
1991-06-05,19.14,26.39,79.85,3.0
1991-06-06,96.15,24.77,91.36,4.71
1991-06-07,36.58,24.14,88.48,5.5
1991-06-08,62.0,24.16,89.36,6.22
1991-06-09,39.03,25.12,88.14,6.17
1991-06-10,31.05,24.93,86.82,6.51
1991-06-11,25.54,25.32,86.75,6.0
1991-06-12,3.41,25.0,89.26,5.57
1991-06-13,2.88,24.77,88.85,5.13
1991-06-14,2.65,24.5,80.21,3.81
1991-06-15,0.59,23.91,83.82,3.28
1991-06-16,47.75,24.05,88.42,3.96
1991-06-17,30.06,24.19,88.01,4.98
1991-06-18,3.12,23.42,88.55,5.4
1991-06-19,10.06,23.57,88.44,5.6
1991-06-20,7.79,24.05,86.14,5.29
1991-06-21,1.31,24.93,85.5,4.4
1991-06-22,3.3,24.23,89.12,2.84
1991-06-23,1.74,23.89,89.57,2.9
1991-06-24,7.29,23.42,88.63,3.5
1991-06-25,5.01,22.43,89.2,3.98
1991-06-26,12.75,23.03,87.87,4.77
1991-06-27,37.16,22.61,89.2,4.21
1991-06-28,19.03,22.95,88.69,4.28
1991-06-29,11.61,22.58,87.78,4.5
1991-06-30,7.24,22.83,87.73,3.95
1991-07-01,3.08,22.75,88.1,4.55
1991-07-02,4.39,22.99,88.59,4.45
1991-07-03,3.61,22.12,87.05,4.68
1991-07-04,15.32,21.67,86.98,4.66
1991-07-05,2.19,23.07,87.1,4.74
1991-07-06,4.81,21.92,86.94,5.04
1991-07-07,14.84,22.07,87.43,5.17
1991-07-08,29.76,22.41,91.2,4.58
1991-07-09,26.49,22.25,88.9,5.45
1991-07-10,21.7,22.24,91.23,4.28
1991-07-11,16.86,22.93,91.99,4.84
1991-07-12,15.81,22.8,91.73,6.16
1991-07-13,13.52,22.85,89.65,6.14
1991-07-14,11.93,23.21,89.09,6.45
1991-07-15,18.9,22.35,88.54,6.84
1991-07-16,29.02,22.45,91.57,6.6
1991-07-17,33.21,22.76,90.25,6.32
1991-07-18,22.94,22.77,89.52,5.78
1991-07-19,10.47,22.57,89.39,5.54
1991-07-20,8.94,23.37,88.7,5.02
1991-07-21,12.7,23.24,88.46,5.51
1991-07-22,17.1,23.17,88.28,5.95
1991-07-23,11.08,23.45,88.07,5.73
1991-07-24,9.06,23.49,88.51,6.16
1991-07-25,4.68,23.72,87.69,6.3
1991-07-26,8.97,23.27,88.45,7.29
1991-07-27,26.39,22.67,88.2,7.85
1991-07-28,20.24,22.79,89.22,7.47
1991-07-29,13.89,23.03,90.49,7.09
1991-07-30,8.27,23.7,89.91,6.59
1991-07-31,11.68,23.27,89.01,5.18
1991-08-01,14.27,22.99,90.13,4.35
1991-08-02,22.38,22.07,91.03,3.72
1991-08-03,12.28,23.01,88.98,4.1
1991-08-04,5.01,22.42,90.08,4.0
1991-08-05,7.02,22.27,89.38,3.96
1991-08-06,13.91,22.41,91.11,4.25
1991-08-07,13.66,22.09,91.42,4.47
1991-08-08,11.87,22.43,89.21,4.75
1991-08-09,11.61,22.92,89.06,4.72
1991-08-10,3.1,23.14,88.55,4.47
1991-08-11,8.31,23.09,88.82,4.56
1991-08-12,7.6,23.28,89.18,4.87
1991-08-13,16.28,23.33,89.25,5.15
1991-08-14,23.89,22.51,89.95,5.79
1991-08-15,15.55,22.56,88.57,5.5
1991-08-16,7.29,22.87,89.2,5.33
1991-08-17,18.07,23.21,88.46,5.24
1991-08-18,12.72,23.12,88.96,4.67
1991-08-19,10.11,22.94,88.8,4.91
1991-08-20,4.91,22.71,88.59,5.05
1991-08-21,2.52,23.03,88.23,4.77
1991-08-22,6.46,23.14,88.77,4.71
1991-08-23,7.53,22.97,88.52,4.92
1991-08-24,4.87,22.89,87.76,5.42
1991-08-25,5.17,22.89,87.38,4.94
1991-08-26,4.06,23.36,87.31,4.03
1991-08-27,2.78,23.12,87.13,3.79
1991-08-28,1.67,23.0,86.68,3.94
1991-08-29,3.3,22.73,87.39,3.92
1991-08-30,2.37,22.9,86.49,3.89
1991-08-31,3.84,22.66,87.67,3.05
1991-09-01,1.68,23.06,85.4,2.76
1991-09-02,0.23,23.27,84.29,2.91
1991-09-03,0.14,23.38,82.69,2.54
1991-09-04,0.04,23.83,79.74,2.6
1991-09-05,0.02,24.04,82.4,2.76
1991-09-06,0.06,23.53,82.21,3.04
1991-09-07,0.09,23.18,81.76,3.34
1991-09-08,0.24,23.49,81.6,3.06
1991-09-09,0.35,23.93,80.15,2.79
1991-09-10,0.07,24.13,79.35,2.61
1991-09-11,0.01,24.48,78.04,2.49
1991-09-12,15.37,24.44,82.58,1.76
1991-09-13,9.36,23.97,86.6,1.85
1991-09-14,10.41,23.79,88.75,0.81
1991-09-15,7.4,23.9,87.96,1.71
1991-09-16,1.16,22.86,88.2,2.46
1991-09-17,14.06,23.38,86.05,2.69
1991-09-18,1.56,22.8,84.86,3.01
1991-09-19,0.28,22.63,83.64,3.06
1991-09-20,0.2,22.54,84.92,2.31
1991-09-21,0.75,22.85,87.12,2.12
1991-09-22,4.19,23.59,85.0,2.96
1991-09-23,5.34,24.24,86.72,3.14
1991-09-24,7.81,23.28,89.41,2.97
1991-09-25,4.98,23.74,84.94,2.2
1991-09-26,3.96,25.07,81.99,1.55
1991-09-27,4.9,25.57,82.21,1.05
1991-09-28,3.66,25.75,80.99,1.38
1991-09-29,2.56,25.94,75.92,1.36
1991-09-30,0.29,25.76,73.82,1.1
1991-10-01,17.44,25.03,81.85,1.63
1991-10-02,8.72,24.72,84.22,1.15
1991-10-03,3.09,25.11,79.38,0.84
1991-10-04,4.81,24.58,80.52,1.09
1991-10-05,3.18,23.43,91.32,1.78
1991-10-06,4.34,23.56,85.75,2.51
1991-10-07,1.61,24.42,82.35,2.36
1991-10-08,0.08,24.67,82.92,2.13
1991-10-09,2.95,24.63,84.5,1.78
1991-10-10,2.54,23.91,86.47,1.77
1991-10-11,3.61,23.94,83.53,2.19
1991-10-12,2.15,23.48,86.01,2.08
1991-10-13,0.0,24.05,82.44,2.47
1991-10-14,3.51,23.21,83.92,2.26
1991-10-15,0.45,22.96,85.37,1.33
1991-10-16,1.19,23.2,82.24,2.07
1991-10-17,0.42,23.35,78.97,2.06
1991-10-18,1.4,23.97,78.63,2.14
1991-10-19,2.19,24.37,76.11,2.05
1991-10-20,0.47,24.56,74.2,2.29
1991-10-21,0.15,24.97,72.01,2.09
1991-10-22,0.02,24.68,74.39,2.58
1991-10-23,1.01,24.75,71.81,2.8
1991-10-24,0.2,24.43,72.93,2.62
1991-10-25,0.01,23.48,65.72,1.69
1991-10-26,0.08,22.08,59.58,1.24
1991-10-27,0.0,23.27,67.18,1.1
1991-10-28,0.0,24.04,76.91,2.2
1991-10-29,3.64,23.3,83.82,2.96
1991-10-30,16.15,23.41,84.85,3.06
1991-10-31,12.01,21.77,89.6,2.7
1991-11-01,3.87,21.53,90.49,2.53
1991-11-02,0.79,22.56,87.78,1.95
1991-11-03,0.29,23.17,84.25,1.4
1991-11-04,3.77,23.96,82.92,0.66
1991-11-05,1.61,23.64,77.08,1.63
1991-11-06,0.92,22.21,67.12,1.92
1991-11-07,0.59,21.43,65.79,1.64
1991-11-08,0.01,22.49,71.81,0.64
1991-11-09,0.0,23.13,76.73,2.28
1991-11-10,0.0,23.3,76.11,1.95
1991-11-11,0.0,23.64,76.24,1.77
1991-11-12,0.0,23.23,71.44,2.52
1991-11-13,0.0,22.32,70.93,3.07
1991-11-14,0.0,21.63,69.48,3.16
1991-11-15,0.02,21.07,79.33,3.9
1991-11-16,1.2,21.72,83.16,4.78
1991-11-17,8.06,22.1,86.84,4.27
1991-11-18,3.53,21.67,86.07,3.38
1991-11-19,1.76,22.61,80.95,3.02
1991-11-20,0.5,22.79,78.72,2.87
1991-11-21,0.0,23.01,76.48,3.05
1991-11-22,0.0,22.56,79.11,2.98
1991-11-23,0.0,22.43,76.61,3.86
1991-11-24,0.0,21.65,71.64,3.54
1991-11-25,0.0,22.01,75.65,3.45
1991-11-26,0.0,21.0,68.51,2.77
1991-11-27,0.0,19.64,65.21,2.41
1991-11-28,0.0,19.47,60.19,2.19
1991-11-29,0.0,20.67,56.14,1.76
1991-11-30,0.0,21.53,63.41,1.12
1991-12-01,0.0,21.56,63.38,1.34
1991-12-02,0.0,22.12,66.28,1.15
1991-12-03,0.0,21.61,68.39,3.24
1991-12-04,0.0,19.83,65.41,3.51
1991-12-05,0.0,19.38,65.16,3.22
1991-12-06,0.0,19.4,63.91,3.15
1991-12-07,0.0,19.31,63.55,3.02
1991-12-08,0.0,19.64,63.99,2.98
1991-12-09,0.0,19.81,64.29,3.16
1991-12-10,0.0,20.15,66.73,3.52
1991-12-11,0.0,20.26,67.7,3.62
1991-12-12,0.0,20.85,75.38,3.67
1991-12-13,0.0,21.1,67.5,4.0
1991-12-14,0.0,21.28,66.68,4.24
1991-12-15,0.0,20.12,67.76,4.19
1991-12-16,0.0,20.55,66.49,3.99
1991-12-17,0.0,20.75,58.76,3.23
1991-12-18,0.0,20.36,59.42,2.68
1991-12-19,0.0,22.55,65.54,1.59
1991-12-20,0.0,22.26,64.54,2.3
1991-12-21,0.0,22.69,62.8,2.77
1991-12-22,0.0,23.28,65.79,1.36
1991-12-23,0.0,23.6,64.19,0.88
1991-12-24,0.0,22.55,72.15,1.97
1991-12-25,0.0,21.32,74.85,2.22
1991-12-26,0.0,20.22,73.19,1.98
1991-12-27,0.0,20.65,69.58,1.67
1991-12-28,0.0,20.8,67.63,1.23
1991-12-29,0.0,21.27,72.69,1.75
1991-12-30,0.0,21.19,73.43,1.98
1991-12-31,0.0,21.01,73.44,2.01
1992-01-01,0.0,21.91,59.68,1.92
1992-01-02,0.0,22.38,62.4,3.45
1992-01-03,0.0,21.53,60.64,4.2
1992-01-04,0.0,21.98,56.37,3.74
1992-01-05,0.0,19.9,51.84,3.06
1992-01-06,0.0,19.97,42.69,2.75
1992-01-07,0.0,19.95,36.76,2.4
1992-01-08,0.0,19.97,33.63,2.67
1992-01-09,0.0,20.0,36.0,2.38
1992-01-10,0.0,20.36,48.03,2.3
1992-01-11,0.0,20.91,50.02,2.39
1992-01-12,0.0,20.59,49.35,3.09
1992-01-13,0.0,20.91,48.55,3.54
1992-01-14,0.0,20.39,47.57,3.59
1992-01-15,0.0,20.88,51.95,3.28
1992-01-16,0.0,21.05,48.9,3.23
1992-01-17,0.0,20.87,46.37,2.97
1992-01-18,0.0,21.05,46.57,3.29
1992-01-19,0.0,21.45,45.84,3.12
1992-01-20,0.0,21.54,47.72,3.38
1992-01-21,0.0,22.32,40.49,3.27
1992-01-22,0.0,22.87,44.64,2.9
1992-01-23,0.0,22.55,44.37,2.88
1992-01-24,0.0,22.63,43.07,3.46
1992-01-25,0.0,23.24,45.06,3.79
1992-01-26,0.0,22.66,43.13,4.05
1992-01-27,0.0,21.36,41.83,3.58
1992-01-28,0.0,21.08,39.81,3.49
1992-01-29,0.0,20.95,46.34,3.77
1992-01-30,0.0,21.78,60.11,2.29
1992-01-31,0.0,23.41,60.22,1.2
1992-02-01,0.0,23.46,62.79,1.99
1992-02-02,0.0,23.76,59.61,1.88
1992-02-03,0.0,24.05,55.36,1.5
1992-02-04,0.0,25.15,48.52,1.06
1992-02-05,0.0,26.6,47.5,0.84
1992-02-06,0.0,25.36,58.13,2.51
1992-02-07,0.0,25.52,61.64,1.74
1992-02-08,0.0,25.23,55.73,2.22
1992-02-09,0.0,24.51,46.28,2.05
1992-02-10,0.0,24.48,33.12,1.22
1992-02-11,0.0,25.03,29.12,1.13
1992-02-12,0.0,25.56,50.85,1.16
1992-02-13,0.0,26.45,50.84,1.15
1992-02-14,0.0,26.49,47.34,1.18
1992-02-15,0.0,25.46,46.91,2.18
1992-02-16,0.0,24.49,49.0,2.73
1992-02-17,0.0,23.58,49.78,2.92
1992-02-18,0.0,22.94,54.57,2.49
1992-02-19,0.0,23.45,58.47,2.54
1992-02-20,0.0,23.11,58.07,2.76
1992-02-21,0.0,23.65,57.79,2.16
1992-02-22,0.0,24.46,55.62,2.23
1992-02-23,0.0,25.14,43.3,1.22
1992-02-24,0.0,25.9,28.24,2.07
1992-02-25,0.0,27.33,42.31,2.85
1992-02-26,0.0,27.39,35.81,2.41
1992-02-27,0.0,26.36,33.38,1.86
1992-02-28,0.0,26.68,50.22,1.44
1992-02-29,0.0,26.86,39.7,1.08
1992-03-01,0.0,27.79,23.91,1.71
1992-03-02,0.0,27.92,22.46,1.62
1992-03-03,0.0,27.76,20.96,1.64
1992-03-04,0.0,27.64,36.6,1.16
1992-03-05,0.0,27.64,42.41,1.03
1992-03-06,0.0,27.66,30.69,1.08
1992-03-07,0.0,28.05,23.58,1.16
1992-03-08,0.0,27.65,29.34,1.82
1992-03-09,0.0,26.89,49.99,2.23
1992-03-10,0.0,27.22,43.96,1.2
1992-03-11,0.0,27.63,37.5,0.99
1992-03-12,0.0,28.62,20.6,2.41
1992-03-13,0.0,28.04,29.18,2.09
1992-03-14,0.0,27.92,30.54,2.66
1992-03-15,0.0,27.98,17.16,2.51
1992-03-16,0.0,27.78,27.89,0.98
1992-03-17,0.0,28.71,41.96,1.06
1992-03-18,0.0,28.85,43.1,1.88
1992-03-19,0.0,29.04,36.91,0.9
1992-03-20,0.0,29.43,41.06,1.89
1992-03-21,0.0,29.35,37.21,1.93
1992-03-22,0.0,29.59,37.43,2.53
1992-03-23,0.0,29.78,34.26,2.06
1992-03-24,0.0,29.45,38.42,1.78
1992-03-25,0.0,29.25,43.92,1.36
1992-03-26,0.0,30.19,28.57,2.39
1992-03-27,0.0,29.9,32.4,2.73
1992-03-28,0.0,29.49,47.63,1.75
1992-03-29,0.0,29.39,49.03,2.23
1992-03-30,0.0,29.15,47.85,2.68
1992-03-31,0.0,29.51,41.31,2.35
1992-04-01,0.0,30.04,34.74,1.8
1992-04-02,0.0,29.95,40.54,1.76
1992-04-03,0.0,29.46,44.27,2.15
1992-04-04,0.0,29.71,41.96,1.71
1992-04-05,0.0,29.69,39.92,2.71
1992-04-06,0.0,30.17,37.03,2.5
1992-04-07,0.0,30.65,36.42,1.99
1992-04-08,0.0,31.21,39.38,2.02
1992-04-09,0.03,31.17,45.98,2.16
1992-04-10,0.0,30.49,47.65,3.12
1992-04-11,0.0,30.86,43.1,2.39
1992-04-12,0.0,31.29,32.8,2.05
1992-04-13,0.0,30.84,30.35,2.92
1992-04-14,0.0,30.58,39.39,2.33
1992-04-15,0.0,30.52,44.86,1.79
1992-04-16,0.0,31.27,43.09,1.73
1992-04-17,0.0,31.03,46.27,2.6
1992-04-18,15.02,29.42,55.77,2.65
1992-04-19,0.42,28.96,56.49,1.89
1992-04-20,0.0,29.98,51.23,1.47
1992-04-21,0.0,29.8,52.22,1.53
1992-04-22,0.0,30.77,47.73,1.69
1992-04-23,0.07,30.91,45.16,2.41
1992-04-24,0.14,31.11,44.78,1.9
1992-04-25,0.11,30.51,46.82,2.14
1992-04-26,0.15,30.37,46.69,2.21
1992-04-27,0.44,30.58,43.29,2.17
1992-04-28,25.07,28.32,62.26,2.21
1992-04-29,6.41,28.24,63.38,1.71
1992-04-30,0.05,28.9,58.81,1.37
1992-05-01,0.0,29.24,58.08,1.62
1992-05-02,1.47,28.87,61.87,2.98
1992-05-03,0.8,28.31,60.45,2.97
1992-05-04,3.22,28.74,55.61,2.37
1992-05-05,0.02,29.03,54.77,2.41
1992-05-06,0.11,28.81,60.14,2.38
1992-05-07,5.24,28.59,62.63,2.43
1992-05-08,3.18,26.57,73.09,2.47
1992-05-09,2.33,26.88,69.88,1.89
1992-05-10,4.24,28.13,64.97,2.01
1992-05-11,1.12,28.04,62.9,2.23
1992-05-12,6.15,28.67,61.23,1.89
1992-05-13,1.6,29.22,59.58,1.59
1992-05-14,0.75,28.25,65.73,2.08
1992-05-15,7.64,27.94,66.41,2.42
1992-05-16,5.13,27.1,71.8,3.6
1992-05-17,3.11,24.74,82.63,3.74
1992-05-18,0.41,26.76,68.24,3.9
1992-05-19,0.3,26.86,66.42,4.43
1992-05-20,0.04,26.86,63.91,4.56
1992-05-21,0.0,27.42,62.92,3.91
1992-05-22,0.0,28.66,60.74,3.83
1992-05-23,0.0,29.11,60.34,4.65
1992-05-24,0.0,28.39,61.9,5.09
1992-05-25,0.01,27.83,61.73,5.14
1992-05-26,0.05,28.12,61.44,5.04
1992-05-27,0.0,28.28,61.86,4.95
1992-05-28,0.07,27.91,62.69,3.3
1992-05-29,0.31,28.33,65.14,2.37
1992-05-30,17.23,27.88,70.54,2.47
1992-05-31,4.68,25.51,78.84,2.76
1992-06-01,0.51,26.29,72.69,3.36
1992-06-02,1.31,25.51,76.81,3.29
1992-06-03,34.97,26.13,74.55,2.34
1992-06-04,3.97,26.44,75.46,2.9
1992-06-05,11.15,25.97,77.62,3.58
1992-06-06,39.52,25.15,84.72,3.03
1992-06-07,4.17,26.23,78.03,3.21
1992-06-08,5.72,26.05,79.54,3.12
1992-06-09,37.88,26.17,81.85,2.04
1992-06-10,9.2,25.7,84.51,2.42
1992-06-11,1.28,26.64,78.7,1.4
1992-06-12,7.21,26.94,75.99,1.32
1992-06-13,3.76,26.81,74.86,1.66
1992-06-14,7.49,24.58,87.89,3.35
1992-06-15,27.94,24.77,84.53,4.39
1992-06-16,19.4,23.83,90.97,6.63
1992-06-17,38.08,23.5,90.42,5.22
1992-06-18,8.54,23.68,88.19,4.9
1992-06-19,16.3,23.52,91.26,4.11
1992-06-20,19.79,23.71,90.18,6.62
1992-06-21,43.26,23.63,87.1,6.85
1992-06-22,16.78,24.44,85.24,6.61
1992-06-23,14.44,24.28,86.6,6.02
1992-06-24,10.46,23.65,87.41,5.04
1992-06-25,4.94,23.65,86.8,4.51
1992-06-26,2.04,23.63,85.88,4.56
1992-06-27,7.87,23.83,87.22,4.9
1992-06-28,5.23,24.37,85.92,5.16
1992-06-29,9.06,23.89,88.44,4.45
1992-06-30,20.71,23.83,88.05,4.56
1992-07-01,18.53,23.6,89.82,4.51
1992-07-02,11.06,23.54,90.4,3.82
1992-07-03,4.06,24.44,87.24,3.62
1992-07-04,7.35,23.71,90.14,3.22
1992-07-05,3.04,23.54,86.32,3.42
1992-07-06,0.05,23.6,85.42,2.92
1992-07-07,1.06,22.88,88.95,3.46
1992-07-08,12.39,22.79,88.61,3.72
1992-07-09,4.58,23.05,88.57,3.13
1992-07-10,3.54,22.61,89.1,3.64
1992-07-11,19.39,22.45,89.6,3.39
1992-07-12,9.12,23.7,88.3,2.43
1992-07-13,21.12,23.73,90.08,3.14
1992-07-14,19.85,22.88,92.17,3.28
1992-07-15,6.34,22.69,89.85,4.36
1992-07-16,10.89,22.11,90.56,4.71
1992-07-17,16.61,22.32,91.67,5.5
1992-07-18,14.91,22.49,91.74,6.02
1992-07-19,8.1,22.98,89.45,6.82
1992-07-20,11.37,23.17,90.69,5.53
1992-07-21,22.35,22.15,91.83,5.38
1992-07-22,24.96,22.23,89.66,5.16
1992-07-23,7.73,22.78,88.19,5.47
1992-07-24,8.57,22.58,88.29,5.94
1992-07-25,9.25,22.69,88.42,5.97
1992-07-26,6.12,23.26,89.15,6.76
1992-07-27,12.86,23.12,90.15,7.05
1992-07-28,9.55,23.5,87.14,6.82
1992-07-29,5.64,23.36,87.11,5.56
1992-07-30,3.01,23.38,86.78,4.49
1992-07-31,10.81,23.07,87.94,4.37
1992-08-01,8.76,22.63,88.55,4.14
1992-08-02,5.86,22.23,90.86,4.2
1992-08-03,8.2,22.58,90.6,4.88
1992-08-04,20.08,23.4,88.62,4.36
1992-08-05,12.52,22.55,90.11,2.87
1992-08-06,29.9,23.23,89.82,2.16
1992-08-07,7.01,23.87,88.88,2.66
1992-08-08,1.49,23.26,89.34,2.16
1992-08-09,3.88,23.05,90.56,3.48
1992-08-10,10.31,22.8,91.3,4.09
1992-08-11,27.98,22.95,90.56,5.28
1992-08-12,21.56,22.43,91.05,5.37
1992-08-13,17.07,22.65,90.32,5.75
1992-08-14,18.82,22.94,89.65,5.74
1992-08-15,9.46,22.76,90.67,5.52
1992-08-16,5.28,23.04,88.41,6.09
1992-08-17,5.35,22.88,88.97,6.09
1992-08-18,16.73,23.11,88.15,6.56
1992-08-19,24.08,23.2,88.84,5.7
1992-08-20,21.4,22.93,90.41,5.27
1992-08-21,7.71,22.91,88.68,5.14
1992-08-22,7.31,22.77,88.7,4.63
1992-08-23,4.24,22.69,88.31,3.68
1992-08-24,2.47,22.84,88.19,3.29
1992-08-25,0.65,22.74,87.64,3.46
1992-08-26,2.35,23.25,86.69,3.75
1992-08-27,4.52,22.65,89.07,4.31
1992-08-28,5.94,22.38,91.5,4.36
1992-08-29,4.62,23.07,87.47,4.21
1992-08-30,8.34,23.03,87.69,4.26
1992-08-31,10.52,23.18,87.85,4.11
1992-09-01,10.35,22.43,90.69,3.99
1992-09-02,6.05,22.86,88.52,4.91
1992-09-03,11.09,22.87,88.51,5.22
1992-09-04,5.2,22.92,87.67,5.01
1992-09-05,4.26,22.72,88.17,4.7
1992-09-06,9.46,22.17,91.3,4.54
1992-09-07,10.52,22.62,89.74,4.73
1992-09-08,6.4,22.8,88.16,4.43
1992-09-09,2.55,23.04,86.53,3.93
1992-09-10,0.69,23.04,85.64,3.09
1992-09-11,0.88,23.23,84.66,3.18
1992-09-12,0.58,22.68,84.73,2.91
1992-09-13,0.28,22.93,82.1,2.78
1992-09-14,0.0,23.25,80.56,2.29
1992-09-15,0.0,23.83,80.03,2.28
1992-09-16,0.28,23.94,81.98,2.14
1992-09-17,0.44,22.76,85.58,2.36
1992-09-18,0.55,23.53,82.52,2.14
1992-09-19,1.43,22.78,87.51,2.65
1992-09-20,1.87,23.68,83.24,1.99
1992-09-21,6.33,24.81,78.21,0.98
1992-09-22,1.2,24.93,77.45,1.26
1992-09-23,0.51,25.35,74.7,1.17
1992-09-24,0.2,25.7,74.03,1.65
1992-09-25,0.0,25.53,73.83,1.6
1992-09-26,0.0,25.53,73.64,1.71
1992-09-27,0.0,26.21,72.04,0.71
1992-09-28,10.09,25.12,80.28,1.34
1992-09-29,6.9,24.07,84.4,2.88
1992-09-30,27.94,23.1,89.42,2.01
1992-10-01,5.89,24.39,81.45,0.84
1992-10-02,4.38,24.82,79.46,1.09
1992-10-03,0.1,25.25,74.59,1.69
1992-10-04,7.21,24.38,81.31,1.13
1992-10-05,22.65,23.02,89.83,1.44
1992-10-06,18.8,23.81,86.79,1.25
1992-10-07,7.38,24.65,81.47,1.24
1992-10-08,0.82,24.16,84.66,1.09
1992-10-09,2.86,24.57,86.25,2.03
1992-10-10,12.61,23.5,89.0,2.78
1992-10-11,3.2,22.75,87.98,2.56
1992-10-12,2.48,22.78,89.2,2.05
1992-10-13,1.13,23.56,86.16,1.97
1992-10-14,0.29,23.42,85.33,2.46
1992-10-15,0.16,23.63,85.69,2.58
1992-10-16,1.02,22.34,83.04,3.11
1992-10-17,0.38,21.52,81.91,2.13
1992-10-18,0.03,22.98,82.26,1.92
1992-10-19,7.56,24.46,78.31,1.15
1992-10-20,0.0,24.71,74.91,1.06
1992-10-21,0.91,24.41,76.88,1.28
1992-10-22,0.07,24.12,80.62,1.13
1992-10-23,5.09,24.36,80.62,1.28
1992-10-24,6.99,23.14,90.14,1.24
1992-10-25,1.07,23.14,90.79,1.17
1992-10-26,0.06,23.38,83.16,1.71
1992-10-27,0.02,24.54,77.35,1.13
1992-10-28,1.52,24.27,77.21,1.57
1992-10-29,3.54,23.47,77.08,1.54
1992-10-30,0.21,23.0,73.37,1.9
1992-10-31,0.0,22.79,67.56,1.17
1992-11-01,0.0,23.4,64.36,1.3
1992-11-02,0.0,23.17,74.1,1.99
1992-11-03,0.41,23.93,73.1,2.15
1992-11-04,0.12,23.92,72.7,1.98
1992-11-05,0.0,24.38,71.94,1.4
1992-11-06,0.0,24.68,68.11,1.88
1992-11-07,0.0,23.51,66.95,1.9
1992-11-08,0.0,23.11,79.17,2.65
1992-11-09,2.82,23.04,74.87,3.11
1992-11-10,0.28,23.57,73.79,2.56
1992-11-11,0.0,24.13,72.0,2.66
1992-11-12,0.01,23.47,71.6,3.39
1992-11-13,0.02,23.66,75.29,3.93
1992-11-14,0.4,23.22,75.73,4.52
1992-11-15,1.28,21.94,84.23,5.13
1992-11-16,30.41,21.63,91.89,4.33
1992-11-17,35.54,21.83,92.39,2.58
1992-11-18,40.56,22.46,89.56,1.58
1992-11-19,17.69,22.56,87.86,1.2
1992-11-20,1.81,22.8,89.54,1.12
1992-11-21,1.0,22.01,90.39,1.92
1992-11-22,0.83,22.12,88.21,1.82
1992-11-23,0.14,21.98,90.11,1.67
1992-11-24,0.36,21.49,82.18,1.95
1992-11-25,0.0,21.42,80.99,2.15
1992-11-26,0.0,21.41,79.6,1.97
1992-11-27,0.0,20.79,75.54,2.73
1992-11-28,0.0,20.72,80.3,3.24
1992-11-29,0.0,21.03,78.21,2.9
1992-11-30,0.0,20.5,79.4,2.61
1992-12-01,0.0,20.29,77.04,2.95
1992-12-02,0.0,19.92,75.9,3.38
1992-12-03,0.0,21.31,77.96,3.11
1992-12-04,0.0,22.04,77.76,3.6
1992-12-05,0.0,21.53,78.97,3.28
1992-12-06,0.0,20.64,71.43,3.65
1992-12-07,0.0,19.44,72.67,3.27
1992-12-08,0.0,18.55,70.38,3.12
1992-12-09,0.0,18.23,70.22,3.33
1992-12-10,0.0,18.44,71.13,2.92
1992-12-11,0.0,18.3,70.31,2.89
1992-12-12,0.0,18.93,69.86,2.57
1992-12-13,0.0,20.19,71.38,2.51
1992-12-14,0.0,20.8,71.11,2.49
1992-12-15,0.0,20.45,68.62,3.13
1992-12-16,0.0,20.09,70.0,3.55
1992-12-17,0.0,20.09,71.16,3.4
1992-12-18,0.0,20.25,70.4,3.11
1992-12-19,0.0,20.64,71.84,3.34
1992-12-20,0.0,20.77,69.3,3.6
1992-12-21,0.0,19.62,67.64,3.62
1992-12-22,0.0,19.17,66.73,3.18
1992-12-23,0.0,19.03,65.32,3.48
1992-12-24,0.0,18.6,63.48,3.22
1992-12-25,0.0,17.87,60.24,2.75
1992-12-26,0.0,17.79,58.31,2.77
1992-12-27,0.0,18.37,58.65,2.64
1992-12-28,0.0,18.6,59.86,2.9
1992-12-29,0.0,18.78,56.66,2.7
1992-12-30,0.0,18.57,58.34,3.3
1992-12-31,0.0,19.2,60.19,3.19
1993-01-01,0.0,19.52,60.52,3.39
1993-01-02,0.0,19.81,60.13,3.39
1993-01-03,0.0,18.54,64.5,3.32
1993-01-04,0.0,19.48,56.92,3.24
1993-01-05,0.0,20.17,50.41,3.69
1993-01-06,0.0,20.17,46.63,2.59
1993-01-07,0.0,21.76,43.89,1.27
1993-01-08,0.0,22.04,45.84,1.0
1993-01-09,0.0,21.48,44.62,2.04
1993-01-10,0.0,21.14,44.82,2.58
1993-01-11,0.0,21.96,51.92,2.74
1993-01-12,0.0,22.84,49.95,2.41
1993-01-13,0.0,23.57,44.05,1.56
1993-01-14,0.0,23.19,44.55,1.42
1993-01-15,0.0,22.86,46.6,1.48
1993-01-16,0.0,22.72,43.08,2.22
1993-01-17,0.0,23.04,42.09,2.47
1993-01-18,0.0,21.99,51.59,1.54
1993-01-19,0.0,21.52,48.1,1.5
1993-01-20,0.0,21.42,60.99,1.13
1993-01-21,0.0,21.88,49.66,0.85
1993-01-22,0.0,23.11,46.21,1.67
1993-01-23,0.0,22.87,45.22,2.4
1993-01-24,0.0,22.89,45.15,3.04
1993-01-25,0.0,23.22,42.87,3.32
1993-01-26,0.0,23.34,41.53,3.11
1993-01-27,0.0,23.34,36.35,2.21
1993-01-28,0.0,24.09,30.37,1.57
1993-01-29,0.0,23.58,34.5,2.13
1993-01-30,0.0,23.78,44.15,2.57
1993-01-31,0.0,23.58,42.9,3.6
1993-02-01,0.0,23.44,45.31,3.76
1993-02-02,0.0,23.2,41.1,3.91
1993-02-03,0.0,22.94,46.46,4.67
1993-02-04,0.0,22.46,54.79,4.8
1993-02-05,0.0,22.35,45.27,3.58
1993-02-06,0.0,22.47,41.11,3.28
1993-02-07,0.0,23.09,38.82,2.31
1993-02-08,0.0,24.31,29.66,1.55
1993-02-09,0.0,24.48,31.69,1.81
1993-02-10,0.0,23.98,39.56,2.31
1993-02-11,0.0,23.76,40.49,3.0
1993-02-12,0.0,23.34,44.68,3.05
1993-02-13,0.0,24.05,44.85,2.56
1993-02-14,0.0,24.69,36.4,1.58
1993-02-15,0.0,25.77,38.35,1.02
1993-02-16,0.0,25.73,55.57,1.93
1993-02-17,0.0,25.71,46.1,2.32
1993-02-18,0.0,25.4,45.8,2.31
1993-02-19,0.0,24.76,41.82,2.41
1993-02-20,0.0,23.67,40.18,1.85
1993-02-21,0.0,23.78,22.9,1.58
1993-02-22,0.0,22.61,13.6,1.95
1993-02-23,0.0,23.72,23.49,1.13
1993-02-24,0.0,24.02,40.43,1.17
1993-02-25,0.0,24.79,35.32,1.74
1993-02-26,0.0,25.26,36.25,1.28
1993-02-27,0.0,25.25,43.67,2.5
1993-02-28,0.0,24.8,57.32,2.27
1993-03-01,0.02,24.94,50.58,1.57
1993-03-02,0.13,25.36,47.74,1.49
1993-03-03,0.02,27.11,43.89,1.37
1993-03-04,0.0,27.56,40.84,2.25
1993-03-05,0.01,27.83,32.47,2.07
1993-03-06,3.16,27.34,34.08,3.08
1993-03-07,0.0,27.82,36.99,2.99
1993-03-08,0.0,28.41,35.23,2.2
1993-03-09,0.19,27.83,44.83,1.51
1993-03-10,1.46,28.18,44.44,1.71
1993-03-11,8.28,27.71,49.16,1.32
1993-03-12,0.86,27.08,56.87,1.87
1993-03-13,0.0,27.04,57.14,2.02
1993-03-14,0.0,26.92,55.61,2.64
1993-03-15,0.0,27.62,51.3,2.11
1993-03-16,0.0,27.47,50.96,2.05
1993-03-17,0.0,27.72,46.72,1.86
1993-03-18,0.0,29.36,40.44,1.57
1993-03-19,0.0,28.53,54.48,2.93
1993-03-20,0.0,28.24,51.07,2.89
1993-03-21,0.0,27.87,51.06,2.03
1993-03-22,0.02,27.78,48.13,2.19
1993-03-23,0.0,27.95,48.91,2.79
1993-03-24,0.0,27.3,53.69,3.63
1993-03-25,0.0,27.42,51.89,3.72
1993-03-26,0.05,26.5,55.64,3.27
1993-03-27,0.0,26.94,52.91,2.87
1993-03-28,0.0,28.01,43.35,1.71
1993-03-29,0.0,28.65,32.42,1.52
1993-03-30,0.0,29.38,45.26,1.89
1993-03-31,0.31,28.0,53.97,3.01
1993-04-01,0.0,28.4,43.43,2.28
1993-04-02,0.0,28.46,40.37,1.81
1993-04-03,0.03,28.7,42.73,1.84
1993-04-04,0.06,29.84,37.81,1.07
1993-04-05,0.0,29.81,36.22,1.84
1993-04-06,0.0,30.72,29.75,1.71
1993-04-07,0.0,30.03,48.07,2.45
1993-04-08,0.0,30.06,42.05,2.62
1993-04-09,0.0,29.79,39.87,2.52
1993-04-10,0.0,29.6,42.19,2.06
1993-04-11,0.04,29.03,47.59,3.06
1993-04-12,0.02,28.26,44.27,3.2
1993-04-13,0.0,28.5,44.5,2.38
1993-04-14,0.0,30.04,40.19,2.59
1993-04-15,0.08,30.6,42.96,2.09
1993-04-16,0.0,30.85,47.17,1.83
1993-04-17,4.12,30.34,48.27,1.35
1993-04-18,0.65,31.13,47.3,1.71
1993-04-19,0.52,30.06,54.03,2.31
1993-04-20,2.06,29.35,55.43,3.23
1993-04-21,1.14,29.91,54.26,1.79
1993-04-22,0.13,30.85,49.49,2.52
1993-04-23,0.0,30.97,49.29,2.61
1993-04-24,2.84,31.03,48.69,1.86
1993-04-25,1.61,30.83,51.29,2.18
1993-04-26,4.43,30.34,54.28,1.93
1993-04-27,1.88,29.72,57.02,2.01
1993-04-28,0.0,30.59,52.05,2.41
1993-04-29,0.83,31.15,48.1,2.58
1993-04-30,0.73,30.32,51.88,2.46
1993-05-01,0.0,30.2,51.78,3.07
1993-05-02,0.0,30.12,50.53,3.67
1993-05-03,0.0,30.76,49.89,3.07
1993-05-04,0.0,30.77,48.91,2.87
1993-05-05,0.0,31.15,48.26,2.45
1993-05-06,0.0,31.03,52.8,2.95
1993-05-07,1.19,30.59,53.27,3.41
1993-05-08,2.28,30.52,52.51,3.22
1993-05-09,4.75,29.48,56.98,3.54
1993-05-10,3.32,30.33,54.76,2.93
1993-05-11,0.3,29.1,59.87,2.87
1993-05-12,0.04,29.43,55.27,3.41
1993-05-13,0.06,29.28,57.1,2.81
1993-05-14,0.0,29.36,54.3,3.67
1993-05-15,1.13,29.56,53.98,3.19
1993-05-16,0.82,28.15,59.63,3.77
1993-05-17,1.46,27.51,61.35,3.31
1993-05-18,3.86,26.47,66.57,2.99
1993-05-19,2.88,25.24,70.99,1.73
1993-05-20,0.02,27.33,64.6,2.41
1993-05-21,0.0,29.18,56.64,2.45
1993-05-22,3.9,27.27,66.87,1.85
1993-05-23,4.4,25.96,76.12,2.32
1993-05-24,6.98,26.47,72.35,3.26
1993-05-25,4.14,27.29,71.68,3.73
1993-05-26,9.4,27.01,75.42,4.17
1993-05-27,15.66,26.34,77.9,4.54
1993-05-28,5.78,26.64,73.57,4.6
1993-05-29,0.5,26.79,70.95,5.08
1993-05-30,0.17,27.11,66.03,4.83
1993-05-31,0.26,27.15,70.15,4.53
1993-06-01,0.1,27.43,69.54,4.13
1993-06-02,0.77,27.15,72.91,3.88
1993-06-03,0.76,26.8,72.68,4.06
1993-06-04,13.39,26.94,74.25,2.53
1993-06-05,13.92,25.9,80.0,3.27
1993-06-06,7.02,26.38,76.93,2.63
1993-06-07,4.32,24.32,85.5,4.43
1993-06-08,19.12,24.06,84.54,3.65
1993-06-09,6.49,25.28,79.31,3.53
1993-06-10,5.25,23.82,86.49,4.95
1993-06-11,4.51,24.56,81.56,4.99
1993-06-12,3.44,24.67,86.03,5.4
1993-06-13,8.94,24.68,85.67,5.67
1993-06-14,32.04,23.69,86.22,5.27
1993-06-15,15.32,23.11,86.9,6.03
1993-06-16,27.03,22.84,85.36,5.99
1993-06-17,19.53,23.02,84.79,5.81
1993-06-18,9.39,22.59,85.23,6.68
1993-06-19,20.23,23.06,84.75,6.17
1993-06-20,5.95,24.28,83.92,5.01
1993-06-21,0.73,23.94,83.56,4.72
1993-06-22,0.2,24.0,84.04,4.44
1993-06-23,1.3,24.7,81.35,4.56
1993-06-24,0.84,24.55,80.53,5.11
1993-06-25,0.27,24.24,82.89,5.82
1993-06-26,1.12,24.8,82.42,5.29
1993-06-27,2.88,25.09,81.58,4.13
1993-06-28,8.19,25.1,80.68,3.86
1993-06-29,4.87,24.55,81.6,3.48
1993-06-30,4.36,23.55,86.13,3.32
1993-07-01,7.42,23.97,87.85,5.24
1993-07-02,12.24,24.02,90.14,4.56
1993-07-03,18.19,23.78,86.84,5.85
1993-07-04,31.28,23.89,86.7,6.05
1993-07-05,20.33,23.76,85.45,4.78
1993-07-06,9.51,23.63,83.88,4.1
1993-07-07,2.91,22.76,86.23,4.48
1993-07-08,3.17,22.49,84.81,4.99
1993-07-09,7.42,23.58,84.86,5.42
1993-07-10,13.57,23.76,85.9,6.49
1993-07-11,36.69,23.68,86.91,7.03
1993-07-12,40.69,23.93,87.16,6.85
1993-07-13,12.55,23.38,89.62,5.78
1993-07-14,11.48,24.14,86.29,6.38
1993-07-15,11.91,23.9,86.26,6.39
1993-07-16,13.01,23.67,87.07,5.86
1993-07-17,8.47,23.66,86.29,4.91
1993-07-18,4.02,23.82,86.37,3.88
1993-07-19,6.14,24.12,85.5,3.01
1993-07-20,1.62,23.56,88.08,1.78
1993-07-21,6.89,23.47,87.4,3.31
1993-07-22,11.1,22.9,89.49,3.97
1993-07-23,9.27,22.64,88.17,4.25
1993-07-24,11.83,21.77,90.69,5.15
1993-07-25,47.51,22.68,90.07,5.01
1993-07-26,70.34,22.27,91.9,4.66
1993-07-27,21.26,22.76,89.67,4.94
1993-07-28,24.25,22.96,88.99,5.48
1993-07-29,16.9,22.16,91.51,5.61
1993-07-30,9.49,22.96,89.84,6.09
1993-07-31,10.46,23.44,89.41,5.82
1993-08-01,13.52,23.06,90.74,5.86
1993-08-02,10.26,22.71,90.98,5.41
1993-08-03,8.88,23.28,88.8,5.38
1993-08-04,11.44,23.13,88.54,4.38
1993-08-05,5.09,22.87,89.51,3.62
1993-08-06,1.26,23.11,87.63,2.87
1993-08-07,6.51,23.28,87.64,2.69
1993-08-08,2.87,22.86,89.2,3.5
1993-08-09,1.75,22.83,90.29,4.62
1993-08-10,3.56,23.4,88.62,5.67
1993-08-11,7.27,22.06,91.12,5.15
1993-08-12,13.82,22.49,89.35,4.89
1993-08-13,13.83,23.09,88.51,4.68
1993-08-14,16.8,22.99,89.86,5.09
1993-08-15,17.44,22.91,89.84,5.4
1993-08-16,11.88,22.9,88.83,4.91
1993-08-17,14.94,23.1,88.24,4.36
1993-08-18,5.66,23.09,88.55,4.06
1993-08-19,1.75,23.12,88.91,4.11
1993-08-20,1.33,23.0,88.01,4.6
1993-08-21,2.62,23.07,87.52,4.35
1993-08-22,4.39,23.17,87.39,4.35
1993-08-23,2.82,23.15,87.73,3.72
1993-08-24,1.68,22.94,87.41,4.09
1993-08-25,5.03,22.93,87.2,3.69
1993-08-26,21.27,23.37,86.7,3.36
1993-08-27,8.58,23.06,88.02,2.93
1993-08-28,23.85,23.57,86.28,2.58
1993-08-29,9.37,22.81,90.82,2.66
1993-08-30,6.07,22.58,91.39,2.96
1993-08-31,2.83,22.09,89.6,3.8
1993-09-01,11.32,20.98,90.7,3.52
1993-09-02,5.82,22.15,87.89,3.45
1993-09-03,4.02,22.6,89.08,3.26
1993-09-04,2.95,22.16,91.31,3.29
1993-09-05,8.31,22.18,91.59,3.64
1993-09-06,9.74,22.34,89.23,3.62
1993-09-07,4.19,22.96,87.51,3.66
1993-09-08,4.6,22.76,87.95,3.4
1993-09-09,2.04,22.9,86.83,3.49
1993-09-10,1.27,23.09,86.82,3.12
1993-09-11,2.31,23.45,85.93,3.09
1993-09-12,1.83,23.19,85.48,2.99
1993-09-13,0.61,23.27,85.32,3.24
1993-09-14,2.95,23.27,84.08,2.96
1993-09-15,1.54,23.32,84.81,2.89
1993-09-16,1.16,23.87,84.39,2.92
1993-09-17,0.04,23.88,81.97,2.98
1993-09-18,0.02,23.11,84.58,2.44
1993-09-19,1.56,23.04,87.7,2.48
1993-09-20,4.96,22.48,87.64,2.05
1993-09-21,2.33,23.25,85.66,3.12
1993-09-22,10.13,23.59,85.99,3.22
1993-09-23,7.93,22.96,89.88,3.21
1993-09-24,4.05,22.78,87.75,3.99
1993-09-25,2.99,22.36,87.0,3.55
1993-09-26,4.67,22.93,87.46,3.06
1993-09-27,6.83,23.34,86.21,3.46
1993-09-28,1.93,23.76,85.29,2.41
1993-09-29,1.0,23.46,86.28,1.55
1993-09-30,3.55,24.83,83.83,0.88
1993-10-01,3.61,24.77,83.45,2.02
1993-10-02,8.0,23.95,86.1,2.41
1993-10-03,6.43,22.75,90.7,1.77
1993-10-04,22.0,23.91,86.36,1.44
1993-10-05,39.82,24.5,81.48,1.0
1993-10-06,8.25,24.39,80.74,1.13
1993-10-07,2.15,23.93,86.35,1.84
1993-10-08,7.82,23.91,82.83,1.47
1993-10-09,31.66,23.19,88.47,1.39
1993-10-10,13.61,23.13,93.16,2.62
1993-10-11,21.12,22.81,91.03,2.94
1993-10-12,4.09,22.46,89.94,1.3
1993-10-13,4.46,23.17,88.35,2.28
1993-10-14,8.12,23.22,89.47,1.31
1993-10-15,3.29,23.02,89.47,1.09
1993-10-16,2.56,23.4,90.31,2.7
1993-10-17,1.75,23.42,91.57,2.18
1993-10-18,35.15,22.86,90.87,1.66
1993-10-19,3.89,23.02,87.67,2.2
1993-10-20,1.02,22.13,85.49,2.61
1993-10-21,0.04,23.11,85.46,2.72
1993-10-22,5.35,22.97,88.41,1.52
1993-10-23,3.33,22.79,88.33,1.26
1993-10-24,0.13,22.39,82.02,1.78
1993-10-25,0.05,21.97,79.95,1.9
1993-10-26,0.0,22.09,79.64,1.97
1993-10-27,0.0,22.86,81.61,1.99
1993-10-28,0.0,23.66,83.88,2.33
1993-10-29,0.0,23.59,83.22,3.03
1993-10-30,0.0,23.02,79.52,3.25
1993-10-31,0.07,23.27,79.97,3.3
1993-11-01,0.09,23.05,82.82,2.98
1993-11-02,0.05,23.71,82.68,2.97
1993-11-03,1.45,23.45,82.42,2.79
1993-11-04,0.55,23.94,81.43,2.65
1993-11-05,0.0,23.98,79.96,3.0
1993-11-06,0.0,23.55,76.29,3.3
1993-11-07,0.0,23.23,78.62,3.6
1993-11-08,0.08,23.52,79.47,4.01
1993-11-09,0.33,21.67,85.11,4.19
1993-11-10,1.34,21.19,90.71,4.27
1993-11-11,6.58,23.57,85.68,4.16
1993-11-12,6.17,24.31,84.02,3.64
1993-11-13,3.84,23.71,82.37,2.65
1993-11-14,0.38,23.11,78.03,1.91
1993-11-15,0.08,23.02,75.89,1.91
1993-11-16,0.62,23.01,80.17,1.51
1993-11-17,0.91,24.02,78.97,0.85
1993-11-18,0.51,23.15,80.07,1.43
1993-11-19,0.03,22.28,75.71,2.34
1993-11-20,0.25,21.24,76.41,2.56
1993-11-21,0.0,21.37,73.19,3.01
1993-11-22,0.0,21.35,75.02,3.1
1993-11-23,0.0,21.32,74.47,3.0
1993-11-24,0.0,21.6,74.07,3.03
1993-11-25,0.0,21.99,80.04,2.4
1993-11-26,0.0,22.53,74.58,2.92
1993-11-27,0.0,21.04,69.07,3.12
1993-11-28,0.0,18.68,64.95,3.39
1993-11-29,0.0,18.99,68.47,3.2
1993-11-30,0.0,19.38,65.95,3.01
1993-12-01,0.0,20.32,73.31,2.97
1993-12-02,0.0,21.64,71.53,2.37
1993-12-03,0.0,20.33,67.48,2.94
1993-12-04,0.0,19.97,71.63,4.56
1993-12-05,7.4,21.33,80.49,3.95
1993-12-06,8.14,23.3,85.89,2.84
1993-12-07,20.15,22.64,83.29,3.0
1993-12-08,1.35,22.03,79.59,2.33
1993-12-09,3.97,22.52,78.03,2.13
1993-12-10,0.0,22.02,76.78,2.52
1993-12-11,0.0,22.13,75.97,2.39
1993-12-12,0.0,22.17,74.51,2.32
1993-12-13,0.0,21.76,74.04,2.36
1993-12-14,0.0,20.87,73.69,2.66
1993-12-15,0.0,20.18,70.66,2.51
1993-12-16,0.0,20.09,71.43,2.98
1993-12-17,0.0,20.53,72.4,3.42
1993-12-18,0.0,20.19,70.12,2.95
1993-12-19,0.0,19.47,64.3,2.29
1993-12-20,0.0,19.47,61.66,1.93
1993-12-21,0.0,20.41,70.74,2.54
1993-12-22,0.0,21.75,76.8,3.89
1993-12-23,0.0,21.24,70.26,3.95
1993-12-24,0.0,19.9,68.17,3.69
1993-12-25,0.0,19.62,66.98,3.68
1993-12-26,0.0,19.32,66.79,3.16
1993-12-27,0.0,17.78,69.98,2.68
1993-12-28,0.0,19.29,67.49,2.1
1993-12-29,0.0,21.5,64.59,2.7
1993-12-30,0.0,21.59,65.29,2.83
1993-12-31,0.0,21.64,65.32,2.89
1994-01-01,0.0,21.54,64.48,3.24
1994-01-02,0.0,21.2,62.62,3.01
1994-01-03,0.0,20.92,64.58,3.49
1994-01-04,0.0,20.92,62.93,3.32
1994-01-05,0.0,20.62,59.05,2.95
1994-01-06,0.0,20.68,59.79,3.64
1994-01-07,0.0,21.48,66.71,3.94
1994-01-08,0.0,21.95,63.53,3.84
1994-01-09,0.0,22.35,59.51,2.78
1994-01-10,0.0,21.53,55.89,2.86
1994-01-11,0.0,21.15,60.49,1.94
1994-01-12,0.0,22.73,64.53,1.2
1994-01-13,0.0,24.59,64.54,0.78
1994-01-14,0.0,24.3,67.71,1.72
1994-01-15,0.0,23.37,72.63,2.02
1994-01-16,0.01,23.85,63.52,1.35
1994-01-17,0.0,24.6,65.91,1.11
1994-01-18,0.15,24.0,69.89,1.85
1994-01-19,1.12,24.07,71.09,1.29
1994-01-20,0.18,24.15,69.34,2.19
1994-01-21,0.32,23.68,60.42,4.08
1994-01-22,0.24,21.73,57.2,4.1
1994-01-23,0.0,21.97,60.26,3.56
1994-01-24,0.0,22.9,55.2,3.65
1994-01-25,0.0,22.91,52.48,3.28
1994-01-26,0.0,23.26,51.04,3.26
1994-01-27,0.0,23.67,47.49,2.91
1994-01-28,0.0,23.48,47.39,2.51
1994-01-29,0.0,23.75,41.64,1.9
1994-01-30,0.0,22.88,47.9,1.79
1994-01-31,0.0,22.99,64.46,2.12
1994-02-01,0.0,23.05,59.88,1.39
1994-02-02,0.0,23.99,50.59,1.53
1994-02-03,0.0,24.02,46.8,3.06
1994-02-04,0.0,23.87,45.57,1.78
1994-02-05,0.0,24.16,52.07,1.45
1994-02-06,0.0,25.14,52.73,1.75
1994-02-07,0.0,25.19,49.02,2.15
1994-02-08,0.0,24.91,60.25,2.17
1994-02-09,0.0,24.98,48.0,2.16
1994-02-10,0.0,25.48,62.45,2.07
1994-02-11,0.05,24.14,61.89,2.44
1994-02-12,0.02,23.4,60.66,1.95
1994-02-13,0.0,24.75,60.34,1.26
1994-02-14,0.0,25.33,65.06,2.14
1994-02-15,3.41,24.94,66.46,1.9
1994-02-16,0.86,25.98,60.63,1.01
1994-02-17,0.19,26.53,53.63,1.01
1994-02-18,0.0,26.04,45.28,1.35
1994-02-19,0.0,26.13,46.04,1.2
1994-02-20,0.0,25.89,51.07,2.63
1994-02-21,0.0,24.71,59.57,2.29
1994-02-22,0.0,23.9,57.11,2.18
1994-02-23,0.0,25.02,47.34,1.03
1994-02-24,0.0,26.27,49.13,2.05
1994-02-25,0.0,26.48,35.89,2.12
1994-02-26,0.0,26.2,31.81,1.96
1994-02-27,0.0,25.42,29.29,2.46
1994-02-28,0.0,25.92,31.2,1.94
1994-03-01,0.0,26.17,30.91,2.12
1994-03-02,0.0,26.27,35.46,1.72
1994-03-03,0.0,26.17,33.27,3.29
1994-03-04,0.0,25.92,30.72,3.87
1994-03-05,0.0,26.16,27.14,2.83
1994-03-06,0.0,26.89,24.64,2.62
1994-03-07,0.0,27.45,24.06,1.65
1994-03-08,0.0,27.86,26.27,1.86
1994-03-09,0.0,28.42,32.95,2.11
1994-03-10,0.0,28.18,35.5,1.87
1994-03-11,0.0,28.19,47.26,1.11
1994-03-12,0.0,28.52,45.81,1.54
1994-03-13,0.0,28.63,47.09,1.69
1994-03-14,0.0,29.38,50.84,1.64
1994-03-15,0.0,29.92,42.78,1.58
1994-03-16,0.0,29.92,34.6,3.29
1994-03-17,0.0,30.09,28.41,3.94
1994-03-18,0.0,30.25,30.86,2.84
1994-03-19,0.0,30.06,36.15,2.27
1994-03-20,0.0,29.07,54.13,3.42
1994-03-21,0.0,27.87,57.06,2.18
1994-03-22,0.0,30.21,45.8,2.12
1994-03-23,0.0,29.3,54.26,3.01
1994-03-24,0.0,29.44,51.81,2.78
1994-03-25,0.0,29.61,49.72,1.86
1994-03-26,0.0,30.0,52.04,2.77
1994-03-27,0.0,29.85,51.54,2.79
1994-03-28,0.0,30.71,46.82,1.3
1994-03-29,0.0,31.33,39.44,1.73
1994-03-30,0.03,31.49,33.46,2.52
1994-03-31,0.01,29.01,56.86,3.32
1994-04-01,0.54,26.88,60.43,3.35
1994-04-02,0.27,28.64,50.95,2.51
1994-04-03,0.03,29.96,47.3,2.04
1994-04-04,0.04,30.49,45.24,2.07
1994-04-05,5.17,30.17,46.26,1.3
1994-04-06,3.87,28.58,53.77,1.85
1994-04-07,4.23,27.31,61.42,2.41
1994-04-08,6.06,27.67,62.56,1.5
1994-04-09,1.2,27.45,63.1,1.62
1994-04-10,0.06,27.1,64.01,1.86
1994-04-11,1.13,26.58,68.83,2.41
1994-04-12,50.66,25.79,77.42,1.6
1994-04-13,7.96,26.62,72.81,1.55
1994-04-14,0.29,27.17,61.99,1.69
1994-04-15,0.01,27.06,52.09,1.77
1994-04-16,0.0,26.95,71.43,2.05
1994-04-17,1.95,27.48,70.34,2.74
1994-04-18,0.5,27.84,65.25,3.02
1994-04-19,0.0,27.4,58.71,2.82
1994-04-20,0.0,27.04,57.5,2.39
1994-04-21,0.0,28.07,58.81,3.08
1994-04-22,0.0,28.46,55.2,2.57
1994-04-23,0.0,28.75,54.68,3.04
1994-04-24,0.0,29.05,51.71,3.09
1994-04-25,0.0,28.88,50.68,2.55
1994-04-26,0.0,29.25,52.51,2.4
1994-04-27,0.0,29.2,55.88,2.5
1994-04-28,0.49,29.82,56.44,2.47
1994-04-29,0.9,29.67,52.38,2.9
1994-04-30,0.01,28.6,50.34,3.3
1994-05-01,0.01,28.31,52.8,3.34
1994-05-02,0.0,28.85,53.28,2.89
1994-05-03,0.0,29.19,50.23,3.13
1994-05-04,0.01,27.95,58.92,2.93
1994-05-05,0.0,29.56,54.05,2.76
1994-05-06,0.05,28.44,58.45,2.92
1994-05-07,3.35,28.65,59.0,3.45
1994-05-08,1.64,28.76,60.38,3.92
1994-05-09,0.12,28.82,58.76,4.58
1994-05-10,0.0,28.6,58.33,4.73
1994-05-11,0.0,29.37,56.31,4.34
1994-05-12,0.0,29.87,55.62,3.82
1994-05-13,0.0,30.63,52.55,3.3
1994-05-14,0.0,30.94,55.03,4.12
1994-05-15,0.0,30.41,56.49,3.6
1994-05-16,1.62,29.95,56.31,4.47
1994-05-17,0.64,29.31,58.95,4.51
1994-05-18,0.02,29.78,53.9,4.04
1994-05-19,0.01,30.7,49.95,3.51
1994-05-20,0.03,31.01,51.8,3.53
1994-05-21,1.51,29.77,59.29,3.43
1994-05-22,4.32,27.79,69.57,4.99
1994-05-23,2.42,27.63,68.54,5.38
1994-05-24,0.0,28.46,62.29,5.2
1994-05-25,0.0,29.14,59.16,4.78
1994-05-26,1.52,29.37,58.67,2.82
1994-05-27,0.12,27.59,63.4,2.18
1994-05-28,9.01,28.78,59.02,2.4
1994-05-29,7.05,27.28,72.7,1.67
1994-05-30,5.41,27.5,73.53,3.54
1994-05-31,5.59,27.5,70.86,2.81
1994-06-01,0.87,26.82,72.12,3.97
1994-06-02,17.91,26.21,78.27,3.4
1994-06-03,23.8,24.86,83.99,3.95
1994-06-04,16.38,24.83,87.4,4.28
1994-06-05,22.79,23.17,85.42,6.05
1994-06-06,35.51,23.15,85.82,3.78
1994-06-07,12.31,23.96,83.82,3.83
1994-06-08,6.46,24.25,82.71,4.67
1994-06-09,16.39,24.01,85.35,5.01
1994-06-10,11.54,23.13,84.15,5.85
1994-06-11,10.11,23.58,87.6,5.36
1994-06-12,11.1,23.6,88.4,5.55
1994-06-13,22.21,23.94,87.86,5.73
1994-06-14,14.6,23.64,85.26,6.72
1994-06-15,15.82,23.16,84.72,6.74
1994-06-16,11.25,24.08,82.82,6.11
1994-06-17,7.04,23.44,85.15,5.08
1994-06-18,4.17,23.73,84.78,4.78
1994-06-19,2.62,23.72,86.18,4.39
1994-06-20,2.06,23.64,84.31,5.15
1994-06-21,1.16,23.53,85.15,4.8
1994-06-22,0.76,24.11,82.23,4.91
1994-06-23,1.73,24.42,81.85,5.06
1994-06-24,1.87,24.23,82.61,5.0
1994-06-25,17.54,24.12,84.02,5.04
1994-06-26,20.96,23.87,84.81,5.27
1994-06-27,15.37,23.0,86.97,5.6
1994-06-28,7.57,23.75,85.04,5.67
1994-06-29,28.12,23.91,86.96,5.07
1994-06-30,21.05,23.48,88.37,5.1
1994-07-01,17.97,23.38,88.58,5.42
1994-07-02,15.42,23.07,89.81,4.71
1994-07-03,26.17,23.16,88.47,4.59
1994-07-04,19.53,22.72,90.21,3.79
1994-07-05,10.15,22.87,87.91,4.6
1994-07-06,6.31,23.11,88.2,4.29
1994-07-07,5.71,22.99,87.28,4.73
1994-07-08,8.59,23.33,87.08,5.22
1994-07-09,7.06,22.95,87.86,5.73
1994-07-10,11.16,22.1,89.21,6.49
1994-07-11,11.41,22.88,87.96,7.34
1994-07-12,30.2,23.17,86.82,7.96
1994-07-13,44.34,22.93,90.19,7.61
1994-07-14,33.41,23.64,88.66,7.13
1994-07-15,35.48,23.7,88.98,7.06
1994-07-16,20.22,23.52,88.87,6.73
1994-07-17,14.29,23.14,89.16,6.3
1994-07-18,9.87,22.69,88.13,6.27
1994-07-19,10.94,22.47,88.98,5.96
1994-07-20,15.3,22.32,89.31,6.28
1994-07-21,15.29,22.29,89.95,5.93
1994-07-22,20.73,22.82,88.45,5.61
1994-07-23,14.22,23.22,87.85,4.91
1994-07-24,15.87,22.99,90.74,4.57
1994-07-25,7.5,23.02,89.45,4.81
1994-07-26,7.23,23.27,87.65,4.85
1994-07-27,68.42,22.79,90.38,5.06
1994-07-28,40.38,22.91,89.57,5.48
1994-07-29,11.98,22.14,92.36,5.48
1994-07-30,15.97,22.35,92.56,5.44
1994-07-31,10.75,22.62,90.44,6.18
1994-08-01,3.35,22.49,88.77,6.21
1994-08-02,5.73,23.01,87.73,5.96
1994-08-03,8.77,23.05,87.82,5.31
1994-08-04,9.44,22.88,87.53,4.95
1994-08-05,7.19,23.02,88.23,4.45
1994-08-06,2.37,23.21,87.28,4.13
1994-08-07,2.02,23.14,87.31,4.27
1994-08-08,0.46,22.6,90.07,3.91
1994-08-09,0.18,22.53,90.43,3.49
1994-08-10,0.47,23.03,87.23,4.13
1994-08-11,0.61,23.21,86.84,4.5
1994-08-12,24.12,22.89,88.97,4.24
1994-08-13,16.43,22.08,90.67,3.25
1994-08-14,6.98,22.73,89.53,2.91
1994-08-15,0.84,23.77,88.44,3.14
1994-08-16,0.34,23.23,88.74,4.27
1994-08-17,2.27,22.24,89.14,5.1
1994-08-18,8.32,22.73,89.19,5.13
1994-08-19,21.2,22.32,92.14,4.83
1994-08-20,17.83,23.01,89.81,3.95
1994-08-21,7.28,23.5,89.91,3.44
1994-08-22,29.34,22.77,92.47,3.51
1994-08-23,18.28,23.17,90.67,3.74
1994-08-24,27.65,22.78,90.56,4.43
1994-08-25,12.82,22.51,90.95,4.44
1994-08-26,4.31,22.5,89.65,5.12
1994-08-27,8.34,21.52,92.93,5.36
1994-08-28,17.11,22.08,90.05,5.52
1994-08-29,16.19,22.17,89.86,5.29
1994-08-30,8.98,22.47,90.29,5.31
1994-08-31,15.05,22.94,88.95,6.0
1994-09-01,12.99,22.73,88.35,6.44
1994-09-02,15.42,22.61,89.04,5.81
1994-09-03,7.95,22.66,89.69,5.16
1994-09-04,5.35,22.56,89.22,5.18
1994-09-05,4.05,22.67,89.03,4.79
1994-09-06,4.41,22.28,88.58,5.12
1994-09-07,4.92,22.42,89.0,4.34
1994-09-08,3.88,22.68,88.98,4.0
1994-09-09,2.51,22.65,88.85,3.59
1994-09-10,1.58,22.6,87.67,3.35
1994-09-11,2.02,23.0,86.83,2.73
1994-09-12,0.5,23.18,85.82,2.53
1994-09-13,0.24,23.17,85.12,2.65
1994-09-14,0.21,21.87,87.98,3.0
1994-09-15,0.74,22.11,85.94,3.21
1994-09-16,0.76,21.91,85.01,3.58
1994-09-17,0.62,20.84,87.41,3.69
1994-09-18,0.01,21.4,84.36,3.61
1994-09-19,0.0,21.67,84.54,3.11
1994-09-20,0.42,21.98,81.47,2.5
1994-09-21,0.47,23.01,81.65,1.85
1994-09-22,0.0,23.16,82.12,1.61
1994-09-23,0.0,23.35,80.66,1.92
1994-09-24,0.0,23.07,77.66,1.7
1994-09-25,0.15,23.05,79.13,2.01
1994-09-26,0.02,23.57,79.39,2.44
1994-09-27,0.25,22.86,84.34,1.92
1994-09-28,22.32,23.85,85.64,1.63
1994-09-29,8.57,24.27,75.68,1.67
1994-09-30,0.06,24.02,79.56,1.22
1994-10-01,0.41,24.5,84.25,1.58
1994-10-02,22.85,23.82,85.96,1.4
1994-10-03,7.6,24.22,84.89,1.38
1994-10-04,22.57,23.65,87.56,2.28
1994-10-05,10.05,22.96,89.37,3.3
1994-10-06,28.03,22.61,92.45,2.19
1994-10-07,2.28,22.44,89.62,1.93
1994-10-08,1.31,23.86,87.06,1.02
1994-10-09,0.47,23.82,89.06,1.76
1994-10-10,12.8,22.76,92.96,1.93
1994-10-11,1.97,23.4,85.79,1.19
1994-10-12,7.31,23.58,82.1,0.7
1994-10-13,14.29,22.34,89.18,1.52
1994-10-14,29.02,22.53,89.99,2.07
1994-10-15,5.04,23.17,89.2,2.01
1994-10-16,2.22,22.4,93.35,1.67
1994-10-17,17.46,21.99,85.77,2.55
1994-10-18,2.11,22.44,86.65,2.66
1994-10-19,1.45,22.63,88.93,2.11
1994-10-20,40.2,22.59,91.11,1.19
1994-10-21,2.31,23.88,83.26,1.98
1994-10-22,0.18,23.79,84.7,1.81
1994-10-23,5.2,23.58,87.72,1.68
1994-10-24,7.07,23.57,87.29,1.36
1994-10-25,3.45,22.93,91.65,1.89
1994-10-26,27.0,22.66,93.93,1.5
1994-10-27,4.5,22.62,91.25,2.59
1994-10-28,0.75,22.95,90.57,3.22
1994-10-29,7.94,23.26,85.92,2.19
1994-10-30,7.68,22.52,89.46,2.82
1994-10-31,1.31,21.99,88.61,3.09
1994-11-01,2.89,20.75,87.48,3.25
1994-11-02,1.22,20.25,89.35,3.0
1994-11-03,0.16,22.59,88.66,2.49
1994-11-04,0.07,23.06,88.28,3.11
1994-11-05,0.2,22.53,87.66,4.28
1994-11-06,1.78,21.73,88.01,3.36
1994-11-07,1.81,22.28,85.89,3.14
1994-11-08,0.88,22.17,85.81,3.48
1994-11-09,0.89,21.83,83.99,3.27
1994-11-10,0.46,22.27,84.83,3.64
1994-11-11,0.03,22.72,82.86,3.19
1994-11-12,0.06,22.79,83.77,2.59
1994-11-13,0.05,22.63,85.69,2.51
1994-11-14,0.83,22.48,85.01,2.41
1994-11-15,0.22,22.64,81.09,2.91
1994-11-16,0.0,22.09,82.1,2.96
1994-11-17,0.0,22.27,82.92,3.18
1994-11-18,0.0,22.46,79.71,3.57
1994-11-19,0.0,22.02,78.83,3.13
1994-11-20,0.0,22.03,78.36,2.69
1994-11-21,0.0,22.18,80.52,2.22
1994-11-22,0.0,22.36,78.82,3.39
1994-11-23,0.0,21.97,76.41,3.67
1994-11-24,0.0,21.14,76.03,3.52
1994-11-25,0.0,21.04,74.9,2.87
1994-11-26,0.0,20.83,71.65,2.02
1994-11-27,0.0,19.81,67.69,1.87
1994-11-28,0.0,19.34,69.4,2.42
1994-11-29,0.0,20.33,66.62,2.14
1994-11-30,0.0,20.6,67.19,1.71
1994-12-01,0.0,21.39,62.37,1.37
1994-12-02,0.0,20.76,63.8,1.7
1994-12-03,0.0,20.11,65.87,2.17
1994-12-04,0.0,19.38,68.88,2.84
1994-12-05,0.0,19.2,71.4,2.72
1994-12-06,0.0,19.34,71.26,2.74
1994-12-07,0.0,19.27,69.83,2.7
1994-12-08,0.0,18.77,68.18,2.45
1994-12-09,0.0,18.49,67.34,2.05
1994-12-10,0.0,18.3,62.62,2.14
1994-12-11,0.0,18.53,62.53,2.12
1994-12-12,0.0,18.62,51.69,2.16
1994-12-13,0.0,17.47,52.95,2.71
1994-12-14,0.0,17.94,61.11,2.69
1994-12-15,0.0,19.8,63.55,2.12
1994-12-16,0.0,20.16,60.13,2.03
1994-12-17,0.0,20.46,64.72,2.05
1994-12-18,0.0,21.5,68.27,2.64
1994-12-19,0.0,22.39,71.22,3.38
1994-12-20,0.01,22.54,72.93,3.74
1994-12-21,0.03,22.97,72.78,3.97
1994-12-22,0.01,22.14,70.05,3.76
1994-12-23,0.0,21.5,66.83,3.24
1994-12-24,0.0,20.07,63.73,3.73
1994-12-25,0.0,20.37,62.82,3.62
1994-12-26,0.0,19.42,66.84,3.36
1994-12-27,0.0,21.1,66.78,2.55
1994-12-28,0.0,21.24,63.95,2.56
1994-12-29,0.0,21.63,64.27,2.88
1994-12-30,0.0,20.77,60.14,2.99
1994-12-31,0.0,19.89,55.05,2.71
1995-01-01,0.0,19.93,55.93,2.77
1995-01-02,0.0,19.91,52.85,2.89
1995-01-03,0.0,19.56,53.83,2.45
1995-01-04,0.0,20.17,64.91,1.93
1995-01-05,0.0,21.49,65.31,2.05
1995-01-06,1.9,21.58,71.66,2.69
1995-01-07,0.9,22.28,72.84,2.14
1995-01-08,0.31,22.29,79.06,2.82
1995-01-09,0.11,20.84,73.08,1.95
1995-01-10,0.03,21.23,69.55,1.74
1995-01-11,1.21,20.3,74.1,1.82
1995-01-12,0.23,19.01,67.84,1.29
1995-01-13,0.0,21.23,67.12,1.9
1995-01-14,0.0,22.58,67.05,2.96
1995-01-15,0.0,21.52,72.41,2.41
1995-01-16,0.76,22.74,73.46,1.6
1995-01-17,2.6,22.31,68.65,3.02
1995-01-18,0.05,21.55,61.69,4.2
1995-01-19,0.0,22.92,66.44,3.26
1995-01-20,0.0,23.32,60.44,2.35
1995-01-21,0.0,23.2,52.63,2.07
1995-01-22,0.0,23.19,50.82,1.78
1995-01-23,0.0,22.39,42.36,1.43
1995-01-24,0.0,20.84,47.61,2.54
1995-01-25,0.0,21.76,55.28,2.41
1995-01-26,0.0,21.51,44.67,3.27
1995-01-27,0.0,21.13,54.67,3.1
1995-01-28,0.0,22.15,58.26,3.51
1995-01-29,0.0,22.13,52.0,3.0
1995-01-30,0.0,22.87,54.17,2.78
1995-01-31,0.0,23.46,54.38,3.1
1995-02-01,0.0,24.08,57.51,3.12
1995-02-02,0.0,24.67,54.03,2.62
1995-02-03,0.0,23.15,54.42,3.11
1995-02-04,0.0,23.85,50.98,3.25
1995-02-05,0.0,24.67,52.46,3.11
1995-02-06,0.0,24.05,51.33,4.27
1995-02-07,0.0,23.76,44.54,4.14
1995-02-08,0.0,23.65,42.6,2.43
1995-02-09,0.0,24.69,43.87,1.33
1995-02-10,0.0,25.86,49.61,1.0
1995-02-11,0.0,25.62,41.01,1.67
1995-02-12,0.0,25.11,39.22,2.42
1995-02-13,0.0,24.0,38.91,2.14
1995-02-14,0.0,24.49,53.96,1.67
1995-02-15,0.0,24.2,53.84,1.55
1995-02-16,0.0,24.65,48.5,1.79
1995-02-17,0.0,24.51,58.33,2.4
1995-02-18,0.0,24.22,63.21,2.1
1995-02-19,0.0,24.95,57.98,2.3
1995-02-20,0.0,25.36,41.85,1.63
1995-02-21,0.0,25.47,35.14,1.23
1995-02-22,0.0,27.02,43.33,1.59
1995-02-23,0.0,25.89,55.82,1.99
1995-02-24,0.0,25.31,42.62,1.48
1995-02-25,0.0,25.03,46.67,1.83
1995-02-26,0.0,25.65,56.83,2.27
1995-02-27,0.0,25.8,53.73,2.38
1995-02-28,0.0,26.43,45.88,1.42
1995-03-01,0.0,27.04,37.11,0.59
1995-03-02,0.0,28.14,31.34,1.85
1995-03-03,0.0,27.82,31.59,1.94
1995-03-04,0.0,27.75,35.85,1.67
1995-03-05,0.0,27.05,52.23,1.98
1995-03-06,0.0,27.44,43.74,1.63
1995-03-07,0.0,27.66,36.54,1.11
1995-03-08,0.0,27.15,33.16,2.66
1995-03-09,0.0,27.15,51.65,1.68
1995-03-10,0.0,27.79,42.78,1.35
1995-03-11,0.0,28.46,43.64,1.69
1995-03-12,0.0,29.0,40.94,1.73
1995-03-13,0.0,29.07,43.05,2.32
1995-03-14,1.3,29.65,41.46,1.67
1995-03-15,0.0,29.64,36.65,2.27
1995-03-16,0.0,29.56,31.79,1.75
1995-03-17,0.0,28.95,47.14,1.86
1995-03-18,0.0,28.79,46.57,1.54
1995-03-19,0.0,29.35,27.86,3.12
1995-03-20,0.0,29.48,28.01,3.92
1995-03-21,0.0,29.39,31.27,3.03
1995-03-22,0.0,29.76,27.62,3.17
1995-03-23,0.0,29.44,29.72,2.41
1995-03-24,0.0,29.99,39.1,1.66
1995-03-25,0.0,29.28,52.55,3.12
1995-03-26,0.11,28.63,46.12,3.25
1995-03-27,0.0,27.37,38.18,2.3
1995-03-28,0.0,27.2,36.34,2.35
1995-03-29,0.0,27.3,45.51,2.05
1995-03-30,0.0,27.82,52.12,2.26
1995-03-31,0.0,28.74,49.75,2.36
1995-04-01,0.0,29.26,48.89,2.5
1995-04-02,0.0,29.78,39.35,1.86
1995-04-03,0.0,31.01,33.35,2.52
1995-04-04,0.0,30.36,29.79,2.06
1995-04-05,0.54,30.23,41.01,2.02
1995-04-06,0.6,30.3,50.2,1.67
1995-04-07,1.27,30.01,47.33,3.01
1995-04-08,0.01,29.15,45.68,3.61
1995-04-09,0.02,27.95,46.76,1.76
1995-04-10,0.0,30.34,36.23,1.95
1995-04-11,0.0,29.86,34.21,1.89
1995-04-12,0.0,29.84,33.85,1.36
1995-04-13,0.0,28.72,52.55,2.68
1995-04-14,0.0,29.02,51.54,2.78
1995-04-15,6.03,29.54,49.51,2.56
1995-04-16,1.72,28.42,51.23,2.03
1995-04-17,1.4,28.82,54.07,1.7
1995-04-18,0.77,30.11,49.08,1.69
1995-04-19,2.18,29.15,55.73,2.05
1995-04-20,0.34,28.74,58.81,1.82
1995-04-21,5.28,27.93,63.59,1.64
1995-04-22,2.1,28.61,62.3,1.32
1995-04-23,1.06,29.46,58.24,1.63
1995-04-24,0.83,29.6,56.82,1.37
1995-04-25,1.01,30.2,56.07,1.54
1995-04-26,0.06,31.11,47.93,1.83
1995-04-27,0.0,31.34,39.12,2.47
1995-04-28,1.16,30.84,39.35,2.03
1995-04-29,0.36,30.33,44.63,1.41
1995-04-30,4.61,30.07,50.93,2.04
1995-05-01,8.83,28.43,64.51,2.23
1995-05-02,3.89,29.1,60.47,1.98
1995-05-03,0.0,28.19,61.13,1.51
1995-05-04,0.65,29.0,59.1,1.83
1995-05-05,2.75,28.16,63.0,1.87
1995-05-06,3.48,27.82,59.72,2.91
1995-05-07,6.33,26.67,62.93,3.53
1995-05-08,5.98,24.98,72.49,1.92
1995-05-09,2.45,27.28,70.41,3.27
1995-05-10,26.02,25.96,79.1,4.37
1995-05-11,21.44,25.53,79.92,4.81
1995-05-12,5.49,25.11,77.87,5.06
1995-05-13,0.15,25.72,76.99,4.95
1995-05-14,5.99,25.24,79.34,5.2
1995-05-15,1.54,24.63,78.76,5.82
1995-05-16,0.14,25.2,75.03,5.35
1995-05-17,0.01,25.99,71.85,4.17
1995-05-18,0.0,25.96,67.43,3.68
1995-05-19,0.05,25.98,65.48,3.02
1995-05-20,0.0,25.89,65.43,2.73
1995-05-21,0.06,26.35,64.45,3.54
1995-05-22,0.11,26.58,66.82,3.49
1995-05-23,0.03,26.62,62.71,3.26
1995-05-24,0.01,26.9,61.99,3.04
1995-05-25,0.23,27.54,63.5,3.14
1995-05-26,1.88,27.51,65.82,2.57
1995-05-27,2.88,27.34,69.88,2.36
1995-05-28,0.27,26.83,73.87,2.61
1995-05-29,0.0,27.05,74.02,2.66
1995-05-30,16.63,26.61,77.35,2.85
1995-05-31,24.89,24.44,86.1,3.15
1995-06-01,4.35,26.03,78.92,3.28
1995-06-02,0.15,26.89,75.44,4.34
1995-06-03,0.0,27.21,74.85,3.98
1995-06-04,0.1,25.63,76.32,3.91
1995-06-05,0.82,25.15,74.92,3.93
1995-06-06,0.41,25.4,79.66,4.24
1995-06-07,0.0,26.64,74.45,4.77
1995-06-08,0.0,26.28,75.39,4.33
1995-06-09,1.73,26.9,73.02,4.41
1995-06-10,2.55,26.17,77.99,4.24
1995-06-11,5.44,25.54,80.92,4.1
1995-06-12,10.54,24.89,84.53,3.69
1995-06-13,39.95,24.08,87.16,5.4
1995-06-14,24.99,23.77,81.78,4.74
1995-06-15,12.71,23.0,87.58,3.18
1995-06-16,10.3,24.2,87.57,3.98
1995-06-17,9.84,23.66,84.72,4.31
1995-06-18,5.29,23.61,82.83,4.34
1995-06-19,3.61,24.14,81.12,4.26
1995-06-20,1.44,23.93,82.37,4.51
1995-06-21,3.71,23.54,82.52,4.75
1995-06-22,10.8,22.92,86.14,5.25
1995-06-23,22.99,23.71,86.3,4.18
1995-06-24,24.22,22.52,86.42,4.31
1995-06-25,17.14,23.3,83.82,3.91
1995-06-26,7.99,23.33,86.26,3.78
1995-06-27,6.83,22.51,84.74,4.43
1995-06-28,9.41,23.62,86.13,4.51
1995-06-29,22.14,24.3,86.47,3.53
1995-06-30,12.49,22.5,89.07,4.4
1995-07-01,11.83,22.78,88.54,5.04
1995-07-02,8.77,23.46,89.75,4.34
1995-07-03,5.6,23.5,88.58,4.01
1995-07-04,3.34,23.36,87.67,3.38
1995-07-05,3.75,24.39,86.19,3.54
1995-07-06,5.95,24.51,84.87,4.29
1995-07-07,38.48,22.88,89.3,4.54
1995-07-08,20.18,22.14,89.93,4.77
1995-07-09,13.86,23.69,89.13,4.85
1995-07-10,13.31,23.52,90.75,5.39
1995-07-11,26.98,23.62,89.52,5.5
1995-07-12,22.12,23.43,89.84,5.51
1995-07-13,14.34,23.32,89.46,4.8
1995-07-14,10.67,23.0,90.65,4.19
1995-07-15,11.46,23.13,89.65,4.86
1995-07-16,10.62,23.02,88.93,5.48
1995-07-17,19.37,22.68,89.82,6.16
1995-07-18,12.13,22.56,88.58,6.61
1995-07-19,19.97,22.74,88.36,6.98
1995-07-20,15.3,22.47,89.87,6.08
1995-07-21,21.66,23.04,89.26,5.79
1995-07-22,17.8,22.7,88.87,4.93
1995-07-23,8.21,23.34,88.84,4.29
1995-07-24,15.04,23.41,89.47,3.99
1995-07-25,13.68,22.93,90.09,4.33
1995-07-26,13.6,23.04,89.36,3.88
1995-07-27,16.14,23.47,90.25,4.04
1995-07-28,16.38,23.96,88.65,3.18
1995-07-29,12.04,23.91,88.68,3.55
1995-07-30,11.88,23.27,92.54,3.7
1995-07-31,17.51,23.14,92.53,4.32
1995-08-01,16.88,23.57,88.96,4.99
1995-08-02,12.29,23.24,89.8,5.14
1995-08-03,5.91,22.93,90.79,4.88
1995-08-04,5.06,23.27,88.4,4.22
1995-08-05,3.32,23.7,88.0,3.78
1995-08-06,2.37,23.82,87.79,3.82
1995-08-07,1.72,23.7,86.53,4.39
1995-08-08,1.05,22.76,90.12,4.58
1995-08-09,3.8,23.75,86.64,4.28
1995-08-10,8.03,24.44,85.82,3.0
1995-08-11,6.95,23.53,90.13,2.03
1995-08-12,25.2,23.26,91.62,2.84
1995-08-13,8.0,23.25,89.62,3.44
1995-08-14,8.45,23.04,91.1,3.23
1995-08-15,13.23,23.47,88.9,3.62
1995-08-16,7.63,23.75,87.49,2.9
1995-08-17,4.32,23.85,87.14,3.09
1995-08-18,1.17,24.06,87.33,2.93
1995-08-19,2.87,23.43,89.38,2.58
1995-08-20,7.79,24.14,86.42,2.68
1995-08-21,1.66,24.33,84.73,2.9
1995-08-22,0.14,24.31,84.12,2.86
1995-08-23,0.04,24.02,84.82,3.1
1995-08-24,2.12,24.03,84.42,3.04
1995-08-25,1.31,23.96,86.12,2.81
1995-08-26,12.83,23.78,88.62,3.35
1995-08-27,27.24,22.88,90.95,3.9
1995-08-28,13.42,23.34,90.45,4.39
1995-08-29,10.27,23.12,90.42,5.06
1995-08-30,14.56,23.26,91.92,5.47
1995-08-31,20.42,23.35,92.51,6.21
1995-09-01,20.37,23.66,89.41,6.57
1995-09-02,11.81,23.55,88.42,6.63
1995-09-03,6.83,23.11,88.65,5.67
1995-09-04,9.51,22.91,88.47,4.45
1995-09-05,4.98,23.31,86.82,3.63
1995-09-06,4.79,23.35,86.45,3.89
1995-09-07,9.37,23.32,86.86,3.28
1995-09-08,2.24,23.11,87.1,2.88
1995-09-09,0.11,23.42,85.13,2.34
1995-09-10,0.06,23.7,78.96,2.15
1995-09-11,0.82,23.41,83.15,1.74
1995-09-12,6.99,23.8,86.35,2.47
1995-09-13,3.34,23.09,86.36,3.31
1995-09-14,3.56,23.76,86.41,3.35
1995-09-15,2.74,24.51,85.55,3.3
1995-09-16,6.43,24.74,85.92,3.23
1995-09-17,12.3,23.47,91.22,3.18
1995-09-18,4.57,23.46,87.43,3.04
1995-09-19,1.47,23.72,86.21,2.96
1995-09-20,0.22,24.46,83.0,2.93
1995-09-21,1.19,24.54,82.94,2.86
1995-09-22,0.18,24.02,82.95,3.06
1995-09-23,0.36,23.85,82.67,2.72
1995-09-24,0.41,23.79,82.89,2.55
1995-09-25,0.21,23.97,83.52,2.86
1995-09-26,0.59,23.19,84.64,2.58
1995-09-27,1.47,23.75,84.22,2.63
1995-09-28,1.58,23.12,87.11,1.8
1995-09-29,0.15,23.14,86.96,2.17
1995-09-30,9.39,24.23,83.2,1.38
1995-10-01,3.8,24.86,83.28,1.25
1995-10-02,1.53,24.78,82.22,2.01
1995-10-03,0.14,23.79,84.46,2.25
1995-10-04,1.54,24.68,81.09,2.12
1995-10-05,10.09,25.06,78.64,1.02
1995-10-06,0.3,25.9,73.63,0.96
1995-10-07,0.05,25.69,73.86,1.3
1995-10-08,0.02,25.66,72.12,1.08
1995-10-09,0.86,23.38,83.1,1.91
1995-10-10,11.92,22.82,88.14,2.86
1995-10-11,10.36,22.75,87.39,3.24
1995-10-12,14.48,23.63,87.49,3.14
1995-10-13,10.94,23.71,85.8,2.62
1995-10-14,5.5,23.32,86.69,2.61
1995-10-15,1.26,22.84,86.62,1.86
1995-10-16,0.07,23.04,81.65,2.01
1995-10-17,0.04,24.1,83.62,2.26
1995-10-18,12.65,23.47,88.78,3.06
1995-10-19,14.7,23.02,91.97,2.63
1995-10-20,4.3,23.84,84.81,1.54
1995-10-21,0.64,24.21,78.0,1.53
1995-10-22,0.16,24.51,78.49,1.19
1995-10-23,11.07,24.34,80.71,2.67
1995-10-24,1.26,23.93,79.65,3.31
1995-10-25,0.28,23.31,75.7,3.39
1995-10-26,0.11,23.62,78.91,3.07
1995-10-27,0.56,24.21,79.45,2.99
1995-10-28,2.68,24.65,78.21,2.84
1995-10-29,0.26,24.69,76.0,2.46
1995-10-30,0.05,24.75,74.31,1.32
1995-10-31,0.0,25.05,74.21,1.1
1995-11-01,0.3,24.12,68.57,1.82
1995-11-02,0.0,22.73,69.47,1.87
1995-11-03,0.0,22.01,65.93,2.11
1995-11-04,0.0,22.24,68.89,1.19
1995-11-05,0.0,23.52,76.93,1.35
1995-11-06,0.0,24.33,75.45,2.81
1995-11-07,2.59,23.63,70.68,2.46
1995-11-08,0.11,21.88,66.14,1.75
1995-11-09,0.12,21.24,69.44,1.62
1995-11-10,0.0,21.39,74.68,1.74
1995-11-11,0.0,22.4,70.66,1.22
1995-11-12,0.0,22.97,73.38,2.17
1995-11-13,0.02,24.26,64.67,2.05
1995-11-14,0.0,22.36,58.33,2.57
1995-11-15,0.0,21.84,57.0,1.99
1995-11-16,0.0,20.95,61.65,1.32
1995-11-17,0.0,21.44,60.31,1.08
1995-11-18,0.0,22.79,63.44,1.04
1995-11-19,0.04,22.33,69.61,1.04
1995-11-20,2.49,23.19,77.08,1.27
1995-11-21,0.02,24.43,72.92,1.77
1995-11-22,2.6,23.29,79.39,1.8
1995-11-23,1.72,23.45,80.82,1.32
1995-11-24,13.18,22.63,80.82,1.48
1995-11-25,8.69,22.49,82.12,1.13
1995-11-26,0.23,22.01,81.42,0.93
1995-11-27,0.38,22.43,80.13,0.91
1995-11-28,0.04,21.61,82.09,1.05
1995-11-29,0.0,22.79,71.2,0.86
1995-11-30,0.0,22.42,67.78,1.01
1995-12-01,0.0,21.73,66.29,2.01
1995-12-02,0.0,21.2,66.26,2.17
1995-12-03,0.0,21.06,67.05,2.26
1995-12-04,0.0,21.22,67.58,2.61
1995-12-05,4.58,22.03,68.74,2.47
1995-12-06,0.0,21.84,69.37,2.34
1995-12-07,0.0,21.14,68.6,2.9
1995-12-08,0.0,20.71,66.72,3.06
1995-12-09,0.0,19.22,59.52,2.66
1995-12-10,0.0,20.05,63.35,2.2
1995-12-11,0.0,21.47,67.25,3.06
1995-12-12,0.0,20.38,58.99,3.33
1995-12-13,0.0,20.1,62.28,2.95
1995-12-14,0.0,20.56,59.28,2.66
1995-12-15,0.0,20.82,56.42,2.61
1995-12-16,0.0,20.47,58.32,3.2
1995-12-17,0.0,20.53,57.4,3.21
1995-12-18,0.0,20.7,56.92,3.12
1995-12-19,0.0,20.95,58.16,3.63
1995-12-20,0.0,21.12,58.08,3.43
1995-12-21,0.0,20.67,56.29,3.45
1995-12-22,0.0,20.75,55.14,3.2
1995-12-23,0.0,20.96,52.98,2.68
1995-12-24,0.0,21.08,56.15,1.75
1995-12-25,0.0,21.55,56.12,1.51
1995-12-26,0.0,21.48,55.39,3.17
1995-12-27,0.0,20.92,53.12,3.36
1995-12-28,0.0,20.91,55.39,3.3
1995-12-29,0.0,21.26,58.11,3.29
1995-12-30,0.0,21.41,57.0,2.27
1995-12-31,0.0,21.23,56.28,1.8
1996-01-01,0.0,21.88,56.75,1.79
1996-01-02,0.0,22.1,53.52,2.18
1996-01-03,0.0,22.52,54.86,2.3
1996-01-04,0.0,22.81,53.63,2.55
1996-01-05,0.0,22.66,51.74,2.37
1996-01-06,0.0,22.43,49.15,2.59
1996-01-07,0.0,22.27,51.46,2.78
1996-01-08,0.0,21.74,48.73,3.64
1996-01-09,0.0,22.07,51.0,3.37
1996-01-10,0.0,22.48,58.0,2.25
1996-01-11,0.0,22.39,51.49,1.42
1996-01-12,0.0,22.78,46.89,1.41
1996-01-13,0.0,22.84,42.1,2.36
1996-01-14,0.0,22.09,51.64,2.71
1996-01-15,0.0,22.64,69.62,1.32
1996-01-16,0.0,23.12,71.77,1.57
1996-01-17,0.0,24.85,59.15,1.63
1996-01-18,0.0,25.72,50.35,1.14
1996-01-19,0.0,24.79,46.95,1.05
1996-01-20,0.0,23.87,49.3,0.96
1996-01-21,0.0,23.91,43.48,1.51
1996-01-22,0.0,22.76,42.81,2.76
1996-01-23,0.0,22.75,44.37,3.25
1996-01-24,0.0,22.37,42.0,3.31
1996-01-25,0.0,22.06,39.63,3.03
1996-01-26,0.0,22.39,32.68,2.92
1996-01-27,0.0,22.71,33.04,3.88
1996-01-28,0.0,23.01,39.57,3.85
1996-01-29,0.0,23.07,44.24,4.13
1996-01-30,0.0,22.87,39.1,3.56
1996-01-31,0.0,22.91,36.22,3.16
1996-02-01,8.37,23.29,46.32,2.62
1996-02-02,0.0,22.97,42.91,3.36
1996-02-03,0.0,22.65,36.48,3.83
1996-02-04,0.0,21.67,28.37,3.72
1996-02-05,0.0,22.51,33.93,3.47
1996-02-06,0.0,23.26,41.13,3.14
1996-02-07,0.0,23.42,40.63,3.02
1996-02-08,0.0,23.11,42.46,2.07
1996-02-09,0.0,23.04,52.94,2.03
1996-02-10,0.0,23.46,55.9,1.26
1996-02-11,0.0,24.8,45.49,1.31
1996-02-12,0.0,25.52,47.46,2.64
1996-02-13,0.03,25.1,47.29,2.16
1996-02-14,0.14,25.4,49.89,1.64
1996-02-15,0.02,25.77,57.66,0.88
1996-02-16,0.0,26.91,40.78,3.53
1996-02-17,0.0,25.43,38.96,3.93
1996-02-18,0.0,25.55,37.1,4.2
1996-02-19,0.0,24.89,30.36,3.62
1996-02-20,0.0,25.77,28.63,1.64
1996-02-21,0.0,25.61,52.46,2.78
1996-02-22,0.0,25.72,53.92,1.89
1996-02-23,0.0,26.27,46.35,0.87
1996-02-24,0.0,27.25,43.42,1.95
1996-02-25,0.0,26.57,50.84,1.44
1996-02-26,0.0,25.91,45.27,1.36
1996-02-27,0.0,26.84,40.93,1.46
1996-02-28,0.0,26.9,31.67,2.98
1996-02-29,0.0,26.71,23.04,3.48
1996-03-01,0.0,26.69,24.35,3.5
1996-03-02,0.0,27.16,26.59,3.09
1996-03-03,0.0,26.33,23.16,2.76
1996-03-04,0.0,25.48,23.44,2.53
1996-03-05,0.0,26.41,26.32,2.26
1996-03-06,0.0,26.85,25.41,2.13
1996-03-07,0.0,26.99,24.8,1.99
1996-03-08,0.0,26.96,25.8,2.59
1996-03-09,0.0,27.53,27.08,2.33
1996-03-10,0.0,27.63,22.57,3.41
1996-03-11,0.0,27.4,26.16,2.79
1996-03-12,0.0,27.95,26.63,3.12
1996-03-13,0.0,28.62,22.9,3.17
1996-03-14,0.0,28.99,26.16,2.13
1996-03-15,0.0,28.4,39.01,2.18
1996-03-16,0.0,28.54,48.36,1.6
1996-03-17,0.0,28.21,55.14,2.63
1996-03-18,0.0,29.11,50.83,2.19
1996-03-19,0.0,28.68,48.2,2.34
1996-03-20,0.0,29.77,47.75,1.79
1996-03-21,0.0,30.16,47.2,2.12
1996-03-22,0.0,30.73,37.68,1.67
1996-03-23,0.0,30.37,18.91,3.79
1996-03-24,0.0,30.42,25.66,2.22
1996-03-25,0.0,30.58,44.55,1.64
1996-03-26,0.0,30.39,51.03,2.86
1996-03-27,0.0,30.36,48.07,3.05
1996-03-28,0.0,30.23,46.06,2.52
1996-03-29,0.01,30.32,51.45,2.38
1996-03-30,0.0,29.76,53.62,3.5
1996-03-31,0.0,29.51,46.71,2.99
1996-04-01,0.0,29.96,44.05,2.6
1996-04-02,0.0,30.58,40.72,1.95
1996-04-03,0.0,30.65,43.94,2.11
1996-04-04,0.0,30.57,40.78,1.5
1996-04-05,0.0,30.13,38.69,1.76
1996-04-06,0.0,29.62,30.73,2.38
1996-04-07,0.0,29.06,32.71,2.38
1996-04-08,0.13,30.04,36.88,1.84
1996-04-09,1.92,29.6,53.25,3.31
1996-04-10,1.69,29.41,51.71,3.31
1996-04-11,0.07,30.1,44.88,2.11
1996-04-12,10.58,30.66,43.29,1.12
1996-04-13,7.92,28.07,62.39,1.1
1996-04-14,4.77,27.62,64.5,0.97
1996-04-15,1.69,27.36,64.46,1.55
1996-04-16,0.73,27.58,63.22,2.93
1996-04-17,0.3,28.04,59.25,2.07
1996-04-18,0.02,27.94,58.8,1.92
1996-04-19,0.0,27.44,58.73,1.95
1996-04-20,0.0,29.22,51.13,2.3
1996-04-21,0.0,29.57,49.07,2.78
1996-04-22,0.01,30.17,43.23,2.18
1996-04-23,0.01,30.71,46.81,1.63
1996-04-24,2.22,30.38,50.34,2.62
1996-04-25,0.53,30.47,44.75,2.29
1996-04-26,0.01,30.22,48.15,3.09
1996-04-27,0.0,30.08,51.04,3.45
1996-04-28,0.0,30.7,50.7,3.4
1996-04-29,0.0,30.05,52.93,3.92
1996-04-30,0.0,30.3,56.86,4.06
1996-05-01,0.03,30.07,54.42,4.25
1996-05-02,0.0,30.64,49.03,3.45
1996-05-03,0.0,31.6,41.21,3.04
1996-05-04,0.0,32.77,27.66,3.34
1996-05-05,0.0,30.85,45.79,3.58
1996-05-06,0.0,30.03,49.57,4.15
1996-05-07,0.0,29.52,49.89,4.09
1996-05-08,0.0,28.57,52.81,4.57
1996-05-09,0.0,28.85,53.09,4.64
1996-05-10,0.0,29.18,52.99,4.12
1996-05-11,0.0,30.15,47.98,3.33
1996-05-12,0.0,30.61,43.3,3.32
1996-05-13,0.0,30.05,46.3,4.21
1996-05-14,0.0,29.57,44.12,4.35
1996-05-15,0.0,29.39,44.62,3.6
1996-05-16,0.0,30.44,45.26,2.31
1996-05-17,0.0,31.31,45.71,3.44
1996-05-18,0.04,30.78,47.44,4.16
1996-05-19,0.01,30.07,51.18,4.01
1996-05-20,0.09,30.9,44.69,3.3
1996-05-21,0.03,30.82,43.26,2.99
1996-05-22,0.0,30.7,50.49,3.51
1996-05-23,0.94,30.01,56.78,2.93
1996-05-24,3.05,28.4,62.33,4.19
1996-05-25,7.73,29.84,58.74,2.37
1996-05-26,7.79,27.22,74.74,2.96
1996-05-27,3.94,26.37,77.05,2.91
1996-05-28,1.0,26.18,76.02,3.15
1996-05-29,0.0,27.57,67.69,3.38
1996-05-30,0.14,28.17,65.05,2.61
1996-05-31,1.34,28.92,64.43,1.92
1996-06-01,1.4,28.28,67.37,3.24
1996-06-02,13.14,26.03,79.33,2.33
1996-06-03,2.66,24.96,82.51,2.53
1996-06-04,1.27,26.72,72.59,3.46
1996-06-05,21.97,26.22,77.0,2.83
1996-06-06,16.15,25.47,79.65,2.51
1996-06-07,43.58,25.09,85.84,2.16
1996-06-08,13.15,24.76,87.6,3.11
1996-06-09,34.16,25.22,83.47,1.72
1996-06-10,17.44,25.7,82.5,1.62
1996-06-11,12.6,24.85,84.1,3.56
1996-06-12,8.71,24.88,85.26,3.34
1996-06-13,13.6,25.12,87.4,2.9
1996-06-14,59.67,23.71,90.71,6.74
1996-06-15,45.72,23.69,91.53,6.77
1996-06-16,29.32,23.98,91.32,6.27
1996-06-17,16.42,24.37,89.05,7.24
1996-06-18,34.96,24.57,87.27,8.05
1996-06-19,47.79,24.09,91.1,6.79
1996-06-20,24.58,23.75,87.47,5.02
1996-06-21,10.26,23.39,87.47,4.46
1996-06-22,4.22,23.54,88.16,4.27
1996-06-23,4.45,23.71,86.41,4.17
1996-06-24,2.39,23.76,86.91,4.33
1996-06-25,0.9,23.49,86.25,3.79
1996-06-26,0.19,23.5,85.17,3.62
1996-06-27,0.0,23.5,85.31,3.32
1996-06-28,0.0,23.73,84.08,3.49
1996-06-29,0.0,23.46,85.36,4.29
1996-06-30,0.0,23.79,83.55,4.27
1996-07-01,0.02,23.07,86.28,3.69
1996-07-02,0.02,23.55,83.22,3.4
1996-07-03,0.02,23.2,84.19,3.06
1996-07-04,0.44,23.78,85.98,3.06
1996-07-05,3.63,23.84,87.07,3.33
1996-07-06,0.84,23.57,87.07,3.48
1996-07-07,0.64,23.54,85.84,3.06
1996-07-08,24.41,23.19,88.01,2.61
1996-07-09,6.67,23.58,89.95,2.52
1996-07-10,12.1,23.25,90.54,2.6
1996-07-11,8.06,22.88,89.32,3.93
1996-07-12,17.33,22.47,89.56,4.43
1996-07-13,9.84,22.99,87.13,5.04
1996-07-14,12.81,23.02,88.52,4.86
1996-07-15,19.66,23.2,88.7,6.22
1996-07-16,15.85,23.32,88.61,6.27
1996-07-17,19.37,23.49,88.64,6.21
1996-07-18,20.79,22.55,91.27,5.68
1996-07-19,18.98,23.59,88.89,5.82
1996-07-20,21.27,23.34,89.87,6.04
1996-07-21,13.46,22.93,90.35,5.55
1996-07-22,12.72,23.35,89.83,5.67
1996-07-23,16.94,23.42,88.14,6.53
1996-07-24,10.04,23.66,86.75,6.58
1996-07-25,10.75,23.52,88.08,6.18
1996-07-26,4.56,23.53,87.23,6.32
1996-07-27,7.52,23.6,86.96,6.02
1996-07-28,8.49,23.63,86.52,5.63
1996-07-29,5.56,23.47,85.91,5.54
1996-07-30,7.79,22.93,86.25,5.82
1996-07-31,7.93,22.64,86.08,5.96
1996-08-01,3.85,22.56,88.05,5.88
1996-08-02,6.25,22.4,88.53,5.66
1996-08-03,4.73,23.33,86.29,5.73
1996-08-04,4.51,23.45,86.29,4.87
1996-08-05,3.92,22.94,85.94,5.24
1996-08-06,7.1,23.0,87.19,4.61
1996-08-07,10.42,22.8,88.78,4.75
1996-08-08,6.54,23.33,86.95,4.96
1996-08-09,2.18,23.17,85.28,5.46
1996-08-10,2.84,22.48,88.6,4.58
1996-08-11,4.89,23.55,85.24,4.22
1996-08-12,6.64,23.34,86.44,4.31
1996-08-13,21.31,22.65,89.05,4.31
1996-08-14,13.74,22.97,88.24,4.08
1996-08-15,3.38,22.78,88.67,3.72
1996-08-16,2.47,22.86,88.4,3.53
1996-08-17,2.4,23.25,87.58,3.04
1996-08-18,20.82,22.9,89.24,2.72
1996-08-19,6.76,22.88,88.4,2.64
1996-08-20,2.83,22.96,87.59,2.79
1996-08-21,0.33,22.97,87.49,3.02
1996-08-22,3.57,22.76,88.95,2.33
1996-08-23,4.38,23.22,88.78,2.32
1996-08-24,42.58,23.16,88.56,2.79
1996-08-25,22.81,21.49,91.73,3.92
1996-08-26,21.05,22.35,90.99,3.92
1996-08-27,15.63,22.13,90.28,4.43
1996-08-28,5.72,22.78,88.8,4.78
1996-08-29,9.51,22.39,88.72,4.49
1996-08-30,2.94,22.52,87.92,3.67
1996-08-31,0.72,22.72,89.14,2.61
1996-09-01,0.14,23.37,88.31,2.67
1996-09-02,19.49,22.76,91.17,2.33
1996-09-03,4.34,22.97,88.02,2.65
1996-09-04,8.48,22.66,90.05,2.28
1996-09-05,59.21,22.35,93.26,2.68
1996-09-06,8.69,22.86,92.0,3.18
1996-09-07,1.5,22.6,88.68,3.42
1996-09-08,0.25,21.79,89.42,2.76
1996-09-09,0.63,22.71,87.61,2.8
1996-09-10,1.71,23.25,88.41,2.52
1996-09-11,0.52,23.81,89.43,3.09
1996-09-12,3.45,23.41,90.62,2.71
1996-09-13,6.81,23.25,89.32,3.29
1996-09-14,4.46,22.61,90.27,3.76
1996-09-15,3.09,22.68,89.99,3.95
1996-09-16,1.95,22.82,89.27,3.81
1996-09-17,3.36,23.04,88.6,3.84
1996-09-18,1.48,23.1,87.56,3.53
1996-09-19,3.5,23.46,87.78,2.91
1996-09-20,4.18,23.66,87.16,2.56
1996-09-21,6.54,23.25,86.25,2.21
1996-09-22,2.11,23.23,85.33,2.27
1996-09-23,0.56,23.93,84.1,1.78
1996-09-24,3.79,22.81,89.95,2.57
1996-09-25,40.93,23.23,87.56,2.43
1996-09-26,11.25,22.19,91.95,2.7
1996-09-27,8.89,23.37,90.39,2.42
1996-09-28,20.07,22.41,91.49,2.35
1996-09-29,12.96,22.47,90.79,2.2
1996-09-30,4.34,22.54,90.92,2.84
1996-10-01,11.73,23.33,88.17,2.58
1996-10-02,41.57,22.13,94.07,4.53
1996-10-03,29.04,22.42,90.43,5.35
1996-10-04,13.77,21.65,90.55,4.08
1996-10-05,1.76,21.64,88.37,2.4
1996-10-06,0.32,22.27,85.9,1.63
1996-10-07,0.0,22.76,85.55,1.04
1996-10-08,0.0,23.7,84.7,0.85
1996-10-09,1.85,23.24,87.99,1.93
1996-10-10,4.58,23.18,88.13,3.04
1996-10-11,0.5,23.6,87.42,2.91
1996-10-12,0.89,23.56,88.16,3.09
1996-10-13,0.04,22.81,91.21,2.56
1996-10-14,0.8,23.11,88.04,2.99
1996-10-15,0.13,23.35,86.57,2.81
1996-10-16,6.63,23.16,88.06,2.21
1996-10-17,0.8,22.57,83.31,2.46
1996-10-18,2.3,21.37,89.23,2.97
1996-10-19,19.78,22.27,94.69,3.71
1996-10-20,44.92,23.29,91.44,3.39
1996-10-21,16.44,23.61,83.19,1.06
1996-10-22,1.92,23.34,88.51,1.72
1996-10-23,1.83,22.84,88.22,2.28
1996-10-24,1.73,22.4,88.87,2.62
1996-10-25,22.72,21.6,89.25,2.19
1996-10-26,5.5,20.34,87.8,2.12
1996-10-27,0.0,21.0,89.39,2.48
1996-10-28,0.0,20.8,86.19,2.27
1996-10-29,0.03,21.45,87.5,2.05
1996-10-30,0.15,21.81,88.85,1.75
1996-10-31,0.01,21.62,79.18,1.4
1996-11-01,0.0,21.65,80.0,1.69
1996-11-02,0.01,22.63,84.91,1.6
1996-11-03,0.0,20.34,72.04,1.88
1996-11-04,0.0,19.42,70.29,1.62
1996-11-05,0.0,19.73,67.91,1.36
1996-11-06,0.0,20.75,71.95,0.74
1996-11-07,0.0,21.87,77.75,1.13
1996-11-08,0.04,22.74,80.19,0.95
1996-11-09,0.58,23.09,83.1,1.41
1996-11-10,0.06,23.74,82.13,0.87
1996-11-11,0.0,23.52,82.88,1.03
1996-11-12,1.0,24.01,80.55,0.71
1996-11-13,0.14,23.47,80.76,1.41
1996-11-14,0.0,23.43,79.1,2.98
1996-11-15,0.33,22.4,78.36,3.3
1996-11-16,0.21,21.47,77.85,2.77
1996-11-17,0.0,21.75,78.44,2.56
1996-11-18,0.0,22.05,77.8,2.99
1996-11-19,0.0,22.36,77.98,2.49
1996-11-20,0.03,22.23,75.36,3.01
1996-11-21,0.01,21.76,76.17,2.78
1996-11-22,0.1,23.05,82.21,3.26
1996-11-23,1.64,22.6,84.64,3.61
1996-11-24,0.75,22.89,81.54,3.15
1996-11-25,0.14,22.66,80.19,2.4
1996-11-26,0.0,21.63,73.65,2.59
1996-11-27,0.0,21.43,69.5,2.7
1996-11-28,0.0,21.06,71.24,2.26
1996-11-29,0.0,20.64,72.1,1.84
1996-11-30,0.0,19.97,63.18,1.94
1996-12-01,0.0,18.8,63.14,1.85
1996-12-02,0.0,18.62,61.89,1.91
1996-12-03,0.0,18.93,61.24,1.86
1996-12-04,0.0,20.24,64.71,1.38
1996-12-05,0.0,20.62,61.64,1.3
1996-12-06,0.0,21.54,73.06,2.27
1996-12-07,0.0,22.57,74.81,3.61
1996-12-08,0.03,22.44,76.03,3.66
1996-12-09,0.0,21.56,66.2,3.1
1996-12-10,0.02,21.24,70.49,3.65
1996-12-11,0.26,21.89,68.41,3.23
1996-12-12,0.01,22.27,66.7,3.54
1996-12-13,0.88,22.54,74.67,3.89
1996-12-14,0.47,22.62,81.87,4.06
1996-12-15,0.36,23.29,79.05,3.53
1996-12-16,2.07,23.3,80.45,4.31
1996-12-17,2.69,23.08,79.08,3.55
1996-12-18,0.59,22.9,72.12,3.53
1996-12-19,0.09,21.52,66.61,3.01
1996-12-20,0.0,19.94,67.45,2.69
1996-12-21,0.0,20.07,66.59,2.67
1996-12-22,0.0,20.31,66.14,2.31
1996-12-23,0.0,21.07,64.86,2.48
1996-12-24,0.0,20.29,62.39,2.55
1996-12-25,0.0,19.34,54.76,2.64
1996-12-26,0.0,19.04,58.72,2.67
1996-12-27,0.0,20.82,71.74,2.52
1996-12-28,0.0,22.02,61.26,3.13
1996-12-29,0.0,20.32,64.59,3.36
1996-12-30,0.0,20.09,65.05,3.32
1996-12-31,0.0,19.67,66.18,3.59
1997-01-01,0.0,19.16,63.18,3.45
1997-01-02,0.0,20.42,60.43,1.93
1997-01-03,0.0,20.78,57.27,1.32
1997-01-04,0.0,20.75,68.37,1.09
1997-01-05,0.0,20.88,63.21,1.03
1997-01-06,0.0,20.22,62.74,3.04
1997-01-07,0.0,19.78,56.14,3.27
1997-01-08,0.0,21.38,65.15,3.62
1997-01-09,0.0,21.9,66.5,3.59
1997-01-10,0.0,22.82,65.81,3.34
1997-01-11,0.0,23.84,65.31,2.64
1997-01-12,0.0,23.29,65.92,2.64
1997-01-13,0.52,23.37,68.17,1.66
1997-01-14,0.92,23.84,65.42,1.14
1997-01-15,0.56,23.23,65.81,0.98
1997-01-16,0.17,23.44,65.21,2.17
1997-01-17,0.02,23.52,64.05,2.94
1997-01-18,1.17,23.29,63.26,2.07
1997-01-19,0.09,22.57,66.01,1.98
1997-01-20,0.0,21.55,68.96,2.56
1997-01-21,0.45,21.4,65.34,1.67
1997-01-22,0.0,20.53,45.55,2.35
1997-01-23,0.0,20.59,43.52,2.48
1997-01-24,0.0,21.12,34.22,2.36
1997-01-25,0.0,22.48,44.32,2.3
1997-01-26,0.0,22.87,49.58,2.16
1997-01-27,0.0,22.95,52.15,2.45
1997-01-28,0.0,22.92,53.82,3.5
1997-01-29,0.0,22.61,50.18,2.89
1997-01-30,0.0,22.26,46.71,1.86
1997-01-31,0.0,21.94,45.79,1.17
1997-02-01,0.0,22.48,56.94,1.48
1997-02-02,0.0,22.73,63.99,1.99
1997-02-03,0.0,22.38,58.43,2.04
1997-02-04,0.0,22.54,52.58,1.3
1997-02-05,0.0,23.45,45.64,1.18
1997-02-06,0.0,24.29,43.93,1.17
1997-02-07,0.0,23.93,40.45,1.69
1997-02-08,0.0,22.75,43.15,2.24
1997-02-09,0.0,22.53,49.6,1.98
1997-02-10,0.0,22.67,56.2,1.52
1997-02-11,0.0,23.56,44.69,2.2
1997-02-12,0.0,23.69,32.58,3.35
1997-02-13,0.0,22.46,30.39,3.12
1997-02-14,0.0,23.35,31.22,2.85
1997-02-15,0.0,23.75,29.8,1.76
1997-02-16,0.0,23.99,30.61,1.29
1997-02-17,0.0,24.33,33.31,1.3
1997-02-18,0.0,23.63,51.43,1.76
1997-02-19,0.0,23.61,54.24,2.15
1997-02-20,0.0,23.09,51.87,1.86
1997-02-21,0.0,23.66,46.12,1.21
1997-02-22,0.0,24.84,40.05,1.12
1997-02-23,0.0,25.44,40.99,1.52
1997-02-24,0.0,26.76,36.25,2.74
1997-02-25,0.0,25.51,34.79,3.42
1997-02-26,0.0,25.56,28.09,2.84
1997-02-27,0.0,26.64,28.07,2.32
1997-02-28,0.0,26.48,26.92,2.75
1997-03-01,0.0,26.49,26.94,2.33
1997-03-02,0.0,26.62,29.37,2.48
1997-03-03,0.0,26.38,26.44,3.15
1997-03-04,0.0,25.86,22.76,3.0
1997-03-05,0.0,25.62,20.52,3.22
1997-03-06,0.0,25.85,21.26,4.01
1997-03-07,0.0,26.09,24.93,3.73
1997-03-08,0.0,26.03,22.32,3.5
1997-03-09,0.0,27.06,23.01,2.68
1997-03-10,0.0,27.84,27.21,2.51
1997-03-11,0.0,28.89,23.6,2.56
1997-03-12,0.0,28.11,46.74,2.02
1997-03-13,0.0,28.66,51.71,2.08
1997-03-14,0.0,29.2,38.72,2.07
1997-03-15,0.0,28.92,49.61,2.11
1997-03-16,0.06,29.8,48.64,1.48
1997-03-17,0.01,30.33,48.46,2.06
1997-03-18,0.07,29.98,53.27,2.59
1997-03-19,3.02,30.15,51.1,2.14
1997-03-20,0.2,29.39,50.51,2.8
1997-03-21,0.05,28.74,48.98,2.59
1997-03-22,0.0,29.05,43.98,2.14
1997-03-23,0.01,29.73,41.41,2.3
1997-03-24,0.02,28.17,44.38,2.4
1997-03-25,0.01,28.09,40.84,1.13
1997-03-26,0.0,28.73,40.73,1.66
1997-03-27,0.0,29.72,45.51,1.79
1997-03-28,0.83,30.11,44.68,1.78
1997-03-29,0.03,31.31,40.6,1.43
1997-03-30,0.14,30.64,43.25,1.69
1997-03-31,0.15,29.77,46.59,2.31
1997-04-01,2.19,28.64,42.85,3.09
1997-04-02,1.08,27.18,52.3,3.06
1997-04-03,0.32,26.99,52.44,2.97
1997-04-04,0.01,27.73,49.47,2.19
1997-04-05,0.04,28.54,45.5,2.22
1997-04-06,1.99,29.38,42.57,1.94
1997-04-07,0.17,29.12,46.1,2.09
1997-04-08,0.0,29.22,45.73,1.84
1997-04-09,0.01,29.22,45.41,2.72
1997-04-10,0.0,28.4,43.75,2.78
1997-04-11,0.0,28.16,40.65,2.65
1997-04-12,0.0,28.16,50.27,3.47
1997-04-13,0.0,28.9,48.68,2.81
1997-04-14,0.0,28.42,50.02,2.95
1997-04-15,0.0,28.42,50.63,2.98
1997-04-16,0.0,28.72,44.67,2.91
1997-04-17,0.02,28.42,49.31,2.24
1997-04-18,0.02,29.74,44.92,1.53
1997-04-19,0.2,30.37,39.76,1.8
1997-04-20,0.62,31.0,38.35,1.22
1997-04-21,0.0,31.82,32.73,1.68
1997-04-22,0.06,30.97,41.04,1.41
1997-04-23,2.17,29.8,40.53,1.97
1997-04-24,0.07,29.12,34.24,1.95
1997-04-25,0.0,30.48,30.28,2.06
1997-04-26,0.0,29.13,54.35,2.38
1997-04-27,0.8,29.55,54.84,2.15
1997-04-28,1.0,29.21,54.45,1.87
1997-04-29,2.61,30.3,43.03,1.96
1997-04-30,1.26,29.95,49.86,2.71
1997-05-01,1.39,28.5,53.79,1.22
1997-05-02,0.14,29.24,51.93,1.27
1997-05-03,2.62,28.54,56.69,1.15
1997-05-04,0.19,29.04,53.02,1.49
1997-05-05,0.07,29.35,44.26,2.5
1997-05-06,0.21,29.16,47.38,1.66
1997-05-07,3.33,29.94,50.24,1.44
1997-05-08,5.03,29.23,58.18,1.72
1997-05-09,1.36,29.42,57.19,1.39
1997-05-10,1.3,29.57,59.23,2.32
1997-05-11,1.28,29.08,60.8,1.95
1997-05-12,0.24,30.2,53.42,2.27
1997-05-13,4.2,28.76,58.8,3.04
1997-05-14,7.54,28.92,58.78,1.96
1997-05-15,1.41,28.43,61.96,2.51
1997-05-16,0.04,26.79,66.86,3.3
1997-05-17,0.05,28.66,60.77,4.08
1997-05-18,0.0,28.57,60.44,5.41
1997-05-19,0.0,27.98,57.87,5.43
1997-05-20,0.0,28.1,57.73,5.11
1997-05-21,0.0,28.42,55.13,4.93
1997-05-22,0.01,28.77,56.61,3.95
1997-05-23,0.09,29.46,56.41,3.91
1997-05-24,0.0,29.62,54.51,4.09
1997-05-25,0.0,30.12,53.75,4.33
1997-05-26,0.0,30.01,52.55,4.16
1997-05-27,0.02,30.0,53.39,4.08
1997-05-28,0.01,28.4,57.81,4.8
1997-05-29,0.0,29.51,55.17,4.85
1997-05-30,0.0,29.85,51.25,4.45
1997-05-31,0.0,29.59,52.29,4.73
1997-06-01,0.0,29.22,53.46,4.56
1997-06-02,0.09,28.37,60.12,4.47
1997-06-03,0.07,28.67,58.53,3.99
1997-06-04,12.09,27.73,62.18,3.84
1997-06-05,7.96,26.17,71.5,3.09
1997-06-06,8.01,26.3,72.14,3.29
1997-06-07,6.05,25.46,78.11,3.28
1997-06-08,0.93,24.73,80.51,3.31
1997-06-09,3.2,25.23,76.53,3.22
1997-06-10,1.35,25.43,72.91,3.34
1997-06-11,2.91,25.54,75.21,3.51
1997-06-12,9.39,25.59,77.42,3.62
1997-06-13,59.0,24.64,83.71,3.2
1997-06-14,105.63,23.64,90.49,3.32
1997-06-15,16.41,23.49,91.19,2.67
1997-06-16,10.2,23.7,86.75,3.53
1997-06-17,5.02,24.38,84.56,4.33
1997-06-18,6.94,24.7,84.45,4.94
1997-06-19,13.17,22.91,86.34,5.19
1997-06-20,10.23,23.21,86.35,4.46
1997-06-21,9.33,23.54,86.68,4.13
1997-06-22,18.49,23.21,87.76,4.51
1997-06-23,9.58,23.79,84.66,4.9
1997-06-24,2.31,24.4,82.06,5.68
1997-06-25,2.92,24.54,82.28,6.02
1997-06-26,16.8,24.63,87.31,6.37
1997-06-27,71.71,23.98,91.54,6.14
1997-06-28,74.21,24.37,89.01,6.25
1997-06-29,61.03,23.88,90.7,6.05
1997-06-30,31.45,23.78,89.95,5.8
1997-07-01,37.43,23.72,90.95,5.93
1997-07-02,31.5,22.94,90.38,5.69
1997-07-03,18.05,23.27,89.77,5.63
1997-07-04,14.75,22.67,89.13,5.38
1997-07-05,9.89,23.07,89.46,4.61
1997-07-06,14.19,23.09,87.82,5.34
1997-07-07,10.15,22.47,88.0,6.24
1997-07-08,9.34,22.74,89.76,5.7
1997-07-09,16.47,23.65,88.73,5.24
1997-07-10,19.57,23.96,89.91,5.44
1997-07-11,16.68,23.65,90.69,5.62
1997-07-12,20.28,23.76,90.0,5.72
1997-07-13,17.82,23.66,90.45,5.36
1997-07-14,6.01,23.75,88.94,5.33
1997-07-15,3.08,23.93,88.27,5.28
1997-07-16,2.03,23.87,87.93,5.67
1997-07-17,3.8,23.86,87.86,5.18
1997-07-18,3.3,23.41,88.57,4.89
1997-07-19,3.95,23.88,87.66,3.75
1997-07-20,4.77,23.05,90.61,3.69
1997-07-21,2.63,23.92,87.35,3.78
1997-07-22,3.7,24.01,87.6,3.8
1997-07-23,6.18,23.74,88.08,4.22
1997-07-24,7.3,23.58,90.77,4.52
1997-07-25,24.14,23.51,91.24,5.25
1997-07-26,28.89,23.51,90.02,6.01
1997-07-27,18.42,23.71,88.65,5.34
1997-07-28,8.42,23.56,88.51,5.69
1997-07-29,8.46,22.93,87.61,6.25
1997-07-30,29.48,22.93,91.09,6.41
1997-07-31,31.9,22.36,91.52,6.63
1997-08-01,34.27,22.88,90.58,6.36
1997-08-02,19.33,23.39,88.78,6.33
1997-08-03,9.65,23.48,88.91,6.03
1997-08-04,3.95,22.95,88.32,6.19
1997-08-05,3.64,22.73,89.17,6.08
1997-08-06,27.45,23.43,89.45,6.36
1997-08-07,30.48,23.11,89.7,5.76
1997-08-08,21.33,22.92,91.21,4.61
1997-08-09,10.9,23.49,89.06,4.32
1997-08-10,7.81,23.38,89.4,4.28
1997-08-11,6.94,23.22,89.57,4.05
1997-08-12,8.79,22.75,89.24,4.62
1997-08-13,2.8,22.52,88.39,4.7
1997-08-14,18.75,22.44,88.3,4.4
1997-08-15,6.57,22.12,90.25,4.03
1997-08-16,4.5,22.88,90.82,3.5
1997-08-17,4.91,22.71,92.05,3.6
1997-08-18,24.35,23.39,89.01,4.28
1997-08-19,9.93,23.05,89.17,4.0
1997-08-20,4.76,23.31,88.82,4.24
1997-08-21,3.61,23.18,88.82,4.47
1997-08-22,7.07,22.07,91.03,5.54
1997-08-23,19.11,22.68,88.11,6.1
1997-08-24,14.73,22.62,89.17,5.41
1997-08-25,10.76,22.96,88.51,5.61
1997-08-26,12.3,23.26,89.16,5.68
1997-08-27,18.15,23.33,90.45,4.59
1997-08-28,15.46,23.17,90.13,4.09
1997-08-29,4.44,23.09,89.51,3.95
1997-08-30,1.82,23.18,89.0,3.7
1997-08-31,5.63,23.36,88.86,3.46
1997-09-01,3.48,22.66,89.78,2.97
1997-09-02,1.22,23.08,87.43,3.31
1997-09-03,3.61,23.3,87.45,3.22
1997-09-04,1.25,23.3,86.24,2.62
1997-09-05,0.59,23.96,85.35,2.5
1997-09-06,1.46,23.87,86.01,2.29
1997-09-07,0.4,23.81,86.15,2.1
1997-09-08,0.6,23.72,87.47,2.66
1997-09-09,0.25,23.47,86.79,2.28
1997-09-10,0.46,23.62,86.37,2.38
1997-09-11,1.0,23.37,86.85,2.1
1997-09-12,0.52,23.42,86.4,2.4
1997-09-13,0.21,23.02,86.61,2.05
1997-09-14,0.02,24.05,83.25,2.28
1997-09-15,1.2,24.34,83.65,2.07
1997-09-16,0.76,24.31,82.89,2.74
1997-09-17,4.03,23.92,85.28,2.54
1997-09-18,0.49,23.51,85.2,2.75
1997-09-19,3.25,24.2,84.18,3.05
1997-09-20,1.4,24.21,83.22,3.02
1997-09-21,0.58,23.98,82.33,3.01
1997-09-22,0.88,23.72,83.23,2.98
1997-09-23,1.29,23.0,87.31,2.86
1997-09-24,0.9,22.53,87.96,3.08
1997-09-25,1.81,22.59,88.98,2.98
1997-09-26,1.02,23.51,83.06,3.38
1997-09-27,1.34,23.4,82.98,3.12
1997-09-28,0.43,23.56,82.37,2.85
1997-09-29,2.52,24.12,81.66,2.43
1997-09-30,2.91,24.32,82.53,2.3
1997-10-01,5.2,24.48,82.84,2.4
1997-10-02,2.72,24.37,82.45,1.53
1997-10-03,0.27,25.47,75.42,1.01
1997-10-04,3.48,25.03,79.21,1.09
1997-10-05,3.43,23.09,89.18,1.16
1997-10-06,0.62,24.53,77.0,1.46
1997-10-07,0.98,25.57,74.51,0.81
1997-10-08,0.12,26.09,69.81,1.41
1997-10-09,0.0,25.87,65.68,1.36
1997-10-10,0.0,24.82,64.25,1.81
1997-10-11,2.28,25.13,70.27,2.18
1997-10-12,0.0,25.64,69.57,1.62
1997-10-13,0.48,25.26,72.44,1.47
1997-10-14,4.05,23.18,81.04,0.93
1997-10-15,0.13,23.13,79.62,1.82
1997-10-16,0.04,23.44,67.26,2.28
1997-10-17,0.14,24.36,74.85,2.13
1997-10-18,0.01,25.06,71.28,1.89
1997-10-19,0.0,25.68,68.68,1.8
1997-10-20,0.0,25.85,69.71,1.51
1997-10-21,0.0,25.62,69.73,1.61
1997-10-22,1.48,25.01,77.1,1.21
1997-10-23,3.11,24.35,80.55,1.41
1997-10-24,3.31,25.3,77.58,0.85
1997-10-25,0.27,25.78,77.37,1.23
1997-10-26,0.01,25.7,75.78,1.51
1997-10-27,6.17,25.61,76.06,1.44
1997-10-28,6.69,23.84,86.02,1.17
1997-10-29,8.13,23.86,84.38,0.79
1997-10-30,4.0,23.92,84.69,0.78
1997-10-31,0.82,23.48,84.25,1.07
1997-11-01,0.04,24.94,77.03,1.64
1997-11-02,0.15,25.0,74.46,2.65
1997-11-03,1.67,24.28,80.8,3.13
1997-11-04,0.73,24.53,78.52,3.61
1997-11-05,0.01,23.29,73.62,3.0
1997-11-06,0.0,24.33,70.55,2.63
1997-11-07,0.0,24.54,69.39,2.62
1997-11-08,1.8,24.5,79.51,2.94
1997-11-09,0.38,25.3,78.15,2.31
1997-11-10,18.45,23.75,87.72,1.11
1997-11-11,13.74,23.5,86.81,0.86
1997-11-12,15.93,23.46,84.98,1.05
1997-11-13,14.51,22.69,88.45,1.62
1997-11-14,1.99,22.64,84.01,1.66
1997-11-15,0.1,23.34,75.6,1.45
1997-11-16,0.81,23.82,80.4,2.48
1997-11-17,1.43,23.39,83.39,2.34
1997-11-18,0.51,24.15,83.9,0.83
1997-11-19,1.6,24.39,82.35,1.19
1997-11-20,0.37,24.58,82.13,1.46
1997-11-21,0.22,23.94,80.56,1.85
1997-11-22,0.02,23.7,77.82,2.67
1997-11-23,0.0,24.61,77.75,1.84
1997-11-24,0.07,23.3,86.21,1.27
1997-11-25,0.64,23.03,83.49,1.24
1997-11-26,3.62,22.99,86.96,1.21
1997-11-27,1.85,24.17,81.41,1.46
1997-11-28,0.48,24.45,82.46,2.17
1997-11-29,0.8,23.76,83.99,2.3
1997-11-30,0.56,23.75,84.2,1.99
1997-12-01,0.0,24.46,74.79,2.34
1997-12-02,0.0,22.38,72.07,2.86
1997-12-03,0.0,22.24,72.4,2.45
1997-12-04,0.0,23.07,73.1,2.12
1997-12-05,0.02,24.24,75.6,2.89
1997-12-06,0.14,22.53,85.76,3.48
1997-12-07,0.53,23.38,83.15,2.54
1997-12-08,17.19,22.01,92.28,2.21
1997-12-09,6.08,22.53,89.21,2.2
1997-12-10,0.22,22.5,78.33,1.09
1997-12-11,0.03,23.08,75.96,2.04
1997-12-12,0.03,23.76,77.56,2.15
1997-12-13,0.0,24.3,82.96,0.95
1997-12-14,0.0,25.22,77.13,0.7
1997-12-15,1.98,24.91,77.67,1.82
1997-12-16,0.25,24.89,79.43,1.77
1997-12-17,0.01,25.42,74.88,0.88
1997-12-18,0.0,24.76,75.31,1.24
1997-12-19,0.0,24.43,74.81,1.87
1997-12-20,0.06,24.77,76.08,2.21
1997-12-21,0.01,24.64,75.08,2.41
1997-12-22,0.0,24.0,77.84,1.55
1997-12-23,0.0,24.1,73.98,0.67
1997-12-24,0.0,23.01,75.06,1.27
1997-12-25,0.0,23.07,76.75,1.14
1997-12-26,0.0,23.67,75.34,1.13
1997-12-27,0.0,22.98,68.16,2.08
1997-12-28,0.0,22.21,67.58,2.44
1997-12-29,0.0,22.32,67.16,2.55
1997-12-30,0.0,22.68,65.09,3.18
1997-12-31,0.0,22.48,60.91,2.96
1998-01-01,0.0,22.01,62.16,2.95
1998-01-02,0.0,23.03,65.65,3.24
1998-01-03,0.0,23.26,65.04,3.87
1998-01-04,0.0,23.12,67.6,3.29
1998-01-05,0.0,23.61,66.32,2.49
1998-01-06,0.0,23.04,60.08,3.04
1998-01-07,0.0,22.33,57.94,2.59
1998-01-08,0.0,21.89,59.64,2.71
1998-01-09,0.0,22.34,58.19,2.83
1998-01-10,0.0,23.03,55.2,2.95
1998-01-11,0.0,23.0,58.03,2.81
1998-01-12,0.0,23.11,56.48,2.67
1998-01-13,0.0,23.88,50.75,2.25
1998-01-14,0.0,24.55,49.9,1.54
1998-01-15,0.0,23.8,55.86,1.24
1998-01-16,0.0,24.21,65.96,1.62
1998-01-17,0.0,23.44,72.65,2.25
1998-01-18,0.0,23.2,69.49,2.05
1998-01-19,0.0,22.28,69.93,2.39
1998-01-20,0.0,21.96,72.3,2.36
1998-01-21,0.0,22.81,67.76,2.09
1998-01-22,0.0,22.72,63.44,2.0
1998-01-23,0.0,23.39,66.63,1.69
1998-01-24,0.0,24.67,63.23,1.13
1998-01-25,0.0,25.44,62.42,1.97
1998-01-26,0.0,24.97,64.48,1.37
1998-01-27,0.0,24.85,64.45,1.37
1998-01-28,0.0,25.29,55.4,1.23
1998-01-29,0.0,25.7,48.87,2.5
1998-01-30,0.0,25.48,47.57,2.83
1998-01-31,0.0,25.71,51.49,2.86
1998-02-01,0.0,25.53,46.91,3.09
1998-02-02,0.0,25.06,45.85,2.95
1998-02-03,0.0,26.16,45.66,2.6
1998-02-04,0.0,26.74,42.9,2.25
1998-02-05,0.0,25.73,48.71,2.39
1998-02-06,0.0,24.34,59.34,2.61
1998-02-07,0.0,23.07,51.79,2.12
1998-02-08,0.0,24.27,42.94,0.81
1998-02-09,0.0,25.93,53.72,3.48
1998-02-10,0.0,25.4,50.39,3.77
1998-02-11,0.0,24.74,48.84,3.41
1998-02-12,0.0,24.7,45.01,3.26
1998-02-13,0.0,24.68,39.87,2.13
1998-02-14,0.0,24.43,44.22,1.5
1998-02-15,0.0,24.57,59.09,2.05
1998-02-16,0.0,24.64,61.13,2.24
1998-02-17,0.0,24.71,60.75,2.6
1998-02-18,0.0,23.37,59.11,3.01
1998-02-19,0.0,22.24,58.15,2.3
1998-02-20,0.0,23.95,58.36,2.5
1998-02-21,0.0,24.49,53.68,2.95
1998-02-22,0.0,23.67,58.05,2.23
1998-02-23,0.0,25.52,51.67,1.56
1998-02-24,0.0,26.28,63.63,2.77
1998-02-25,0.0,26.76,57.05,1.92
1998-02-26,0.0,26.88,57.75,2.55
1998-02-27,0.0,26.94,46.76,2.07
1998-02-28,0.0,26.77,37.16,1.84
1998-03-01,0.0,26.96,40.19,1.69
1998-03-02,0.0,27.45,46.75,1.59
1998-03-03,0.0,27.92,50.18,1.31
1998-03-04,0.0,29.04,41.45,1.5
1998-03-05,0.0,28.1,45.55,2.38
1998-03-06,0.0,27.64,49.14,3.01
1998-03-07,0.0,27.3,45.76,2.33
1998-03-08,0.0,27.24,45.09,2.58
1998-03-09,0.0,27.05,46.91,1.73
1998-03-10,0.0,27.88,48.45,1.55
1998-03-11,0.0,26.89,56.66,3.36
1998-03-12,0.0,27.58,50.11,3.16
1998-03-13,0.0,26.94,50.71,3.02
1998-03-14,0.0,26.5,52.04,2.98
1998-03-15,0.0,26.81,57.03,2.5
1998-03-16,0.0,28.61,44.18,1.68
1998-03-17,0.0,28.26,35.26,1.63
1998-03-18,0.0,29.05,37.5,1.07
1998-03-19,0.0,29.56,31.78,1.37
1998-03-20,0.0,30.28,29.58,1.61
1998-03-21,0.0,30.56,41.97,1.57
1998-03-22,0.0,30.94,41.29,1.54
1998-03-23,0.0,30.83,41.6,1.81
1998-03-24,0.0,30.11,54.82,3.45
1998-03-25,0.0,30.51,45.45,2.47
1998-03-26,0.0,30.33,45.4,2.76
1998-03-27,0.0,31.69,32.65,2.67
1998-03-28,0.0,31.52,39.2,1.52
1998-03-29,0.0,30.61,50.5,2.48
1998-03-30,0.0,30.61,47.16,2.29
1998-03-31,0.0,31.32,37.1,1.27
1998-04-01,0.06,32.49,39.2,1.94
1998-04-02,0.01,32.24,31.82,1.81
1998-04-03,0.0,31.27,40.58,1.76
1998-04-04,0.0,31.54,33.79,2.56
1998-04-05,0.0,32.32,26.31,4.07
1998-04-06,0.0,32.06,25.88,3.43
1998-04-07,0.0,31.59,35.49,2.16
1998-04-08,0.58,31.64,47.49,2.1
1998-04-09,0.15,31.88,42.91,1.73
1998-04-10,0.03,31.71,42.27,2.22
1998-04-11,0.01,31.9,42.77,1.74
1998-04-12,0.0,31.96,43.02,1.98
1998-04-13,0.0,30.87,52.7,2.94
1998-04-14,0.0,31.49,48.08,2.25
1998-04-15,0.0,31.7,48.8,2.54
1998-04-16,0.0,32.67,42.95,1.88
1998-04-17,0.0,32.45,42.77,2.18
1998-04-18,0.0,32.05,45.38,2.47
1998-04-19,0.3,30.86,49.71,3.46
1998-04-20,0.06,32.03,45.7,2.82
1998-04-21,0.01,32.47,45.96,2.75
1998-04-22,0.05,31.81,48.21,2.99
1998-04-23,0.04,31.44,50.29,3.77
1998-04-24,0.04,31.9,46.62,2.78
1998-04-25,0.01,31.55,46.44,1.92
1998-04-26,0.51,30.99,48.45,3.28
1998-04-27,0.34,31.03,48.71,3.25
1998-04-28,0.02,31.78,45.78,3.18
1998-04-29,0.64,29.4,53.9,2.82
1998-04-30,14.55,29.83,60.79,2.1
1998-05-01,0.96,29.28,64.96,1.99
1998-05-02,0.36,30.43,57.18,1.36
1998-05-03,0.0,31.59,49.42,1.82
1998-05-04,0.17,31.36,51.72,1.52
1998-05-05,0.82,30.44,58.65,1.96
1998-05-06,3.21,31.78,56.62,1.43
1998-05-07,0.31,32.66,50.42,1.5
1998-05-08,0.0,32.0,52.07,2.12
1998-05-09,2.47,30.67,59.09,3.14
1998-05-10,0.32,28.89,64.19,2.9
1998-05-11,1.78,29.27,56.41,2.05
1998-05-12,0.2,29.49,58.44,1.26
1998-05-13,1.79,29.56,59.41,0.94
1998-05-14,15.09,27.95,70.48,1.39
1998-05-15,12.63,28.08,70.89,2.18
1998-05-16,4.88,27.06,75.49,2.93
1998-05-17,0.7,27.78,71.74,3.79
1998-05-18,0.06,28.76,66.07,4.47
1998-05-19,0.03,28.96,64.62,4.93
1998-05-20,0.0,28.94,64.09,5.26
1998-05-21,0.0,29.34,64.86,4.44
1998-05-22,0.1,29.3,64.72,3.84
1998-05-23,6.93,28.44,69.39,3.26
1998-05-24,3.7,26.97,83.48,3.75
1998-05-25,0.42,28.55,65.91,3.85
1998-05-26,0.11,28.41,69.71,4.35
1998-05-27,0.06,28.22,65.93,4.67
1998-05-28,0.01,29.46,62.34,4.66
1998-05-29,0.0,29.41,59.18,4.89
1998-05-30,0.0,29.82,57.52,4.32
1998-05-31,0.01,30.37,57.02,3.99
1998-06-01,0.02,29.76,62.12,4.1
1998-06-02,0.0,27.66,70.05,4.34
1998-06-03,15.41,26.8,76.04,3.57
1998-06-04,7.08,26.68,78.09,2.68
1998-06-05,0.26,27.52,72.74,2.9
1998-06-06,3.74,26.27,76.34,2.4
1998-06-07,3.57,26.37,75.59,4.03
1998-06-08,5.07,26.3,76.62,4.55
1998-06-09,9.15,25.21,79.49,4.85
1998-06-10,11.09,25.52,77.35,4.85
1998-06-11,8.62,25.63,76.07,4.27
1998-06-12,11.8,25.33,78.89,4.74
1998-06-13,2.23,25.15,79.28,3.66
1998-06-14,0.65,25.74,75.91,4.25
1998-06-15,1.16,25.6,75.76,4.7
1998-06-16,0.91,25.81,75.02,4.55
1998-06-17,10.68,25.7,79.39,4.05
1998-06-18,28.37,25.08,85.4,2.68
1998-06-19,9.38,24.72,88.15,3.38
1998-06-20,6.5,24.46,86.3,5.12
1998-06-21,42.25,24.96,86.93,4.98
1998-06-22,14.73,24.06,85.38,5.1
1998-06-23,24.48,23.87,90.06,4.85
1998-06-24,19.61,24.15,89.09,4.56
1998-06-25,11.14,24.14,89.05,4.33
1998-06-26,10.78,23.96,85.09,6.09
1998-06-27,25.51,23.25,86.5,5.93
1998-06-28,21.05,23.27,88.82,6.01
1998-06-29,30.75,23.55,87.17,6.72
1998-06-30,36.46,24.12,86.81,7.68
1998-07-01,20.89,24.69,85.99,7.56
1998-07-02,9.32,24.64,87.03,6.33
1998-07-03,19.45,23.99,88.34,5.73
1998-07-04,16.95,23.27,88.79,4.83
1998-07-05,12.89,23.13,89.36,4.54
1998-07-06,8.39,23.13,88.72,5.34
1998-07-07,5.4,22.98,87.93,5.52
1998-07-08,6.81,22.67,88.86,5.8
1998-07-09,15.17,22.82,90.24,5.9
1998-07-10,6.96,24.14,87.9,5.51
1998-07-11,3.21,24.48,87.57,5.48
1998-07-12,3.32,24.11,86.89,5.1
1998-07-13,2.49,23.52,87.84,4.18
1998-07-14,4.98,23.67,87.16,3.85
1998-07-15,2.35,23.75,87.66,3.53
1998-07-16,0.86,23.93,86.97,3.12
1998-07-17,1.43,23.83,88.46,2.9
1998-07-18,0.96,23.79,88.36,2.05
1998-07-19,24.84,24.12,86.38,0.78
1998-07-20,8.82,23.62,91.56,2.28
1998-07-21,3.65,22.96,92.11,3.53
1998-07-22,1.78,24.24,87.53,3.01
1998-07-23,3.35,24.6,88.88,3.04
1998-07-24,12.74,23.96,87.84,3.33
1998-07-25,9.65,23.17,90.93,4.41
1998-07-26,13.45,23.38,89.16,5.33
1998-07-27,9.39,23.79,89.89,4.81
1998-07-28,37.76,22.32,89.76,5.44
1998-07-29,27.37,22.37,92.92,5.56
1998-07-30,13.11,23.2,90.46,5.88
1998-07-31,5.54,23.29,88.93,4.66
1998-08-01,1.95,24.05,87.66,3.83
1998-08-02,2.28,23.79,89.18,3.08
1998-08-03,2.93,23.66,89.05,2.95
1998-08-04,14.68,23.45,90.67,3.31
1998-08-05,7.38,23.08,91.98,3.34
1998-08-06,6.38,23.2,90.48,4.04
1998-08-07,31.56,23.06,90.66,4.2
1998-08-08,18.16,23.4,90.7,3.82
1998-08-09,19.32,24.01,90.04,4.5
1998-08-10,11.04,23.65,91.74,4.8
1998-08-11,4.49,23.94,89.48,4.94
1998-08-12,4.69,24.01,88.0,4.63
1998-08-13,2.62,23.55,89.81,3.64
1998-08-14,0.76,23.42,89.46,2.88
1998-08-15,1.84,23.95,87.56,2.22
1998-08-16,8.58,23.65,88.85,2.5
1998-08-17,0.59,23.55,88.84,2.33
1998-08-18,0.25,23.5,88.35,2.77
1998-08-19,5.74,23.45,88.91,2.89
1998-08-20,5.46,23.12,89.93,2.93
1998-08-21,40.42,23.5,90.75,2.65
1998-08-22,27.11,24.24,88.8,1.75
1998-08-23,5.61,24.1,88.9,1.92
1998-08-24,18.61,24.29,91.27,3.12
1998-08-25,18.57,24.06,89.64,4.61
1998-08-26,18.92,23.67,91.04,4.53
1998-08-27,6.8,23.38,90.83,3.67
1998-08-28,5.14,23.27,90.63,3.71
1998-08-29,3.37,23.87,89.24,3.49
1998-08-30,20.27,23.85,90.52,3.25
1998-08-31,6.41,23.61,90.89,2.78
1998-09-01,3.27,23.46,90.12,2.88
1998-09-02,4.15,23.53,89.26,3.13
1998-09-03,1.68,22.56,88.93,3.14
1998-09-04,7.09,22.87,86.97,2.85
1998-09-05,3.57,22.92,91.18,3.04
1998-09-06,7.74,23.64,90.1,3.23
1998-09-07,7.97,23.54,91.17,3.53
1998-09-08,10.03,23.49,92.6,3.47
1998-09-09,11.82,23.95,89.86,4.17
1998-09-10,4.31,23.42,89.46,4.28
1998-09-11,16.42,23.17,89.78,4.15
1998-09-12,25.41,23.22,93.52,3.91
1998-09-13,18.94,23.99,90.97,3.68
1998-09-14,16.38,23.94,90.74,4.0
1998-09-15,6.39,23.57,89.41,3.69
1998-09-16,1.97,23.18,88.94,3.37
1998-09-17,3.08,23.14,88.21,3.25
1998-09-18,2.31,23.01,88.25,2.64
1998-09-19,1.34,22.7,87.79,3.2
1998-09-20,7.62,23.0,88.56,3.38
1998-09-21,4.92,23.19,89.27,3.42
1998-09-22,2.29,23.82,87.4,2.53
1998-09-23,0.92,23.72,87.03,2.41
1998-09-24,4.6,23.64,89.0,1.91
1998-09-25,12.12,23.83,89.24,2.22
1998-09-26,17.84,24.2,88.61,2.02
1998-09-27,6.09,24.2,87.2,2.04
1998-09-28,11.61,24.16,87.81,0.89
1998-09-29,12.45,23.59,91.77,1.56
1998-09-30,7.76,23.68,88.86,2.08
1998-10-01,6.09,23.88,89.18,2.11
1998-10-02,1.59,23.11,93.26,2.52
1998-10-03,4.91,23.43,91.18,3.1
1998-10-04,11.56,22.8,92.44,2.83
1998-10-05,18.84,23.77,87.95,1.56
1998-10-06,10.33,24.31,87.05,1.9
1998-10-07,5.71,23.51,90.27,1.58
1998-10-08,0.87,24.23,86.51,0.83
1998-10-09,9.5,24.15,87.85,1.64
1998-10-10,5.45,24.41,90.4,1.24
1998-10-11,5.79,24.02,91.48,1.51
1998-10-12,6.58,23.33,91.17,2.55
1998-10-13,8.98,22.76,91.64,2.51
1998-10-14,11.83,22.55,92.82,2.71
1998-10-15,21.12,22.7,92.3,3.86
1998-10-16,3.58,22.68,91.41,3.97
1998-10-17,2.43,22.81,91.11,3.54
1998-10-18,0.89,22.74,89.46,3.49
1998-10-19,0.07,21.4,88.22,2.82
1998-10-20,0.0,20.02,82.93,1.47
1998-10-21,0.0,21.06,80.15,1.06
1998-10-22,0.0,21.78,79.83,0.98
1998-10-23,0.0,22.26,82.76,1.2
1998-10-24,0.09,22.83,85.46,1.02
1998-10-25,0.4,23.17,87.34,1.78
1998-10-26,0.19,23.95,84.65,2.03
1998-10-27,1.42,23.97,85.01,1.94
1998-10-28,1.81,23.86,83.31,2.1
1998-10-29,0.08,23.67,84.11,1.66
1998-10-30,0.0,23.15,79.66,1.43
1998-10-31,0.0,21.75,80.82,1.61
1998-11-01,0.02,23.27,83.67,0.64
1998-11-02,7.34,22.77,88.17,1.4
1998-11-03,1.57,23.15,83.25,2.65
1998-11-04,0.53,23.94,83.18,1.74
1998-11-05,0.05,24.02,82.57,2.52
1998-11-06,2.96,23.6,84.05,3.09
1998-11-07,17.14,23.88,88.56,3.35
1998-11-08,7.03,24.35,86.24,2.97
1998-11-09,5.44,23.93,83.74,2.41
1998-11-10,2.38,23.35,83.27,2.42
1998-11-11,0.12,23.2,82.44,1.78
1998-11-12,0.01,24.24,83.05,1.47
1998-11-13,0.0,22.44,73.64,1.68
1998-11-14,0.0,20.83,76.41,1.43
1998-11-15,0.0,20.88,78.4,1.45
1998-11-16,0.09,21.27,81.97,2.02
1998-11-17,0.59,22.01,83.72,1.97
1998-11-18,0.34,21.46,84.03,2.07
1998-11-19,0.05,21.55,82.96,1.33
1998-11-20,0.13,23.04,78.31,0.77
1998-11-21,0.12,22.97,75.86,1.73
1998-11-22,0.01,21.97,72.2,1.75
1998-11-23,0.45,21.16,69.79,2.01
1998-11-24,0.0,22.05,72.79,1.44
1998-11-25,0.0,22.03,72.81,1.73
1998-11-26,0.0,20.77,68.8,2.07
1998-11-27,0.0,18.9,61.96,2.09
1998-11-28,0.0,19.18,66.95,1.7
1998-11-29,0.0,19.69,76.38,1.67
1998-11-30,0.0,21.84,74.99,0.58
1998-12-01,0.0,23.14,77.55,1.75
1998-12-02,0.0,22.71,71.42,2.69
1998-12-03,0.0,20.75,69.21,3.1
1998-12-04,0.0,21.5,70.46,3.02
1998-12-05,0.0,22.19,68.24,2.72
1998-12-06,0.0,21.31,61.66,2.59
1998-12-07,0.0,20.62,62.35,2.76
1998-12-08,0.0,21.73,69.8,3.23
1998-12-09,0.0,22.35,72.14,3.77
1998-12-10,0.31,22.31,78.08,4.16
1998-12-11,1.0,22.59,79.85,4.65
1998-12-12,0.27,23.59,74.29,4.49
1998-12-13,3.86,22.05,70.48,4.12
1998-12-14,1.04,20.29,79.64,3.04
1998-12-15,0.41,22.13,69.75,2.01
1998-12-16,0.02,21.36,61.6,2.42
1998-12-17,0.0,20.26,63.6,2.63
1998-12-18,0.0,20.79,63.41,2.26
1998-12-19,0.0,20.3,60.07,1.8
1998-12-20,0.0,20.02,55.14,1.84
1998-12-21,0.0,19.65,52.36,1.76
1998-12-22,0.0,19.39,54.25,1.99
1998-12-23,0.0,19.22,58.38,2.49
1998-12-24,0.0,19.83,61.95,2.41
1998-12-25,0.0,19.55,60.05,2.82
1998-12-26,0.0,19.37,60.58,2.61
1998-12-27,0.0,21.23,64.25,2.8
1998-12-28,0.0,21.84,65.13,2.75
1998-12-29,0.0,20.23,56.18,2.77
1998-12-30,0.0,19.22,53.67,2.62
1998-12-31,0.0,19.73,57.39,2.78
1999-01-01,0.0,19.97,55.38,3.18
1999-01-02,0.0,19.78,57.96,2.76
1999-01-03,0.0,20.08,56.47,2.44
1999-01-04,0.0,20.08,57.18,2.1
1999-01-05,0.0,19.91,63.14,1.55
1999-01-06,0.0,20.37,74.01,1.61
1999-01-07,0.0,20.85,69.38,1.53
1999-01-08,0.0,21.77,61.5,1.43
1999-01-09,0.0,22.46,57.19,1.86
1999-01-10,0.0,22.1,53.21,2.26
1999-01-11,0.0,22.03,50.28,2.26
1999-01-12,0.0,21.19,48.18,1.73
1999-01-13,0.0,21.21,57.19,2.8
1999-01-14,0.0,23.05,62.49,3.74
1999-01-15,0.0,22.87,60.29,3.12
1999-01-16,0.0,22.22,55.81,2.74
1999-01-17,0.0,21.83,46.56,2.83
1999-01-18,0.0,21.65,46.34,3.04
1999-01-19,0.0,21.36,48.4,2.87
1999-01-20,0.0,21.37,48.02,3.13
1999-01-21,0.0,21.36,50.21,2.91
1999-01-22,0.0,21.44,47.36,2.83
1999-01-23,0.0,21.76,41.53,2.39
1999-01-24,0.0,21.83,40.17,2.07
1999-01-25,0.0,22.02,40.36,2.21
1999-01-26,0.0,22.97,37.13,1.8
1999-01-27,0.0,22.38,41.06,1.43
1999-01-28,0.0,21.81,54.99,1.59
1999-01-29,0.0,22.14,41.75,1.04
1999-01-30,0.0,23.36,43.45,1.02
1999-01-31,0.0,22.59,59.31,1.41
1999-02-01,0.0,23.1,51.7,1.13
1999-02-02,0.0,23.12,40.21,1.99
1999-02-03,0.0,24.92,53.34,2.4
1999-02-04,0.0,25.38,59.73,1.79
1999-02-05,0.0,26.82,53.82,1.37
1999-02-06,0.0,26.52,49.86,3.59
1999-02-07,0.0,25.76,41.66,2.92
1999-02-08,2.69,24.79,58.16,2.46
1999-02-09,0.15,24.9,61.14,1.61
1999-02-10,0.0,24.9,55.26,1.51
1999-02-11,0.0,25.33,47.99,2.19
1999-02-12,0.0,24.74,40.38,3.8
1999-02-13,0.0,25.45,41.97,3.66
1999-02-14,0.0,26.19,40.63,3.07
1999-02-15,0.0,26.89,39.3,3.79
1999-02-16,0.0,26.01,38.79,2.93
1999-02-17,0.0,25.44,35.7,3.21
1999-02-18,0.0,25.46,32.45,3.16
1999-02-19,0.0,26.76,34.52,3.35
1999-02-20,0.0,26.07,33.67,3.28
1999-02-21,0.0,25.7,32.72,3.61
1999-02-22,0.0,26.26,32.77,3.73
1999-02-23,0.0,26.41,36.87,3.26
1999-02-24,0.0,26.45,33.72,2.96
1999-02-25,0.0,26.33,30.69,2.68
1999-02-26,0.0,26.7,29.52,2.95
1999-02-27,0.0,27.32,25.93,3.58
1999-02-28,0.0,27.57,22.05,4.12
1999-03-01,0.0,27.22,28.23,3.38
1999-03-02,0.0,27.24,29.56,3.19
1999-03-03,0.0,27.37,28.05,3.56
1999-03-04,0.0,27.59,27.52,2.39
1999-03-05,0.0,27.72,23.37,1.56
1999-03-06,0.08,27.36,30.16,1.79
1999-03-07,0.26,27.39,37.34,1.38
1999-03-08,0.0,27.88,37.11,1.71
1999-03-09,0.0,28.16,53.86,2.02
1999-03-10,0.0,28.89,47.82,1.63
1999-03-11,0.0,28.8,46.34,1.33
1999-03-12,0.0,28.29,42.32,0.98
1999-03-13,0.0,28.49,38.69,1.24
1999-03-14,0.0,29.15,35.14,1.97
1999-03-15,0.0,29.6,25.45,3.57
1999-03-16,0.0,29.63,25.39,2.82
1999-03-17,0.01,29.23,41.27,1.08
1999-03-18,0.0,29.37,44.18,1.99
1999-03-19,0.0,29.59,45.61,1.57
1999-03-20,0.0,30.36,43.92,2.25
1999-03-21,0.0,30.21,45.16,2.26
1999-03-22,0.0,30.29,47.26,2.58
1999-03-23,0.0,30.43,43.05,2.38
1999-03-24,0.0,29.79,39.95,3.55
1999-03-25,0.0,28.76,47.03,2.55
1999-03-26,0.0,29.66,37.93,2.24
1999-03-27,0.0,29.5,38.84,1.56
1999-03-28,0.0,30.1,44.82,1.84
1999-03-29,0.0,30.35,35.93,1.78
1999-03-30,0.0,30.84,22.49,1.99
1999-03-31,0.0,29.47,44.82,1.6
1999-04-01,0.0,29.71,47.97,1.68
1999-04-02,0.0,30.12,38.14,2.3
1999-04-03,0.0,29.92,17.14,3.54
1999-04-04,0.0,29.56,17.83,2.86
1999-04-05,0.0,29.53,32.55,1.61
1999-04-06,0.0,29.99,48.3,2.26
1999-04-07,0.0,30.25,49.57,2.56
1999-04-08,0.0,30.46,54.11,3.35
1999-04-09,0.0,30.41,51.82,3.27
1999-04-10,0.0,30.25,51.96,2.93
1999-04-11,0.42,30.73,52.6,2.72
1999-04-12,3.23,29.59,57.52,4.16
1999-04-13,0.38,27.81,62.68,4.74
1999-04-14,0.0,29.28,52.84,3.82
1999-04-15,0.0,30.01,46.42,3.29
1999-04-16,0.0,30.35,45.53,2.82
1999-04-17,0.0,29.25,53.85,2.87
1999-04-18,0.0,30.14,50.95,3.0
1999-04-19,0.0,29.72,52.48,3.36
1999-04-20,0.0,30.38,47.77,2.41
1999-04-21,0.0,29.81,51.03,2.47
1999-04-22,0.01,26.9,64.21,4.13
1999-04-23,2.12,27.7,62.69,4.26
1999-04-24,0.15,28.73,62.21,3.77
1999-04-25,0.06,27.83,64.52,4.36
1999-04-26,0.06,27.03,64.77,4.47
1999-04-27,0.04,27.37,60.39,4.49
1999-04-28,0.24,28.72,57.03,4.12
1999-04-29,0.0,30.19,53.27,3.88
1999-04-30,0.01,30.35,55.0,3.9
1999-05-01,0.17,30.55,53.78,3.86
1999-05-02,0.07,30.51,53.22,3.6
1999-05-03,0.07,29.4,54.46,3.67
1999-05-04,0.01,30.74,53.76,2.52
1999-05-05,0.36,27.13,70.12,2.82
1999-05-06,2.82,27.12,66.03,2.32
1999-05-07,7.07,27.0,69.78,2.16
1999-05-08,6.18,26.05,73.81,1.26
1999-05-09,4.72,26.65,69.27,1.29
1999-05-10,6.95,26.01,73.15,1.84
1999-05-11,4.9,26.3,73.72,1.27
1999-05-12,1.63,27.02,70.33,1.06
1999-05-13,0.63,24.89,80.01,0.71
1999-05-14,9.92,25.52,77.09,1.96
1999-05-15,6.32,25.88,73.23,1.79
1999-05-16,2.13,26.4,70.93,1.55
1999-05-17,6.08,24.9,80.23,2.45
1999-05-18,3.26,26.12,73.51,3.21
1999-05-19,5.59,25.29,77.6,3.85
1999-05-20,17.57,24.54,82.36,4.18
1999-05-21,13.32,23.99,85.2,4.02
1999-05-22,8.37,23.53,85.67,3.91
1999-05-23,3.25,23.98,84.34,4.56
1999-05-24,12.27,23.48,87.92,4.48
1999-05-25,11.2,23.76,83.22,4.14
1999-05-26,4.14,24.12,81.13,4.34
1999-05-27,9.23,24.54,77.73,4.12
1999-05-28,7.28,24.72,82.24,3.83
1999-05-29,3.82,24.46,81.68,3.76
1999-05-30,3.89,23.53,80.72,4.23
1999-05-31,1.99,24.39,80.48,4.29
1999-06-01,2.27,25.06,78.32,3.72
1999-06-02,4.04,24.35,80.89,3.9
1999-06-03,8.55,24.68,79.89,4.34
1999-06-04,5.08,25.31,78.53,4.15
1999-06-05,2.55,25.67,76.42,3.53
1999-06-06,8.36,25.83,77.87,3.72
1999-06-07,3.25,25.84,77.58,4.07
1999-06-08,11.1,25.24,80.47,4.4
1999-06-09,17.38,23.79,87.22,4.77
1999-06-10,16.38,24.35,84.99,4.79
1999-06-11,12.33,24.2,88.07,5.42
1999-06-12,21.93,23.31,84.55,6.04
1999-06-13,18.46,24.06,87.22,4.7
1999-06-14,7.29,24.09,88.15,4.17
1999-06-15,12.49,23.42,87.17,4.02
1999-06-16,12.14,22.68,85.36,4.55
1999-06-17,6.36,23.02,85.46,5.39
1999-06-18,24.52,22.92,86.11,5.74
1999-06-19,18.42,23.12,89.64,6.22
1999-06-20,8.8,24.23,85.09,6.01
1999-06-21,6.48,23.55,86.1,6.21
1999-06-22,3.88,23.72,85.04,5.6
1999-06-23,17.63,23.23,86.94,5.43
1999-06-24,13.08,23.0,86.94,4.9
1999-06-25,5.71,23.94,84.5,4.45
1999-06-26,3.99,23.52,85.77,4.08
1999-06-27,10.1,23.32,88.13,4.28
1999-06-28,3.39,22.91,86.97,3.8
1999-06-29,1.67,23.6,84.22,3.85
1999-06-30,0.65,23.62,84.11,3.75
1999-07-01,0.45,23.06,86.76,3.54
1999-07-02,0.92,23.36,85.02,3.8
1999-07-03,0.8,24.06,81.65,3.38
1999-07-04,5.23,23.67,85.49,3.59
1999-07-05,14.05,24.13,85.51,3.09
1999-07-06,30.82,23.03,89.8,3.19
1999-07-07,23.61,23.23,89.26,3.84
1999-07-08,6.49,23.23,89.27,3.71
1999-07-09,9.11,22.38,90.63,4.53
1999-07-10,8.37,22.62,89.5,4.65
1999-07-11,2.53,22.58,89.25,4.93
1999-07-12,1.17,23.01,87.07,4.92
1999-07-13,7.52,22.54,89.07,4.56
1999-07-14,10.26,22.66,87.45,5.25
1999-07-15,25.6,22.44,87.89,5.44
1999-07-16,43.16,22.17,90.92,5.9
1999-07-17,27.28,23.1,90.68,6.01
1999-07-18,13.29,23.26,90.25,5.71
1999-07-19,22.55,23.57,89.26,5.65
1999-07-20,22.14,22.98,90.96,5.75
1999-07-21,41.5,22.87,91.7,5.3
1999-07-22,27.92,22.99,92.32,4.99
1999-07-23,16.46,22.99,91.09,5.46
1999-07-24,11.61,22.84,91.43,5.29
1999-07-25,10.58,23.0,91.9,5.34
1999-07-26,12.67,23.22,89.47,6.22
1999-07-27,6.68,23.36,87.89,6.38
1999-07-28,5.4,23.32,88.19,6.39
1999-07-29,3.17,23.18,87.63,6.17
1999-07-30,3.41,23.09,87.64,5.85
1999-07-31,4.62,23.69,85.93,5.2
1999-08-01,14.81,23.28,88.08,5.04
1999-08-02,5.34,23.04,89.14,5.31
1999-08-03,7.29,23.23,88.37,5.34
1999-08-04,4.88,23.1,87.25,4.87
1999-08-05,6.94,23.31,86.22,5.61
1999-08-06,8.29,23.27,86.11,6.0
1999-08-07,8.79,22.82,88.12,5.98
1999-08-08,4.76,22.96,87.92,5.8
1999-08-09,3.66,23.08,86.63,5.47
1999-08-10,6.9,23.85,86.53,4.59
1999-08-11,5.57,23.44,87.55,3.98
1999-08-12,1.8,23.33,87.27,3.73
1999-08-13,4.9,22.89,87.42,4.34
1999-08-14,3.39,22.91,87.8,3.88
1999-08-15,1.75,23.45,86.15,3.11
1999-08-16,4.86,22.89,89.33,3.16
1999-08-17,4.91,23.05,87.31,2.9
1999-08-18,5.27,23.15,86.71,3.14
1999-08-19,0.43,23.43,85.79,2.54
1999-08-20,0.08,22.83,87.47,2.82
1999-08-21,2.17,23.42,84.01,3.44
1999-08-22,0.41,23.22,84.47,2.81
1999-08-23,1.23,23.68,84.18,2.99
1999-08-24,1.97,23.53,86.15,3.01
1999-08-25,5.36,23.12,86.1,3.67
1999-08-26,14.34,23.2,86.3,4.05
1999-08-27,6.03,23.42,86.11,3.71
1999-08-28,16.78,23.32,87.28,3.66
1999-08-29,4.87,23.47,86.03,3.36
1999-08-30,0.95,23.69,84.38,3.41
1999-08-31,1.06,23.73,83.3,3.42
1999-09-01,3.56,23.76,84.63,3.45
1999-09-02,2.0,23.76,83.72,3.62
1999-09-03,3.53,23.53,83.72,4.02
1999-09-04,5.01,22.85,87.66,3.67
1999-09-05,10.41,23.33,84.73,4.19
1999-09-06,2.31,23.2,84.23,3.82
1999-09-07,4.87,23.17,84.93,3.69
1999-09-08,1.71,22.71,87.15,3.8
1999-09-09,3.13,22.26,88.93,3.23
1999-09-10,13.14,22.7,87.58,3.72
1999-09-11,2.88,22.85,87.44,3.21
1999-09-12,0.58,23.75,84.79,3.51
1999-09-13,0.65,23.47,83.43,3.82
1999-09-14,0.66,23.17,84.41,3.5
1999-09-15,1.12,23.66,83.08,3.48
1999-09-16,1.15,24.04,82.55,3.55
1999-09-17,0.74,24.0,81.5,3.53
1999-09-18,0.02,23.37,80.78,3.11
1999-09-19,0.01,23.62,80.57,2.75
1999-09-20,0.0,24.1,76.39,2.63
1999-09-21,0.0,24.16,78.68,2.54
1999-09-22,0.0,24.63,76.57,2.4
1999-09-23,0.18,23.64,82.34,1.85
1999-09-24,0.5,24.35,82.52,1.78
1999-09-25,0.41,24.18,84.28,1.43
1999-09-26,4.41,25.04,81.69,1.11
1999-09-27,1.7,25.13,80.55,1.68
1999-09-28,18.2,25.14,82.47,0.87
1999-09-29,11.04,24.69,82.53,0.56
1999-09-30,29.77,23.09,92.21,1.72
1999-10-01,13.48,24.14,83.59,0.92
1999-10-02,9.46,24.0,87.6,2.37
1999-10-03,1.95,24.35,84.88,1.41
1999-10-04,5.86,24.55,83.46,1.92
1999-10-05,7.72,24.38,84.06,2.5
1999-10-06,8.35,23.83,89.46,2.66
1999-10-07,5.59,24.33,87.7,2.41
1999-10-08,2.67,24.72,84.92,1.86
1999-10-09,1.25,24.05,85.64,2.03
1999-10-10,14.88,24.52,83.93,1.16
1999-10-11,8.56,24.78,82.0,0.78
1999-10-12,13.38,24.11,85.07,0.85
1999-10-13,14.29,23.73,86.39,1.38
1999-10-14,4.97,23.52,80.53,1.53
1999-10-15,12.82,23.24,88.2,2.35
1999-10-16,4.39,23.17,87.97,2.66
1999-10-17,3.06,24.1,83.78,0.97
1999-10-18,1.08,24.38,83.96,1.04
1999-10-19,0.12,23.73,82.46,1.82
1999-10-20,2.24,23.73,83.34,1.69
1999-10-21,0.15,23.98,85.05,2.03
1999-10-22,23.16,24.05,86.56,2.28
1999-10-23,1.29,23.56,86.38,1.51
1999-10-24,0.84,23.69,84.59,1.7
1999-10-25,26.58,23.75,85.81,1.1
1999-10-26,12.54,23.99,87.15,1.6
1999-10-27,12.46,24.07,85.05,1.22
1999-10-28,10.81,23.77,86.26,0.93
1999-10-29,4.5,21.4,78.43,1.39
1999-10-30,0.39,22.31,85.03,2.14
1999-10-31,0.0,21.65,84.39,2.08
1999-11-01,0.0,21.04,79.14,1.67
1999-11-02,0.83,22.39,82.31,1.25
1999-11-03,0.95,23.18,83.83,1.4
1999-11-04,0.11,23.11,82.49,1.16
1999-11-05,0.11,23.99,82.78,1.16
1999-11-06,4.96,24.1,83.5,1.84
1999-11-07,0.01,23.25,81.4,1.7
1999-11-08,0.0,22.54,70.55,1.58
1999-11-09,0.0,23.24,70.74,0.98
1999-11-10,0.0,22.35,72.06,1.5
1999-11-11,0.0,21.79,67.0,1.37
1999-11-12,0.0,21.4,66.86,1.5
1999-11-13,0.0,20.48,70.08,2.05
1999-11-14,0.0,19.86,63.93,2.0
1999-11-15,0.0,19.46,65.54,2.13
1999-11-16,0.0,19.52,65.5,2.26
1999-11-17,0.0,19.66,66.56,2.18
1999-11-18,0.0,19.77,71.85,2.81
1999-11-19,0.0,20.14,75.97,2.67
1999-11-20,0.1,21.1,79.23,3.37
1999-11-21,0.19,21.81,80.73,3.63
1999-11-22,2.03,22.0,82.46,4.36
1999-11-23,1.3,22.53,83.2,3.55
1999-11-24,0.03,22.74,77.85,3.1
1999-11-25,0.0,22.19,75.03,2.18
1999-11-26,0.0,22.03,72.4,2.21
1999-11-27,0.0,21.23,69.93,2.39
1999-11-28,0.55,22.59,79.4,3.33
1999-11-29,0.16,23.72,79.15,3.25
1999-11-30,0.0,23.64,75.46,3.46
1999-12-01,0.0,22.94,72.96,3.19
1999-12-02,0.0,21.21,68.51,2.89
1999-12-03,0.0,20.08,66.66,2.57
1999-12-04,0.0,19.78,67.86,2.3
1999-12-05,0.0,19.73,66.19,2.19
1999-12-06,0.0,19.89,62.8,2.1
1999-12-07,0.0,20.24,64.71,1.16
1999-12-08,0.0,21.06,68.54,0.75
1999-12-09,0.0,21.39,62.96,1.28
1999-12-10,0.0,21.27,58.7,1.54
1999-12-11,0.0,19.78,57.88,2.53
1999-12-12,0.0,19.33,56.43,2.5
1999-12-13,0.0,21.78,68.58,2.66
1999-12-14,0.0,23.38,65.92,2.43
1999-12-15,0.02,22.09,61.07,2.44
1999-12-16,0.0,21.01,58.43,2.37
1999-12-17,0.0,20.72,60.64,2.62
1999-12-18,0.0,20.35,57.61,2.37
1999-12-19,0.0,19.72,54.02,2.58
1999-12-20,0.0,19.29,63.53,3.07
1999-12-21,0.01,20.83,65.31,2.89
1999-12-22,0.02,22.15,74.38,3.85
1999-12-23,0.0,22.28,65.74,3.8
1999-12-24,0.0,20.8,64.38,3.67
1999-12-25,0.0,21.56,68.84,2.87
1999-12-26,0.0,21.48,65.8,2.92
1999-12-27,0.0,21.06,69.21,2.92
1999-12-28,0.0,22.14,66.76,3.57
1999-12-29,0.0,21.45,64.61,3.0
1999-12-30,0.0,21.48,62.97,2.27
1999-12-31,0.0,20.99,59.66,2.72
2000-01-01,0.0,20.45,58.73,3.16
2000-01-02,0.0,20.4,58.47,2.98
2000-01-03,0.0,20.9,61.13,2.71
2000-01-04,0.0,21.61,57.0,2.36
2000-01-05,0.0,21.61,54.15,2.75
2000-01-06,0.0,21.91,58.25,2.88
2000-01-07,0.0,21.5,53.4,3.13
2000-01-08,0.0,21.52,53.03,2.97
2000-01-09,0.0,22.79,55.83,2.8
2000-01-10,0.0,22.95,52.8,3.0
2000-01-11,0.0,23.72,57.07,2.46
2000-01-12,0.75,23.36,61.93,1.87
2000-01-13,1.23,24.91,65.86,0.96
2000-01-14,0.1,25.45,60.45,1.87
2000-01-15,0.0,25.13,66.88,1.47
2000-01-16,0.0,25.64,54.68,1.92
2000-01-17,0.0,24.17,43.04,3.35
2000-01-18,0.0,23.41,41.05,3.37
2000-01-19,0.0,23.41,40.61,2.89
2000-01-20,0.0,24.16,33.2,1.59
2000-01-21,0.0,24.05,44.31,0.91
2000-01-22,0.0,23.87,52.96,1.05
2000-01-23,0.0,23.22,46.31,0.92
2000-01-24,0.0,22.91,38.15,2.04
2000-01-25,0.0,23.43,43.87,2.58
2000-01-26,0.0,22.66,46.43,2.87
2000-01-27,0.0,22.65,47.15,3.53
2000-01-28,0.0,22.69,48.51,3.41
2000-01-29,0.0,23.04,38.92,3.0
2000-01-30,0.0,22.91,32.59,2.75
2000-01-31,0.0,22.68,33.01,2.31
2000-02-01,0.0,23.03,37.4,1.71
2000-02-02,0.0,23.27,40.07,0.97
2000-02-03,0.0,24.64,41.26,1.04
2000-02-04,0.0,25.05,50.81,1.84
2000-02-05,0.0,24.77,61.44,2.38
2000-02-06,0.0,23.14,61.39,2.12
2000-02-07,0.0,22.5,61.67,2.07
2000-02-08,0.0,22.85,61.22,2.02
2000-02-09,0.0,23.32,62.42,1.99
2000-02-10,0.0,24.37,59.44,1.41
2000-02-11,0.0,23.78,69.11,2.64
2000-02-12,0.0,24.22,66.3,2.46
2000-02-13,0.0,24.93,61.03,1.76
2000-02-14,0.0,25.69,53.45,1.95
2000-02-15,0.0,25.75,38.25,3.67
2000-02-16,0.0,25.6,42.3,2.02
2000-02-17,0.0,26.14,41.08,1.55
2000-02-18,0.0,25.07,42.77,2.28
2000-02-19,0.0,23.98,49.68,2.66
2000-02-20,0.0,21.89,61.04,2.82
2000-02-21,0.0,22.25,57.31,1.86
2000-02-22,0.0,23.95,52.54,1.79
2000-02-23,0.0,25.96,54.61,1.06
2000-02-24,4.81,26.45,58.43,1.43
2000-02-25,1.01,23.47,75.5,1.77
2000-02-26,3.77,25.5,69.77,2.13
2000-02-27,0.77,24.88,68.43,4.15
2000-02-28,0.01,25.71,62.68,4.22
2000-02-29,0.0,25.7,53.88,3.66
2000-03-01,0.0,25.37,42.48,3.29
2000-03-02,0.0,25.36,28.34,2.39
2000-03-03,0.0,25.46,28.35,1.3
2000-03-04,0.0,26.22,35.76,1.01
2000-03-05,0.0,26.14,42.13,0.78
2000-03-06,0.0,25.58,44.01,1.95
2000-03-07,0.0,25.79,47.42,1.39
2000-03-08,0.0,26.41,53.32,1.7
2000-03-09,0.0,27.57,44.26,1.48
2000-03-10,0.0,27.26,35.93,1.41
2000-03-11,0.0,27.55,37.01,1.41
2000-03-12,0.0,27.6,50.02,1.83
2000-03-13,0.0,27.06,53.17,2.58
2000-03-14,0.0,27.45,44.79,1.39
2000-03-15,0.0,27.64,35.85,2.25
2000-03-16,0.0,27.47,28.01,2.37
2000-03-17,0.0,27.12,48.85,1.69
2000-03-18,0.0,27.56,42.98,2.0
2000-03-19,0.0,27.81,40.64,1.67
2000-03-20,0.0,28.33,48.13,1.54
2000-03-21,0.0,29.36,50.36,2.7
2000-03-22,0.0,29.61,44.8,1.55
2000-03-23,0.0,29.35,32.28,1.63
2000-03-24,0.0,29.42,27.64,3.74
2000-03-25,0.0,29.58,25.47,3.32
2000-03-26,0.0,28.94,26.24,2.99
2000-03-27,0.0,30.3,27.08,2.94
2000-03-28,0.0,29.97,32.66,2.38
2000-03-29,0.0,30.19,31.53,2.56
2000-03-30,0.0,29.35,31.55,1.55
2000-03-31,0.0,29.62,39.16,1.94
2000-04-01,0.0,29.85,30.93,2.46
2000-04-02,0.04,30.97,44.36,2.62
2000-04-03,0.04,31.23,46.2,1.78
2000-04-04,2.46,29.58,55.74,2.36
2000-04-05,1.32,27.87,63.97,2.57
2000-04-06,1.59,28.98,52.42,1.24
2000-04-07,0.42,29.61,46.25,2.02
2000-04-08,0.03,29.3,48.64,1.77
2000-04-09,0.04,29.57,50.81,2.45
2000-04-10,0.01,30.8,48.28,3.07
2000-04-11,0.0,30.95,47.96,2.54
2000-04-12,0.0,30.11,52.66,3.27
2000-04-13,0.0,29.22,52.58,3.88
2000-04-14,0.05,29.09,52.95,4.11
2000-04-15,0.01,29.73,54.07,3.55
2000-04-16,0.01,30.33,49.09,2.95
2000-04-17,0.04,30.43,52.25,2.98
2000-04-18,0.62,30.04,51.62,1.42
2000-04-19,0.16,31.25,43.5,2.03
2000-04-20,0.0,30.81,47.06,1.97
2000-04-21,0.0,29.45,54.79,3.27
2000-04-22,0.02,29.79,50.87,2.71
2000-04-23,0.22,29.66,55.13,2.9
2000-04-24,0.2,29.1,55.19,3.37
2000-04-25,0.0,29.9,52.47,4.56
2000-04-26,0.0,30.28,51.22,3.86
2000-04-27,0.15,30.65,51.25,3.4
2000-04-28,0.06,30.89,51.42,3.64
2000-04-29,0.0,30.87,49.63,3.53
2000-04-30,0.0,31.48,43.76,3.02
2000-05-01,0.0,31.09,50.87,2.7
2000-05-02,0.0,30.89,52.06,3.21
2000-05-03,7.36,29.71,54.95,3.92
2000-05-04,3.56,28.33,62.54,2.99
2000-05-05,0.43,29.53,58.98,2.67
2000-05-06,0.12,29.13,58.13,2.9
2000-05-07,3.66,28.02,63.04,3.33
2000-05-08,0.39,27.63,62.0,2.73
2000-05-09,1.56,28.45,60.63,2.2
2000-05-10,0.03,28.57,58.38,3.15
2000-05-11,0.0,28.71,55.99,3.76
2000-05-12,0.0,28.52,56.73,3.79
2000-05-13,0.0,28.36,55.1,3.92
2000-05-14,0.0,28.79,57.42,4.19
2000-05-15,0.51,27.85,60.91,4.94
2000-05-16,8.93,25.8,69.77,4.74
2000-05-17,3.45,25.34,75.12,4.9
2000-05-18,6.07,25.94,73.45,5.39
2000-05-19,9.34,26.01,74.24,5.03
2000-05-20,6.4,26.08,74.69,4.75
2000-05-21,1.62,26.33,74.63,4.34
2000-05-22,0.3,26.57,70.7,4.18
2000-05-23,0.48,26.84,72.23,3.97
2000-05-24,0.11,26.64,73.17,3.31
2000-05-25,5.87,26.11,73.92,3.65
2000-05-26,14.28,25.96,77.12,3.43
2000-05-27,10.63,24.58,83.25,3.26
2000-05-28,5.5,24.47,82.42,4.13
2000-05-29,4.02,23.71,83.07,3.69
2000-05-30,5.79,24.24,81.97,3.71
2000-05-31,11.31,24.9,80.45,3.65
2000-06-01,20.77,24.43,84.56,3.63
2000-06-02,5.11,23.85,83.61,4.95
2000-06-03,7.15,24.19,84.3,4.91
2000-06-04,13.72,24.33,83.36,5.28
2000-06-05,6.78,24.07,87.24,5.55
2000-06-06,13.37,24.59,84.96,7.26
2000-06-07,16.06,24.1,83.7,7.45
2000-06-08,12.15,24.1,81.01,7.39
2000-06-09,19.99,23.87,84.89,6.29
2000-06-10,28.36,23.66,86.56,5.5
2000-06-11,89.28,22.51,90.84,5.09
2000-06-12,57.19,22.53,90.52,4.67
2000-06-13,3.31,23.32,87.04,4.87
2000-06-14,2.0,23.96,85.96,4.86
2000-06-15,2.21,24.32,84.26,4.22
2000-06-16,4.5,24.24,84.99,4.19
2000-06-17,1.57,23.77,84.25,4.9
2000-06-18,0.49,23.9,85.49,4.74
2000-06-19,43.28,24.02,88.81,4.55
2000-06-20,6.42,24.37,86.94,4.17
2000-06-21,2.51,23.95,86.93,3.71
2000-06-22,6.52,23.89,87.36,3.45
2000-06-23,2.75,24.31,84.01,3.75
2000-06-24,0.8,23.99,83.03,3.76
2000-06-25,1.03,23.71,84.03,3.56
2000-06-26,2.77,23.02,87.2,3.84
2000-06-27,5.08,23.32,84.53,4.5
2000-06-28,11.11,23.16,87.47,4.53
2000-06-29,14.69,23.09,89.86,4.74
2000-06-30,28.91,22.26,89.62,4.65
2000-07-01,13.1,23.14,86.75,4.79
2000-07-02,15.49,22.58,88.18,4.45
2000-07-03,8.17,22.53,89.08,4.86
2000-07-04,22.97,22.92,89.89,4.94
2000-07-05,22.92,23.13,90.63,4.9
2000-07-06,8.46,23.0,91.69,4.76
2000-07-07,46.73,22.91,91.65,4.66
2000-07-08,31.15,22.61,91.93,5.53
2000-07-09,21.6,22.23,90.05,5.87
2000-07-10,22.57,22.81,89.59,6.47
2000-07-11,14.94,23.4,89.92,6.61
2000-07-12,34.13,23.32,89.67,7.2
2000-07-13,24.2,23.54,88.34,7.5
2000-07-14,13.56,22.77,90.99,6.38
2000-07-15,4.55,22.78,89.31,6.0
2000-07-16,4.39,22.85,87.44,5.79
2000-07-17,4.13,22.83,88.27,5.73
2000-07-18,4.77,22.77,88.36,6.19
2000-07-19,3.75,23.02,87.07,5.67
2000-07-20,1.48,23.13,86.96,5.0
2000-07-21,0.32,23.2,86.8,3.86
2000-07-22,0.29,23.12,86.11,3.43
2000-07-23,0.15,23.02,86.57,3.01
2000-07-24,0.16,23.28,85.09,3.27
2000-07-25,0.31,22.76,86.74,3.06
2000-07-26,0.29,23.21,84.09,3.3
2000-07-27,1.51,22.85,86.57,3.53
2000-07-28,1.27,23.51,85.14,3.6
2000-07-29,1.06,23.75,84.44,3.29
2000-07-30,0.37,23.43,84.37,3.03
2000-07-31,0.56,23.12,83.95,2.91
2000-08-01,0.65,23.82,81.82,3.17
2000-08-02,0.11,24.15,80.0,3.04
2000-08-03,11.7,24.15,82.06,2.84
2000-08-04,16.71,24.08,84.56,2.21
2000-08-05,6.21,24.7,83.74,1.54
2000-08-06,36.63,24.28,85.96,1.39
2000-08-07,14.34,23.47,88.7,2.18
2000-08-08,15.79,22.09,89.03,4.5
2000-08-09,11.43,21.16,89.72,4.39
2000-08-10,27.45,22.42,89.4,4.75
2000-08-11,9.82,22.96,88.49,5.54
2000-08-12,2.21,23.05,89.24,4.51
2000-08-13,0.69,23.64,88.35,2.92
2000-08-14,0.04,23.68,87.96,2.08
2000-08-15,2.48,23.48,88.51,2.47
2000-08-16,1.43,23.14,89.28,3.16
2000-08-17,1.72,23.38,87.79,3.51
2000-08-18,0.64,23.23,87.48,3.89
2000-08-19,1.22,22.91,87.67,4.85
2000-08-20,3.4,23.14,87.8,5.0
2000-08-21,3.04,23.31,88.94,5.34
2000-08-22,10.31,22.75,89.19,6.0
2000-08-23,20.27,22.56,90.46,6.04
2000-08-24,31.53,21.34,93.19,6.03
2000-08-25,17.92,22.6,89.06,7.02
2000-08-26,6.86,23.02,87.69,6.36
2000-08-27,6.13,22.87,90.22,5.53
2000-08-28,3.98,22.79,89.61,5.06
2000-08-29,4.72,23.0,87.84,4.67
2000-08-30,6.49,22.53,89.17,4.41
2000-08-31,6.24,22.93,88.47,4.17
2000-09-01,13.13,22.91,88.41,4.72
2000-09-02,5.04,23.37,87.59,4.95
2000-09-03,2.68,23.16,87.27,4.09
2000-09-04,0.98,23.2,86.01,3.5
2000-09-05,0.16,23.27,85.87,3.14
2000-09-06,0.07,23.38,85.2,3.02
2000-09-07,1.84,22.83,87.61,2.74
2000-09-08,0.28,23.6,83.97,2.62
2000-09-09,0.23,23.73,83.23,2.69
2000-09-10,2.0,23.64,83.9,3.06
2000-09-11,1.6,22.65,87.16,2.83
2000-09-12,0.13,23.76,82.2,2.69
2000-09-13,4.59,24.69,81.56,2.05
2000-09-14,1.58,25.48,77.83,1.7
2000-09-15,0.18,24.15,86.21,2.22
2000-09-16,0.77,24.36,84.24,2.44
2000-09-17,4.1,24.49,85.9,1.55
2000-09-18,2.05,24.07,88.35,1.6
2000-09-19,5.39,23.92,84.11,1.15
2000-09-20,5.71,24.85,79.47,0.82
2000-09-21,3.11,25.23,78.31,1.56
2000-09-22,11.21,24.21,83.02,2.6
2000-09-23,26.13,25.22,80.78,2.89
2000-09-24,14.19,23.97,83.95,2.45
2000-09-25,27.94,24.52,80.76,1.29
2000-09-26,5.59,24.36,86.19,1.89
2000-09-27,7.33,24.15,88.31,1.76
2000-09-28,3.33,24.68,85.76,1.36
2000-09-29,1.09,23.76,89.66,1.92
2000-09-30,7.74,22.96,92.79,1.86
2000-10-01,12.74,23.33,88.03,1.58
2000-10-02,2.09,23.73,83.8,1.07
2000-10-03,3.96,22.96,86.49,1.29
2000-10-04,0.46,23.31,86.79,1.28
2000-10-05,15.65,22.9,89.47,1.5
2000-10-06,19.54,23.26,87.54,1.02
2000-10-07,1.63,24.09,84.33,0.7
2000-10-08,7.66,23.94,86.24,0.98
2000-10-09,7.67,22.85,91.12,1.73
2000-10-10,0.66,22.99,89.98,2.0
2000-10-11,3.63,23.1,89.86,1.08
2000-10-12,4.22,23.56,87.71,1.76
2000-10-13,7.2,23.36,88.28,1.74
2000-10-14,2.53,23.86,86.93,1.32
2000-10-15,1.58,24.63,81.54,1.1
2000-10-16,2.19,23.83,74.0,1.48
2000-10-17,0.94,23.27,68.69,1.64
2000-10-18,0.64,23.38,84.0,1.11
2000-10-19,8.85,21.94,90.85,1.91
2000-10-20,4.67,22.31,94.31,2.16
2000-10-21,5.32,23.81,89.18,1.18
2000-10-22,3.5,23.89,87.13,1.15
2000-10-23,2.46,23.9,78.57,1.69
2000-10-24,0.36,22.15,76.93,1.92
2000-10-25,0.0,22.22,71.02,1.91
2000-10-26,0.0,23.61,67.47,1.14
2000-10-27,0.0,24.01,74.8,1.05
2000-10-28,0.0,24.09,72.54,0.97
2000-10-29,0.0,23.79,67.87,0.94
2000-10-30,0.0,23.54,67.04,0.83
2000-10-31,0.0,23.04,70.49,1.05
2000-11-01,0.06,22.49,77.18,2.01
2000-11-02,0.92,22.69,77.92,2.86
2000-11-03,0.11,23.4,80.12,2.31
2000-11-04,0.01,24.37,78.17,2.04
2000-11-05,1.81,24.63,75.73,1.92
2000-11-06,1.21,23.61,77.81,1.5
2000-11-07,0.09,23.22,75.2,2.32
2000-11-08,0.0,22.06,73.41,2.75
2000-11-09,0.0,22.03,78.62,2.58
2000-11-10,0.0,23.31,76.12,2.6
2000-11-11,0.0,23.09,74.64,3.09
2000-11-12,0.0,22.29,70.66,2.7
2000-11-13,0.0,21.2,69.35,2.92
2000-11-14,0.0,21.09,68.33,3.35
2000-11-15,0.0,21.36,70.28,3.5
2000-11-16,0.0,20.95,70.13,3.52
2000-11-17,0.0,21.08,71.62,3.25
2000-11-18,0.0,21.09,69.37,2.61
2000-11-19,0.0,21.65,69.23,2.01
2000-11-20,0.0,22.37,63.07,1.67
2000-11-21,0.0,20.97,71.81,1.9
2000-11-22,0.16,23.14,72.98,3.04
2000-11-23,0.23,24.34,76.09,3.62
2000-11-24,0.01,24.29,68.96,2.72
2000-11-25,0.0,22.59,57.7,2.19
2000-11-26,0.0,21.93,54.25,1.83
2000-11-27,0.0,22.05,54.11,1.9
2000-11-28,0.0,22.21,55.89,1.41
2000-11-29,0.05,22.57,61.6,2.93
2000-11-30,0.91,23.67,80.85,3.29
2000-12-01,0.05,24.17,73.46,2.88
2000-12-02,0.64,24.72,73.34,3.17
2000-12-03,0.71,24.46,74.54,3.2
2000-12-04,0.02,24.69,68.53,2.95
2000-12-05,0.0,22.9,57.17,2.36
2000-12-06,0.0,20.72,53.26,3.02
2000-12-07,0.0,20.1,56.31,3.25
2000-12-08,0.0,19.7,58.62,3.24
2000-12-09,0.0,19.86,57.87,2.92
2000-12-10,0.0,19.86,55.04,2.8
2000-12-11,0.0,19.84,53.38,2.86
2000-12-12,0.0,19.74,51.81,2.7
2000-12-13,0.0,19.8,48.53,2.71
2000-12-14,0.0,20.14,45.97,2.41
2000-12-15,0.0,19.67,49.67,2.67
2000-12-16,0.0,19.73,56.6,3.02
2000-12-17,0.0,19.88,54.83,3.29
2000-12-18,0.0,19.87,55.77,2.65
2000-12-19,0.0,19.92,49.69,2.73
2000-12-20,0.0,20.19,52.23,3.31
2000-12-21,0.0,20.04,57.53,3.16
2000-12-22,0.0,20.4,54.25,2.7
2000-12-23,0.0,20.78,52.8,3.03
2000-12-24,0.0,21.02,49.15,2.72
2000-12-25,0.0,20.96,50.37,2.72
2000-12-26,0.0,20.77,50.06,3.06
2000-12-27,0.0,20.9,56.99,3.19
2000-12-28,0.0,21.43,60.01,3.53
2000-12-29,0.4,22.73,66.62,3.8
2000-12-30,1.32,24.25,72.34,2.38
2000-12-31,1.17,23.89,77.05,2.04
2001-01-01,0.15,23.28,75.17,1.98
2001-01-02,0.0,22.89,68.68,1.45
2001-01-03,0.0,23.93,65.32,1.21
2001-01-04,0.0,24.85,57.78,2.99
2001-01-05,0.0,23.98,56.25,2.88
2001-01-06,0.0,22.62,50.27,2.66
2001-01-07,0.0,22.06,50.18,2.13
2001-01-08,0.0,22.14,47.36,1.42
2001-01-09,0.0,22.23,50.08,1.45
2001-01-10,0.0,23.51,55.2,1.67
2001-01-11,0.0,24.54,56.47,1.42
2001-01-12,0.0,24.87,58.77,1.22
2001-01-13,0.0,26.03,51.82,1.9
2001-01-14,0.0,25.4,45.23,2.28
2001-01-15,0.0,24.71,46.21,2.24
2001-01-16,0.0,24.13,49.67,2.75
2001-01-17,0.0,23.44,48.09,4.01
2001-01-18,0.0,22.57,43.26,3.61
2001-01-19,0.0,22.91,47.24,3.4
2001-01-20,0.0,23.09,45.96,3.6
2001-01-21,0.0,22.31,45.1,2.77
2001-01-22,0.0,22.72,33.01,1.67
2001-01-23,0.0,23.33,31.17,1.77
2001-01-24,0.0,24.09,39.91,2.82
2001-01-25,0.0,24.51,39.65,2.12
2001-01-26,0.0,23.23,20.81,2.88
2001-01-27,0.0,22.53,24.59,1.95
2001-01-28,0.0,22.38,33.94,2.64
2001-01-29,0.0,22.83,33.27,2.7
2001-01-30,0.0,22.89,29.8,2.55
2001-01-31,0.0,23.5,30.34,2.58
2001-02-01,0.0,24.91,40.03,1.92
2001-02-02,0.0,25.53,31.63,1.55
2001-02-03,0.0,25.82,44.1,1.07
2001-02-04,0.0,26.0,54.38,1.48
2001-02-05,0.0,25.89,49.86,1.41
2001-02-06,0.0,26.35,40.15,1.49
2001-02-07,0.0,25.59,28.2,2.79
2001-02-08,0.0,24.43,23.73,2.86
2001-02-09,0.0,24.1,19.58,1.92
2001-02-10,0.0,24.76,20.67,1.22
2001-02-11,0.0,24.16,42.35,1.03
2001-02-12,0.0,24.73,15.3,2.14
2001-02-13,0.0,25.0,24.42,2.03
2001-02-14,0.0,24.96,30.39,1.42
2001-02-15,0.0,24.91,31.51,1.36
2001-02-16,0.0,25.16,31.42,0.88
2001-02-17,0.0,25.88,28.95,1.4
2001-02-18,0.0,26.23,34.65,1.79
2001-02-19,0.0,27.06,33.59,0.84
2001-02-20,0.0,27.47,34.93,0.88
2001-02-21,0.0,27.44,36.9,0.94
2001-02-22,0.0,26.66,41.63,1.77
2001-02-23,0.0,27.66,24.82,2.35
2001-02-24,0.0,27.33,31.86,1.09
2001-02-25,0.0,27.27,51.62,2.11
2001-02-26,0.0,26.74,45.23,2.02
2001-02-27,0.0,26.56,41.18,1.01
2001-02-28,0.0,27.23,44.73,1.53
2001-03-01,0.0,28.07,40.7,1.04
2001-03-02,0.0,28.26,27.39,2.1
2001-03-03,0.0,26.96,25.41,2.28
2001-03-04,0.0,26.9,51.43,2.19
2001-03-05,0.0,27.53,44.83,1.2
2001-03-06,0.0,27.22,44.32,2.17
2001-03-07,0.0,27.35,37.22,2.74
2001-03-08,0.0,26.59,33.62,2.46
2001-03-09,0.0,25.52,50.16,2.74
2001-03-10,0.0,26.31,52.84,2.3
2001-03-11,0.0,26.62,48.46,1.69
2001-03-12,0.0,27.74,46.39,2.34
2001-03-13,0.0,27.23,47.29,2.6
2001-03-14,0.0,27.06,45.1,1.19
2001-03-15,0.0,28.14,44.6,1.53
2001-03-16,0.0,29.29,37.85,2.25
2001-03-17,0.0,29.94,32.95,2.32
2001-03-18,0.0,30.88,30.02,1.25
2001-03-19,0.0,30.36,40.25,2.79
2001-03-20,0.0,28.88,51.25,2.3
2001-03-21,0.0,28.67,52.81,2.97
2001-03-22,0.0,29.16,43.95,2.99
2001-03-23,0.0,29.07,39.04,2.45
2001-03-24,0.0,28.86,40.85,3.03
2001-03-25,0.0,28.15,44.2,2.75
2001-03-26,0.0,28.07,51.68,3.45
2001-03-27,0.0,28.51,49.91,3.53
2001-03-28,0.0,29.5,43.18,2.34
2001-03-29,0.0,29.62,41.51,2.06
2001-03-30,0.0,27.81,49.76,2.83
2001-03-31,0.0,28.53,41.03,1.78
2001-04-01,0.0,29.36,27.14,1.77
2001-04-02,0.98,29.65,47.03,2.05
2001-04-03,4.64,29.23,51.51,1.86
2001-04-04,0.31,30.97,39.72,1.74
2001-04-05,0.03,30.64,42.42,1.46
2001-04-06,0.0,29.93,45.07,1.73
2001-04-07,0.0,30.31,34.6,2.02
2001-04-08,3.87,28.52,53.27,1.65
2001-04-09,1.83,27.69,62.61,1.81
2001-04-10,1.02,29.76,51.13,1.43
2001-04-11,0.08,29.59,47.99,2.12
2001-04-12,6.17,27.43,60.86,2.03
2001-04-13,4.88,26.62,68.23,1.4
2001-04-14,9.28,26.99,69.15,0.99
2001-04-15,1.91,25.02,78.57,2.03
2001-04-16,1.15,26.45,70.66,2.24
2001-04-17,0.26,26.65,64.87,2.46
2001-04-18,1.02,27.45,61.24,1.5
2001-04-19,0.17,27.95,58.06,1.75
2001-04-20,0.0,28.75,54.57,1.99
2001-04-21,0.01,29.9,55.4,2.05
2001-04-22,0.63,29.5,57.09,1.4
2001-04-23,0.67,30.55,54.32,1.84
2001-04-24,8.98,29.42,60.51,1.09
2001-04-25,0.47,28.86,63.13,1.78
2001-04-26,0.07,29.76,56.23,1.79
2001-04-27,0.08,30.03,53.28,1.76
2001-04-28,0.0,29.58,57.3,3.17
2001-04-29,0.0,30.62,55.5,2.58
2001-04-30,0.55,30.82,54.82,2.83
2001-05-01,0.04,31.67,52.86,2.23
2001-05-02,0.96,29.28,62.07,3.37
2001-05-03,2.04,29.64,61.33,3.14
2001-05-04,0.82,27.2,69.92,2.87
2001-05-05,0.03,29.47,63.43,3.31
2001-05-06,0.0,30.47,58.84,3.96
2001-05-07,2.48,29.84,59.16,4.39
2001-05-08,1.08,29.53,61.05,3.88
2001-05-09,0.0,29.48,57.94,4.25
2001-05-10,0.0,30.06,55.79,4.16
2001-05-11,0.0,30.97,52.6,3.67
2001-05-12,0.0,30.8,52.4,4.42
2001-05-13,0.0,29.47,57.71,4.94
2001-05-14,0.0,30.12,52.21,4.5
2001-05-15,0.0,30.2,52.86,3.59
2001-05-16,0.0,30.85,50.05,3.46
2001-05-17,0.0,29.64,52.87,4.2
2001-05-18,0.0,28.81,56.29,4.67
2001-05-19,0.98,27.25,61.89,4.03
2001-05-20,1.17,25.86,67.61,3.58
2001-05-21,2.26,26.61,66.39,2.11
2001-05-22,7.74,26.34,66.82,3.95
2001-05-23,5.97,25.45,75.32,4.91
2001-05-24,9.9,25.44,74.7,5.31
2001-05-25,5.06,25.3,78.31,4.86
2001-05-26,1.87,25.12,72.57,5.02
2001-05-27,1.01,25.18,73.54,4.24
2001-05-28,5.48,25.48,74.37,4.9
2001-05-29,2.74,24.94,73.02,4.39
2001-05-30,6.08,25.39,73.54,4.56
2001-05-31,1.26,24.62,73.05,4.45
2001-06-01,0.02,26.14,69.55,4.45
2001-06-02,0.0,26.85,64.2,4.33
2001-06-03,0.11,25.9,67.18,4.02
2001-06-04,0.22,25.68,72.61,4.09
2001-06-05,9.94,24.21,79.04,3.99
2001-06-06,15.29,23.8,85.19,4.01
2001-06-07,11.21,24.03,81.6,4.93
2001-06-08,8.72,23.81,81.49,5.33
2001-06-09,4.82,23.53,83.13,5.66
2001-06-10,7.46,24.0,80.03,5.32
2001-06-11,30.0,23.67,83.32,5.94
2001-06-12,15.77,22.69,84.71,5.93
2001-06-13,16.28,23.01,83.65,5.7
2001-06-14,12.66,22.19,82.15,6.94
2001-06-15,5.43,24.0,81.41,6.7
2001-06-16,3.39,24.31,84.02,6.05
2001-06-17,2.11,24.4,81.68,5.9
2001-06-18,8.46,24.57,81.27,5.56
2001-06-19,8.33,24.24,84.12,4.91
2001-06-20,5.98,24.5,82.13,5.36
2001-06-21,11.22,24.01,85.16,5.42
2001-06-22,2.64,24.44,83.3,5.95
2001-06-23,0.73,24.81,80.95,6.26
2001-06-24,1.64,24.45,82.56,5.87
2001-06-25,1.6,24.74,81.77,5.79
2001-06-26,2.46,24.62,81.72,5.99
2001-06-27,11.83,24.44,82.67,5.67
2001-06-28,16.28,23.95,84.6,5.46
2001-06-29,9.66,24.39,82.93,5.38
2001-06-30,7.35,24.6,82.17,5.39
2001-07-01,13.16,24.16,84.66,5.15
2001-07-02,5.67,24.33,83.94,5.19
2001-07-03,8.17,24.64,82.22,5.77
2001-07-04,18.46,24.42,84.21,6.24
2001-07-05,12.19,24.48,84.42,6.26
2001-07-06,6.85,24.45,83.24,6.44
2001-07-07,8.8,23.51,86.24,6.36
2001-07-08,14.4,23.9,85.12,6.8
2001-07-09,10.68,23.55,85.87,6.66
2001-07-10,14.81,24.07,85.31,6.25
2001-07-11,10.1,23.51,86.69,5.6
2001-07-12,4.25,23.14,86.55,5.02
2001-07-13,17.79,22.38,88.76,4.41
2001-07-14,5.54,22.03,88.99,3.56
2001-07-15,4.69,22.33,86.26,4.3
2001-07-16,9.1,22.5,87.03,4.61
2001-07-17,7.12,22.35,87.0,5.55
2001-07-18,7.7,22.57,86.88,5.14
2001-07-19,7.5,23.75,85.78,5.17
2001-07-20,2.88,23.72,84.47,4.8
2001-07-21,0.75,23.3,84.76,4.4
2001-07-22,2.56,23.52,84.28,4.53
2001-07-23,4.3,23.56,85.18,4.35
2001-07-24,8.67,23.45,86.9,4.81
2001-07-25,9.08,23.68,87.33,4.28
2001-07-26,28.21,23.03,89.26,3.67
2001-07-27,12.89,23.49,88.09,3.71
2001-07-28,19.67,23.3,88.87,3.4
2001-07-29,20.98,23.06,89.42,4.37
2001-07-30,20.25,23.32,88.63,4.05
2001-07-31,40.14,23.3,90.94,3.75
2001-08-01,15.36,22.89,90.71,3.48
2001-08-02,27.43,22.79,90.98,4.08
2001-08-03,36.47,22.27,92.11,4.03
2001-08-04,20.66,22.64,90.98,4.1
2001-08-05,6.84,23.11,88.62,4.45
2001-08-06,1.94,23.11,88.26,4.39
2001-08-07,1.93,23.37,87.66,4.29
2001-08-08,2.83,23.48,87.85,4.19
2001-08-09,5.24,23.37,89.33,3.81
2001-08-10,3.45,23.8,87.93,3.8
2001-08-11,1.26,23.26,89.15,4.13
2001-08-12,0.73,23.23,88.2,4.21
2001-08-13,4.44,23.2,88.79,4.43
2001-08-14,6.49,22.99,89.19,4.97
2001-08-15,7.21,22.16,88.97,5.62
2001-08-16,10.46,23.06,88.08,5.49
2001-08-17,10.54,21.95,89.24,5.41
2001-08-18,11.6,22.93,90.03,5.28
2001-08-19,3.78,23.34,87.23,5.22
2001-08-20,6.73,23.05,87.71,4.97
2001-08-21,5.35,23.67,86.15,5.0
2001-08-22,1.74,23.81,86.04,4.98
2001-08-23,2.35,23.89,85.55,4.72
2001-08-24,5.6,23.65,86.32,4.42
2001-08-25,7.54,23.81,86.15,4.18
2001-08-26,4.64,23.84,86.56,3.51
2001-08-27,4.41,23.69,86.63,3.47
2001-08-28,1.77,22.98,86.51,4.28
2001-08-29,2.03,23.2,84.89,4.36
2001-08-30,1.35,23.2,84.81,4.08
2001-08-31,1.25,22.96,84.06,3.98
2001-09-01,0.77,23.03,83.73,3.68
2001-09-02,0.58,22.59,85.29,2.98
2001-09-03,0.13,23.58,81.93,2.9
2001-09-04,0.16,22.89,84.11,2.87
2001-09-05,0.24,22.65,85.25,3.28
2001-09-06,0.02,23.47,81.18,3.11
2001-09-07,0.0,23.91,80.93,2.71
2001-09-08,0.83,24.3,81.8,2.44
2001-09-09,0.26,24.28,83.04,2.72
2001-09-10,0.01,23.3,84.93,2.44
2001-09-11,0.0,23.47,81.71,2.86
2001-09-12,0.0,23.43,80.75,2.62
2001-09-13,0.01,24.15,78.91,2.4
2001-09-14,4.1,24.38,79.77,2.13
2001-09-15,0.87,23.48,83.27,1.67
2001-09-16,5.62,24.81,82.07,1.5
2001-09-17,3.98,23.81,90.46,2.66
2001-09-18,6.53,23.55,88.43,2.22
2001-09-19,1.02,24.1,86.11,2.35
2001-09-20,10.68,23.74,86.91,2.75
2001-09-21,7.97,23.82,87.0,2.26
2001-09-22,10.48,23.5,87.46,2.28
2001-09-23,6.53,23.3,87.21,2.34
2001-09-24,4.91,23.34,85.97,2.75
2001-09-25,1.23,23.2,86.21,2.56
2001-09-26,7.89,23.93,86.32,2.8
2001-09-27,15.18,23.67,88.59,2.7
2001-09-28,13.43,23.86,84.81,0.99
2001-09-29,9.36,23.71,83.81,1.18
2001-09-30,11.75,23.2,90.49,2.55
2001-10-01,7.26,23.8,88.61,3.1
2001-10-02,0.67,23.47,86.56,3.37
2001-10-03,0.0,23.18,84.34,3.0
2001-10-04,11.47,23.0,88.72,2.38
2001-10-05,12.05,22.58,90.28,2.64
2001-10-06,21.35,22.08,93.35,2.18
2001-10-07,26.32,22.94,90.62,2.19
2001-10-08,9.51,23.15,91.46,2.15
2001-10-09,1.95,22.3,93.23,1.8
2001-10-10,2.22,22.33,92.67,1.86
2001-10-11,1.54,23.6,90.28,1.84
2001-10-12,12.22,23.13,92.72,1.69
2001-10-13,11.18,23.52,90.55,2.43
2001-10-14,0.83,23.32,89.79,1.91
2001-10-15,2.57,24.22,86.48,1.68
2001-10-16,8.99,22.97,89.06,1.86
2001-10-17,7.45,22.08,91.65,1.72
2001-10-18,1.12,23.49,88.96,0.96
2001-10-19,0.39,24.0,88.33,0.81
2001-10-20,0.74,24.13,88.09,1.31
2001-10-21,0.2,23.34,85.62,2.17
2001-10-22,0.0,22.08,82.51,2.54
2001-10-23,0.0,21.48,79.25,2.22
2001-10-24,0.24,22.5,81.57,2.07
2001-10-25,0.44,22.22,87.61,2.23
2001-10-26,0.08,22.8,80.95,2.27
2001-10-27,0.0,22.08,80.55,3.15
2001-10-28,0.0,22.3,75.46,2.27
2001-10-29,0.0,22.19,64.95,1.17
2001-10-30,0.0,22.66,68.94,0.9
2001-10-31,0.0,23.05,71.61,0.94
2001-11-01,0.0,22.61,73.11,2.07
2001-11-02,0.08,23.48,80.84,2.02
2001-11-03,0.01,23.36,77.02,2.09
2001-11-04,0.0,22.33,73.62,2.13
2001-11-05,2.77,23.12,77.54,1.92
2001-11-06,3.88,23.57,85.08,2.74
2001-11-07,3.62,23.52,85.35,2.73
2001-11-08,0.39,23.68,79.52,2.4
2001-11-09,0.0,22.67,74.33,2.26
2001-11-10,0.0,23.25,74.54,1.81
2001-11-11,0.0,22.18,72.48,1.53
2001-11-12,0.0,22.14,76.03,2.06
2001-11-13,0.0,22.23,74.0,1.95
2001-11-14,0.0,24.19,77.37,1.17
2001-11-15,0.43,24.49,79.26,1.94
2001-11-16,7.33,24.07,79.89,1.82
2001-11-17,3.55,23.54,79.97,2.46
2001-11-18,2.28,24.06,79.03,2.76
2001-11-19,0.14,24.11,76.01,3.07
2001-11-20,0.0,22.75,75.97,3.05
2001-11-21,0.0,22.5,75.63,2.9
2001-11-22,0.87,22.82,74.64,2.78
2001-11-23,0.56,23.08,76.76,2.85
2001-11-24,0.0,22.27,75.54,2.82
2001-11-25,0.0,21.95,74.09,2.65
2001-11-26,0.0,22.01,72.68,2.68
2001-11-27,0.0,22.25,69.43,1.48
2001-11-28,0.01,22.19,74.23,1.13
2001-11-29,0.0,22.26,73.22,2.53
2001-11-30,0.0,21.57,66.07,2.89
2001-12-01,0.0,23.24,74.24,2.85
2001-12-02,0.0,23.63,65.44,2.74
2001-12-03,0.0,21.57,64.63,3.04
2001-12-04,0.0,20.78,61.72,2.79
2001-12-05,0.0,20.36,61.56,2.42
2001-12-06,0.0,20.88,54.33,2.41
2001-12-07,0.0,20.28,56.97,2.6
2001-12-08,0.0,20.31,55.52,2.46
2001-12-09,0.0,20.15,57.74,2.8
2001-12-10,0.0,19.42,60.44,2.73
2001-12-11,0.0,19.6,60.56,2.83
2001-12-12,0.0,20.13,58.86,2.84
2001-12-13,0.0,20.7,59.05,2.93
2001-12-14,0.0,20.94,59.4,2.82
2001-12-15,0.0,21.13,65.35,2.52
2001-12-16,0.0,21.06,64.95,2.94
2001-12-17,0.0,21.33,60.85,3.0
2001-12-18,0.0,22.57,66.06,3.43
2001-12-19,0.0,21.73,62.55,3.91
2001-12-20,0.0,20.14,63.47,3.82
2001-12-21,0.1,21.07,70.69,3.94
2001-12-22,0.05,21.99,72.38,3.95
2001-12-23,0.0,23.02,68.49,3.47
2001-12-24,0.0,23.44,70.25,3.42
2001-12-25,0.83,23.42,70.1,3.23
2001-12-26,0.11,23.9,65.81,3.15
2001-12-27,0.01,23.48,63.48,3.64
2001-12-28,0.0,21.43,63.31,3.38
2001-12-29,0.0,20.78,68.96,3.2
2001-12-30,0.0,20.92,67.97,2.99
2001-12-31,0.0,20.85,66.6,3.1
2002-01-01,0.0,21.52,63.29,3.76
2002-01-02,0.0,20.65,62.27,4.01
2002-01-03,0.0,20.59,60.23,3.68
2002-01-04,0.0,21.76,62.01,2.56
2002-01-05,0.0,23.05,66.83,2.53
2002-01-06,0.0,23.81,66.46,1.48
2002-01-07,0.0,24.05,62.73,1.23
2002-01-08,0.0,24.13,65.18,3.1
2002-01-09,0.0,22.89,69.18,4.22
2002-01-10,0.0,23.38,62.3,4.15
2002-01-11,0.0,22.63,59.59,3.34
2002-01-12,0.0,22.0,53.15,2.87
2002-01-13,0.0,21.08,45.5,2.8
2002-01-14,0.0,20.88,43.17,2.52
2002-01-15,0.0,21.38,38.91,1.97
2002-01-16,0.0,21.7,38.67,2.06
2002-01-17,0.0,21.46,51.68,1.56
2002-01-18,0.0,21.78,68.07,1.65
2002-01-19,0.0,21.81,67.03,1.69
2002-01-20,0.0,22.74,62.61,1.64
2002-01-21,0.0,24.42,62.82,1.94
2002-01-22,0.0,24.73,61.1,1.75
2002-01-23,0.0,25.0,60.82,1.22
2002-01-24,0.0,24.89,58.66,1.5
2002-01-25,0.0,24.57,32.85,1.92
2002-01-26,0.0,23.97,37.17,1.38
2002-01-27,0.0,21.95,57.54,2.28
2002-01-28,0.0,21.31,67.18,1.94
2002-01-29,0.0,21.82,64.39,1.77
2002-01-30,0.0,23.69,55.06,1.93
2002-01-31,0.0,24.02,50.35,3.44
2002-02-01,0.0,24.64,60.46,3.83
2002-02-02,0.0,24.83,56.44,3.2
2002-02-03,0.0,25.42,58.41,3.06
2002-02-04,0.0,25.9,54.56,2.37
2002-02-05,0.0,26.49,50.2,2.28
2002-02-06,0.0,26.49,57.36,2.02
2002-02-07,3.31,25.85,67.87,2.15
2002-02-08,2.69,25.75,64.81,1.27
2002-02-09,2.12,25.74,66.18,1.84
2002-02-10,0.0,24.96,55.04,1.78
2002-02-11,0.0,25.07,59.6,1.26
2002-02-12,0.0,26.05,51.05,2.26
2002-02-13,0.0,25.51,45.75,4.37
2002-02-14,0.0,25.33,45.89,3.99
2002-02-15,0.0,25.45,41.64,3.43
2002-02-16,0.0,25.82,39.67,2.49
2002-02-17,0.0,24.99,38.14,2.55
2002-02-18,0.0,24.49,30.5,3.27
2002-02-19,0.0,24.71,33.33,1.91
2002-02-20,0.0,24.81,31.07,2.71
2002-02-21,0.0,25.2,28.04,3.32
2002-02-22,0.0,25.58,32.11,3.99
2002-02-23,0.0,25.28,32.57,3.67
2002-02-24,0.0,25.23,28.6,3.34
2002-02-25,0.0,25.04,22.93,3.72
2002-02-26,0.0,25.05,23.59,3.45
2002-02-27,0.0,25.41,26.26,3.14
2002-02-28,0.0,26.1,30.12,2.81
2002-03-01,0.0,26.87,25.05,2.51
2002-03-02,0.0,26.74,24.42,2.06
2002-03-03,0.0,26.9,29.02,1.23
2002-03-04,0.0,27.48,35.54,1.98
2002-03-05,0.0,28.47,31.87,2.65
2002-03-06,0.0,28.16,37.61,1.98
2002-03-07,0.0,27.92,56.06,1.91
2002-03-08,0.0,28.68,43.25,0.84
2002-03-09,0.0,28.7,39.46,1.77
2002-03-10,0.0,29.48,37.29,2.6
2002-03-11,0.0,28.47,31.94,2.68
2002-03-12,0.0,29.67,28.39,3.32
2002-03-13,0.0,29.08,32.29,2.46
2002-03-14,0.0,28.26,36.3,1.85
2002-03-15,0.0,28.39,28.13,1.87
2002-03-16,0.0,28.79,37.77,1.4
2002-03-17,0.0,29.41,31.29,2.38
2002-03-18,0.0,29.66,27.45,3.83
2002-03-19,0.0,28.97,26.55,3.85
2002-03-20,0.0,28.17,22.16,3.3
2002-03-21,0.0,28.37,31.82,2.16
2002-03-22,0.0,29.1,48.08,1.96
2002-03-23,0.0,28.58,50.94,2.97
2002-03-24,0.0,28.67,49.74,2.55
2002-03-25,0.0,28.68,48.76,2.54
2002-03-26,0.0,29.49,47.19,1.72
2002-03-27,0.0,30.11,41.94,2.21
2002-03-28,0.0,29.84,41.54,2.3
2002-03-29,0.0,29.98,42.39,2.01
2002-03-30,0.0,30.45,40.07,1.66
2002-03-31,0.16,30.13,47.78,1.93
2002-04-01,0.0,30.17,51.6,3.42
2002-04-02,0.0,29.37,51.06,3.59
2002-04-03,0.0,28.96,51.06,3.22
2002-04-04,0.01,28.73,51.66,2.55
2002-04-05,0.01,29.69,48.47,1.9
2002-04-06,0.2,30.3,45.94,1.78
2002-04-07,0.24,30.61,45.48,1.8
2002-04-08,0.49,30.14,50.62,2.19
2002-04-09,0.12,30.76,46.1,1.49
2002-04-10,0.0,31.51,40.29,1.41
2002-04-11,0.85,30.89,48.73,2.1
2002-04-12,1.55,31.12,50.52,1.8
2002-04-13,0.35,31.24,48.94,2.05
2002-04-14,0.0,31.07,46.58,1.76
2002-04-15,0.0,31.12,44.92,1.86
2002-04-16,0.0,31.42,41.21,1.52
2002-04-17,0.0,31.71,41.4,2.0
2002-04-18,0.63,32.23,32.99,2.42
2002-04-19,0.14,31.84,38.5,2.83
2002-04-20,0.0,31.28,44.89,1.88
2002-04-21,0.09,31.58,43.66,2.28
2002-04-22,3.88,30.52,52.27,2.47
2002-04-23,1.12,31.18,50.02,1.78
2002-04-24,0.03,32.33,44.11,2.02
2002-04-25,0.0,31.97,47.19,1.4
2002-04-26,0.0,32.05,43.99,1.6
2002-04-27,2.77,31.51,46.61,1.47
2002-04-28,0.49,31.56,47.67,1.92
2002-04-29,0.0,32.23,49.37,2.29
2002-04-30,0.22,31.67,46.79,2.35
2002-05-01,0.05,32.5,41.46,1.87
2002-05-02,0.0,32.86,27.38,2.95
2002-05-03,0.0,31.8,29.59,3.39
2002-05-04,0.07,30.75,43.99,2.25
2002-05-05,2.84,29.86,58.29,2.77
2002-05-06,1.36,28.55,64.38,3.59
2002-05-07,2.54,28.28,62.06,3.36
2002-05-08,2.41,28.94,65.63,3.27
2002-05-09,3.12,28.02,71.61,4.05
2002-05-10,4.69,28.22,70.93,4.63
2002-05-11,0.44,27.89,70.85,4.76
2002-05-12,0.02,28.64,67.18,4.83
2002-05-13,9.95,28.4,68.84,4.71
2002-05-14,2.54,27.2,72.2,4.32
2002-05-15,1.29,26.23,79.06,2.37
2002-05-16,6.52,26.11,83.03,3.7
2002-05-17,5.62,27.26,74.76,4.48
2002-05-18,3.55,26.31,78.6,5.0
2002-05-19,1.56,26.22,77.36,4.84
2002-05-20,0.77,25.92,73.29,4.49
2002-05-21,0.23,26.75,68.62,4.27
2002-05-22,0.0,27.29,64.95,3.67
2002-05-23,0.01,27.87,65.35,2.65
2002-05-24,0.02,28.61,64.08,3.65
2002-05-25,4.58,28.11,67.88,3.52
2002-05-26,2.65,26.64,69.06,3.55
2002-05-27,0.92,26.57,72.88,3.5
2002-05-28,1.21,26.17,74.7,3.85
2002-05-29,0.7,26.93,71.6,3.66
2002-05-30,0.43,26.6,74.24,3.29
2002-05-31,0.74,26.49,73.43,3.55
2002-06-01,1.26,26.21,71.82,2.55
2002-06-02,32.81,25.57,75.96,1.78
2002-06-03,12.7,25.09,83.59,4.58
2002-06-04,2.13,25.9,76.65,4.32
2002-06-05,1.68,26.11,76.37,3.69
2002-06-06,0.85,26.33,76.66,3.33
2002-06-07,5.13,25.09,81.17,3.23
2002-06-08,1.51,25.98,77.35,3.08
2002-06-09,5.57,25.72,81.58,3.1
2002-06-10,22.54,25.45,82.86,3.08
2002-06-11,12.66,25.77,80.14,2.71
2002-06-12,4.11,25.41,82.59,2.51
2002-06-13,14.43,25.46,86.05,2.36
2002-06-14,30.48,24.43,88.55,4.5
2002-06-15,21.15,24.16,85.91,5.62
2002-06-16,22.59,23.73,86.32,5.16
2002-06-17,6.0,24.2,85.53,5.61
2002-06-18,11.81,24.14,88.61,4.71
2002-06-19,8.21,23.94,87.38,5.23
2002-06-20,14.41,24.53,86.55,5.26
2002-06-21,9.74,24.58,86.98,5.22
2002-06-22,10.7,24.41,88.43,5.19
2002-06-23,10.06,24.52,87.0,5.69
2002-06-24,5.48,24.33,87.89,5.45
2002-06-25,3.43,24.07,87.21,5.77
2002-06-26,9.83,24.38,85.75,5.52
2002-06-27,7.54,24.93,83.19,5.49
2002-06-28,4.36,24.49,84.49,4.7
2002-06-29,2.88,24.69,82.36,4.41
2002-06-30,1.06,24.27,84.19,4.56
2002-07-01,4.93,24.62,82.75,4.93
2002-07-02,3.73,24.39,83.56,5.17
2002-07-03,3.75,24.55,82.86,5.16
2002-07-04,1.66,24.7,82.29,5.31
2002-07-05,0.77,24.76,81.81,5.25
2002-07-06,0.62,24.57,82.37,4.76
2002-07-07,0.84,24.83,80.74,4.65
2002-07-08,0.84,24.19,81.08,4.96
2002-07-09,3.21,23.79,82.69,4.72
2002-07-10,14.78,24.64,82.15,5.19
2002-07-11,10.71,24.72,81.65,5.64
2002-07-12,2.44,24.8,81.41,5.39
2002-07-13,0.46,24.62,81.28,5.01
2002-07-14,5.86,24.16,82.62,4.91
2002-07-15,9.98,24.56,82.77,4.83
2002-07-16,11.44,23.71,86.2,4.98
2002-07-17,4.85,23.45,85.72,4.67
2002-07-18,3.71,23.93,84.33,4.85
2002-07-19,0.85,24.41,81.73,4.51
2002-07-20,1.11,24.62,80.24,4.23
2002-07-21,5.65,24.54,81.22,4.32
2002-07-22,9.56,23.99,84.19,4.62
2002-07-23,3.65,23.6,86.55,4.31
2002-07-24,1.55,23.91,83.69,4.47
2002-07-25,5.76,24.06,82.32,4.87
2002-07-26,2.82,24.16,81.4,4.92
2002-07-27,8.56,23.88,83.77,4.66
2002-07-28,4.29,24.71,81.52,4.7
2002-07-29,2.11,24.19,83.3,4.48
2002-07-30,2.52,24.23,83.54,4.43
2002-07-31,2.69,24.24,84.49,4.21
2002-08-01,75.53,23.58,88.42,3.47
2002-08-02,14.1,23.57,86.55,3.25
2002-08-03,8.05,23.52,87.81,3.56
2002-08-04,10.75,23.69,87.86,4.53
2002-08-05,10.07,23.2,89.97,4.64
2002-08-06,11.97,23.44,88.24,5.46
2002-08-07,5.09,22.96,86.84,5.5
2002-08-08,32.05,22.55,88.34,5.51
2002-08-09,24.39,22.55,90.69,5.96
2002-08-10,25.35,22.7,91.49,5.63
2002-08-11,9.46,22.77,90.02,5.77
2002-08-12,3.77,23.03,88.49,6.17
2002-08-13,2.4,23.21,88.19,6.11
2002-08-14,2.78,23.56,88.62,5.79
2002-08-15,5.67,23.42,87.86,5.89
2002-08-16,8.47,23.59,88.25,5.71
2002-08-17,7.99,23.38,87.0,5.57
2002-08-18,5.0,22.83,87.13,5.66
2002-08-19,4.51,23.18,86.32,5.27
2002-08-20,3.95,23.24,86.99,5.12
2002-08-21,2.2,23.36,85.87,4.47
2002-08-22,1.76,23.2,86.41,4.25
2002-08-23,6.86,23.29,86.04,4.05
2002-08-24,12.13,23.27,86.19,4.31
2002-08-25,8.71,23.07,86.62,4.11
2002-08-26,0.83,23.04,85.46,2.61
2002-08-27,0.03,24.11,81.98,2.53
2002-08-28,0.0,24.32,79.69,3.15
2002-08-29,0.01,24.35,80.6,3.01
2002-08-30,0.51,24.39,82.18,3.1
2002-08-31,2.06,24.13,82.76,3.43
2002-09-01,1.62,23.6,84.27,4.22
2002-09-02,4.17,24.17,84.02,4.08
2002-09-03,5.22,24.14,84.26,4.02
2002-09-04,3.62,23.75,84.38,4.14
2002-09-05,7.11,23.96,83.81,4.32
2002-09-06,7.95,23.79,84.77,4.08
2002-09-07,5.16,23.74,83.55,3.88
2002-09-08,2.75,23.69,82.95,3.66
2002-09-09,2.02,23.56,80.21,3.77
2002-09-10,0.28,22.76,80.44,3.22
2002-09-11,0.5,23.14,80.56,3.45
2002-09-12,0.27,23.48,80.27,3.16
2002-09-13,0.0,23.91,78.34,2.62
2002-09-14,2.62,24.73,77.74,2.3
2002-09-15,16.88,23.78,87.66,2.3
2002-09-16,3.97,23.46,83.11,2.61
2002-09-17,0.97,23.73,80.94,2.88
2002-09-18,0.12,24.11,79.16,2.45
2002-09-19,0.01,24.53,77.37,2.38
2002-09-20,0.0,24.82,77.71,2.68
2002-09-21,0.0,23.88,78.67,2.94
2002-09-22,0.0,23.47,78.47,2.68
2002-09-23,0.0,23.68,78.42,2.87
2002-09-24,0.0,24.08,78.07,2.8
2002-09-25,0.0,24.27,79.26,2.8
2002-09-26,0.0,24.7,76.38,2.17
2002-09-27,2.7,24.53,80.57,1.75
2002-09-28,4.8,25.25,78.25,1.25
2002-09-29,0.56,25.61,78.19,0.99
2002-09-30,0.76,26.59,72.99,1.11
2002-10-01,4.7,26.56,65.95,1.62
2002-10-02,3.29,26.38,70.88,1.63
2002-10-03,10.36,26.59,76.57,1.22
2002-10-04,1.32,27.34,70.08,1.32
2002-10-05,2.22,27.45,65.49,1.36
2002-10-06,0.15,27.41,61.75,1.83
2002-10-07,0.66,26.83,68.94,2.08
2002-10-08,10.61,26.41,70.92,2.6
2002-10-09,14.79,25.39,78.32,2.87
2002-10-10,17.37,24.56,83.99,1.9
2002-10-11,15.13,23.75,89.24,1.64
2002-10-12,28.99,23.59,92.3,2.56
2002-10-13,27.77,23.55,91.93,2.56
2002-10-14,14.76,23.75,90.53,1.38
2002-10-15,16.43,23.84,86.91,1.32
2002-10-16,4.46,22.91,89.33,2.19
2002-10-17,2.12,22.8,91.88,2.23
2002-10-18,0.54,23.82,85.97,1.64
2002-10-19,0.92,24.35,80.21,1.11
2002-10-20,1.15,24.63,76.94,0.72
2002-10-21,0.18,24.31,75.39,0.97
2002-10-22,0.01,23.26,73.61,1.7
2002-10-23,0.0,22.87,76.58,2.21
2002-10-24,0.0,23.16,76.59,2.3
2002-10-25,0.26,22.51,81.45,2.14
2002-10-26,0.02,23.73,79.5,2.74
2002-10-27,1.37,24.39,80.21,2.2
2002-10-28,6.46,24.06,81.65,2.07
2002-10-29,16.41,23.4,85.08,2.39
2002-10-30,4.52,22.8,88.02,2.63
2002-10-31,0.6,22.39,77.92,3.07
2002-11-01,0.71,21.93,81.96,3.36
2002-11-02,1.16,22.47,83.8,2.96
2002-11-03,0.16,23.24,78.72,2.66
2002-11-04,0.0,22.93,72.47,2.86
2002-11-05,0.0,22.42,74.65,2.49
2002-11-06,0.0,22.87,70.6,2.31
2002-11-07,0.0,23.23,74.57,2.83
2002-11-08,0.07,23.69,78.12,3.23
2002-11-09,0.74,23.96,80.03,3.12
2002-11-10,0.29,23.72,79.42,2.64
2002-11-11,0.79,23.64,77.87,1.47
2002-11-12,0.33,23.28,78.56,1.53
2002-11-13,0.0,23.75,74.05,1.05
2002-11-14,0.0,24.11,71.57,1.36
2002-11-15,0.0,24.26,72.96,2.31
2002-11-16,0.0,23.69,71.01,2.69
2002-11-17,0.0,23.19,71.05,2.86
2002-11-18,0.0,22.71,69.45,2.98
2002-11-19,0.0,22.54,69.92,3.01
2002-11-20,0.0,23.45,72.6,2.57
2002-11-21,3.76,23.31,67.8,2.87
2002-11-22,0.49,22.38,68.13,2.86
2002-11-23,0.0,22.1,66.62,1.4
2002-11-24,0.0,23.38,72.7,1.14
2002-11-25,0.0,23.61,66.11,1.1
2002-11-26,0.0,23.75,63.93,0.96
2002-11-27,0.0,23.32,53.71,1.29
2002-11-28,0.0,23.12,51.24,1.45
2002-11-29,0.0,22.09,50.05,1.92
2002-11-30,0.0,21.77,42.56,1.6
2002-12-01,0.0,21.66,47.1,1.78
2002-12-02,0.0,22.07,49.53,2.07
2002-12-03,0.0,22.28,53.58,2.02
2002-12-04,0.0,21.51,58.57,2.21
2002-12-05,0.0,21.85,59.95,2.72
2002-12-06,0.0,22.12,65.44,2.8
2002-12-07,0.03,23.54,74.88,3.57
2002-12-08,0.0,23.43,68.67,3.52
2002-12-09,0.0,21.68,59.4,3.52
2002-12-10,0.0,21.21,65.99,2.85
2002-12-11,0.0,22.49,63.49,3.14
2002-12-12,0.0,21.87,59.55,3.49
2002-12-13,0.0,20.95,59.27,3.37
2002-12-14,0.0,21.21,58.78,3.01
2002-12-15,0.0,21.21,57.35,3.45
2002-12-16,0.0,20.68,52.82,3.05
2002-12-17,0.0,20.98,56.16,2.95
2002-12-18,0.0,21.17,51.5,2.55
2002-12-19,0.0,21.36,47.48,2.84
2002-12-20,0.0,21.53,41.35,2.51
2002-12-21,0.0,21.25,39.79,2.68
2002-12-22,0.0,21.44,38.92,2.75
2002-12-23,0.0,21.23,49.17,2.77
2002-12-24,0.0,21.57,57.43,1.68
2002-12-25,0.0,22.19,56.39,1.18
2002-12-26,0.0,21.86,55.75,0.86
2002-12-27,0.0,22.14,58.13,0.67
2002-12-28,0.0,22.62,55.1,0.92
2002-12-29,0.0,22.28,65.04,1.2
2002-12-30,0.0,21.53,75.68,2.01
2002-12-31,0.0,20.83,71.62,2.04
2003-01-01,0.0,21.62,60.27,1.06
2003-01-02,0.0,21.76,64.84,1.61
2003-01-03,0.0,22.38,63.27,2.25
2003-01-04,0.0,22.79,61.04,2.68
2003-01-05,0.0,23.27,52.36,3.08
2003-01-06,0.0,23.04,51.1,2.88
2003-01-07,0.0,22.34,51.84,2.65
2003-01-08,0.0,23.3,47.93,1.96
2003-01-09,0.0,23.61,53.56,2.45
2003-01-10,0.0,23.19,58.98,3.26
2003-01-11,0.07,22.91,56.82,3.11
2003-01-12,0.0,22.36,58.65,2.29
2003-01-13,0.0,21.83,56.35,2.54
2003-01-14,0.0,22.96,52.37,3.47
2003-01-15,0.0,22.08,52.01,3.24
2003-01-16,0.0,22.31,58.94,3.01
2003-01-17,0.0,22.08,53.6,3.05
2003-01-18,0.0,22.77,47.62,3.22
2003-01-19,0.0,23.99,57.73,2.3
2003-01-20,0.0,24.91,52.96,2.02
2003-01-21,0.0,24.9,43.0,2.58
2003-01-22,0.0,25.01,39.34,2.15
2003-01-23,0.0,24.07,41.89,1.66
2003-01-24,0.0,23.88,49.3,0.79
2003-01-25,0.0,24.56,46.13,0.91
2003-01-26,0.0,25.35,39.8,2.26
2003-01-27,0.0,24.8,43.71,2.74
2003-01-28,0.0,24.43,41.62,1.53
2003-01-29,0.0,24.1,35.19,1.91
2003-01-30,0.0,24.33,35.28,1.73
2003-01-31,0.0,24.27,32.21,1.53
2003-02-01,0.0,23.96,41.04,1.71
2003-02-02,0.0,25.52,52.23,1.94
2003-02-03,6.57,25.8,57.75,1.81
2003-02-04,0.0,26.09,49.18,1.39
2003-02-05,0.0,26.55,47.93,3.03
2003-02-06,0.0,25.45,47.05,3.08
2003-02-07,0.0,24.98,40.91,1.95
2003-02-08,0.0,24.9,36.83,1.05
2003-02-09,0.0,24.82,49.07,1.3
2003-02-10,0.0,25.64,48.24,1.55
2003-02-11,0.0,26.2,37.66,2.93
2003-02-12,0.0,26.09,39.71,2.18
2003-02-13,0.0,26.85,43.99,1.72
2003-02-14,0.0,27.33,45.21,1.35
2003-02-15,0.0,27.01,48.7,1.61
2003-02-16,0.0,27.46,47.9,0.81
2003-02-17,0.0,27.92,45.12,2.24
2003-02-18,0.0,26.74,44.42,2.34
2003-02-19,0.0,25.82,47.53,1.73
2003-02-20,0.0,26.82,47.07,1.75
2003-02-21,0.0,28.26,33.6,1.36
2003-02-22,0.0,29.02,36.13,1.89
2003-02-23,0.0,29.54,38.28,1.26
2003-02-24,0.0,29.04,48.85,1.47
2003-02-25,0.02,28.46,51.23,1.94
2003-02-26,0.0,27.62,52.75,2.38
2003-02-27,0.0,27.93,48.28,1.26
2003-02-28,0.0,28.82,40.1,1.63
2003-03-01,4.26,27.84,53.12,2.58
2003-03-02,1.14,27.92,58.33,1.23
2003-03-03,0.14,29.1,47.02,1.01
2003-03-04,0.0,29.62,40.23,1.25
2003-03-05,0.0,29.89,34.32,2.09
2003-03-06,0.0,29.25,31.02,2.82
2003-03-07,0.0,28.83,30.28,2.64
2003-03-08,0.0,29.21,31.58,2.21
2003-03-09,0.0,29.75,33.65,1.82
2003-03-10,0.0,29.43,37.89,2.2
2003-03-11,0.0,29.13,45.43,1.62
2003-03-12,0.0,28.93,36.9,1.53
2003-03-13,0.0,28.89,40.58,1.28
2003-03-14,0.43,29.89,41.02,2.02
2003-03-15,1.39,29.39,42.78,2.45
2003-03-16,0.56,27.57,44.14,2.77
2003-03-17,0.0,27.87,41.22,1.8
2003-03-18,0.0,28.43,40.19,1.33
2003-03-19,0.01,28.65,46.65,1.77
2003-03-20,0.02,28.82,48.44,2.43
2003-03-21,5.37,29.1,53.38,1.22
2003-03-22,0.12,29.54,42.72,2.44
2003-03-23,0.0,29.45,33.49,3.03
2003-03-24,0.0,29.68,29.14,2.22
2003-03-25,0.0,29.75,41.43,1.65
2003-03-26,0.0,30.42,42.49,1.44
2003-03-27,0.0,30.21,41.43,1.3
2003-03-28,0.72,29.12,53.87,2.94
2003-03-29,0.05,29.43,47.76,1.56
2003-03-30,0.0,30.2,42.27,1.35
2003-03-31,0.0,30.35,40.56,2.56
2003-04-01,0.0,30.32,45.16,1.78
2003-04-02,0.02,29.76,53.38,3.23
2003-04-03,0.0,29.44,53.31,3.91
2003-04-04,0.0,28.61,54.47,4.22
2003-04-05,0.0,28.9,52.08,2.73
2003-04-06,0.0,30.09,44.31,2.13
2003-04-07,0.11,30.22,42.89,1.26
2003-04-08,0.02,30.98,40.22,1.61
2003-04-09,0.0,30.09,47.63,1.95
2003-04-10,15.41,28.17,63.05,1.4
2003-04-11,0.5,28.29,65.18,1.64
2003-04-12,1.27,28.48,63.31,1.88
2003-04-13,0.02,28.39,58.94,1.3
2003-04-14,0.02,30.02,53.86,1.04
2003-04-15,1.03,30.94,52.39,1.71
2003-04-16,0.06,30.98,53.6,1.77
2003-04-17,0.2,31.07,51.69,2.2
2003-04-18,0.14,28.31,62.26,2.5
2003-04-19,0.76,30.65,50.45,2.22
2003-04-20,0.74,30.93,43.66,2.11
2003-04-21,1.03,31.64,42.38,1.83
2003-04-22,0.73,31.36,45.02,1.74
2003-04-23,0.89,32.0,46.15,1.97
2003-04-24,9.2,29.8,59.72,2.34
2003-04-25,0.25,31.2,54.36,1.57
2003-04-26,0.22,30.72,51.9,2.09
2003-04-27,0.02,30.19,46.93,1.37
2003-04-28,4.77,30.19,45.75,1.53
2003-04-29,2.83,29.84,55.36,2.08
2003-04-30,0.43,30.68,49.06,2.2
2003-05-01,3.29,30.5,51.64,1.73
2003-05-02,1.15,30.52,55.01,1.87
2003-05-03,0.01,29.66,55.58,3.28
2003-05-04,0.0,30.13,54.37,3.38
2003-05-05,0.0,30.2,51.4,3.32
2003-05-06,0.0,29.55,53.96,4.35
2003-05-07,0.0,29.61,53.77,3.7
2003-05-08,0.0,30.34,48.39,3.48
2003-05-09,0.0,31.08,49.43,2.61
2003-05-10,0.42,31.24,49.93,2.09
2003-05-11,1.04,31.73,50.16,2.23
2003-05-12,0.15,31.18,54.41,3.22
2003-05-13,0.0,30.2,55.83,4.57
2003-05-14,0.0,30.21,53.78,5.15
2003-05-15,0.0,29.64,57.6,5.16
2003-05-16,0.0,29.76,60.63,4.97
2003-05-17,0.0,30.23,55.83,5.07
2003-05-18,0.0,30.08,52.84,5.14
2003-05-19,0.0,30.0,53.96,5.22
2003-05-20,0.0,30.35,53.51,4.01
2003-05-21,0.0,31.08,51.17,4.32
2003-05-22,0.0,30.53,52.69,4.82
2003-05-23,0.0,30.16,52.4,4.55
2003-05-24,0.0,30.29,54.94,3.94
2003-05-25,0.0,31.11,52.22,3.9
2003-05-26,0.0,31.07,52.67,4.27
2003-05-27,0.0,31.28,52.93,4.51
2003-05-28,0.02,28.76,61.18,4.06
2003-05-29,0.0,30.11,51.45,4.54
2003-05-30,0.0,29.86,54.73,4.32
2003-05-31,3.29,30.0,51.0,4.05
2003-06-01,3.16,28.95,64.21,4.3
2003-06-02,1.29,29.83,61.1,4.39
2003-06-03,0.0,30.05,57.48,4.51
2003-06-04,0.13,29.4,61.04,4.85
2003-06-05,0.02,29.0,61.5,4.85
2003-06-06,0.4,28.75,64.69,4.68
2003-06-07,0.6,28.47,64.59,4.8
2003-06-08,27.42,25.81,77.83,4.29
2003-06-09,11.06,25.93,80.0,3.96
2003-06-10,2.89,25.91,80.51,4.1
2003-06-11,2.4,26.41,78.27,3.97
2003-06-12,4.01,25.82,80.81,4.28
2003-06-13,4.22,25.34,80.17,4.13
2003-06-14,19.63,25.03,80.76,4.87
2003-06-15,17.77,24.82,85.35,4.84
2003-06-16,15.28,24.35,86.6,5.07
2003-06-17,9.51,24.58,82.55,4.95
2003-06-18,10.95,24.51,85.25,4.73
2003-06-19,29.82,24.7,82.07,6.41
2003-06-20,23.37,23.61,83.02,5.64
2003-06-21,38.53,24.28,85.84,5.62
2003-06-22,27.79,24.65,84.94,5.11
2003-06-23,17.15,23.87,85.72,4.24
2003-06-24,12.03,23.71,85.63,4.87
2003-06-25,8.04,23.2,84.95,3.95
2003-06-26,1.56,23.15,84.54,4.24
2003-06-27,1.71,23.11,85.47,4.32
2003-06-28,4.41,23.38,86.32,3.73
2003-06-29,6.02,23.77,87.3,4.14
2003-06-30,9.01,23.5,86.62,4.42
2003-07-01,15.76,23.48,87.1,3.63
2003-07-02,11.42,23.44,88.25,4.16
2003-07-03,11.77,22.64,89.84,4.22
2003-07-04,8.07,23.7,86.67,4.64
2003-07-05,20.77,23.61,89.14,4.51
2003-07-06,18.17,23.28,86.79,4.93
2003-07-07,11.43,22.84,88.69,4.81
2003-07-08,3.48,23.52,86.09,4.03
2003-07-09,7.45,24.06,88.25,4.51
2003-07-10,6.87,24.0,86.3,4.6
2003-07-11,7.1,24.06,84.95,4.84
2003-07-12,3.76,23.86,86.11,3.98
2003-07-13,10.81,24.25,87.09,4.34
2003-07-14,11.66,23.95,85.94,4.68
2003-07-15,15.43,23.38,88.42,4.64
2003-07-16,13.41,23.06,90.34,4.93
2003-07-17,4.59,23.86,89.02,4.21
2003-07-18,2.24,24.66,86.4,3.91
2003-07-19,8.13,23.89,90.36,3.98
2003-07-20,3.03,23.87,88.56,3.31
2003-07-21,0.96,24.78,86.0,3.53
2003-07-22,1.55,24.27,87.48,3.56
2003-07-23,4.61,24.24,87.98,4.57
2003-07-24,3.87,24.37,88.13,5.38
2003-07-25,5.93,24.22,86.77,5.71
2003-07-26,4.78,24.11,86.4,5.82
2003-07-27,5.96,24.35,85.63,6.08
2003-07-28,9.7,24.24,87.04,5.27
2003-07-29,4.31,24.36,86.17,4.3
2003-07-30,1.2,24.03,88.09,3.38
2003-07-31,0.73,24.15,86.88,3.6
2003-08-01,6.91,23.72,86.37,3.65
2003-08-02,2.53,23.04,85.47,3.48
2003-08-03,11.92,23.36,86.06,3.98
2003-08-04,11.29,24.11,85.64,4.17
2003-08-05,7.13,23.59,88.55,4.7
2003-08-06,2.45,23.7,87.71,4.99
2003-08-07,4.21,23.93,87.24,5.05
2003-08-08,6.24,24.13,87.05,4.45
2003-08-09,2.81,24.23,85.99,4.11
2003-08-10,0.96,24.42,84.41,3.92
2003-08-11,1.57,24.53,84.06,3.61
2003-08-12,1.18,24.23,85.47,3.81
2003-08-13,2.47,24.44,83.27,4.36
2003-08-14,2.76,23.87,84.54,4.41
2003-08-15,2.25,23.67,86.67,4.39
2003-08-16,3.19,23.97,86.23,4.19
2003-08-17,1.63,23.83,85.94,4.05
2003-08-18,3.83,24.33,83.87,4.32
2003-08-19,8.1,23.14,86.87,4.46
2003-08-20,17.2,23.32,84.99,5.23
2003-08-21,12.67,23.94,87.23,5.02
2003-08-22,35.6,23.42,91.1,4.76
2003-08-23,11.16,23.48,87.92,4.34
2003-08-24,6.16,24.27,87.59,4.08
2003-08-25,5.57,24.01,88.14,4.08
2003-08-26,10.62,23.65,89.2,3.54
2003-08-27,3.62,23.15,89.65,3.42
2003-08-28,1.38,23.53,87.22,3.76
2003-08-29,3.25,23.95,86.6,3.89
2003-08-30,4.87,23.77,87.53,3.42
2003-08-31,4.87,23.39,88.9,3.58
2003-09-01,3.07,23.69,87.13,3.63
2003-09-02,2.91,23.32,88.91,3.95
2003-09-03,7.89,23.74,86.91,4.14
2003-09-04,3.6,23.78,85.51,4.14
2003-09-05,5.5,23.49,86.03,4.15
2003-09-06,7.78,23.87,86.66,3.98
2003-09-07,3.82,23.56,87.2,3.85
2003-09-08,1.09,23.67,85.99,3.26
2003-09-09,2.15,23.97,83.65,3.6
2003-09-10,1.03,23.53,82.81,3.43
2003-09-11,1.92,23.56,82.56,3.81
2003-09-12,1.27,23.74,82.15,3.87
2003-09-13,1.13,23.56,83.61,3.51
2003-09-14,2.14,23.42,83.7,3.34
2003-09-15,2.28,23.8,83.12,3.42
2003-09-16,2.42,24.16,84.25,3.53
2003-09-17,5.56,23.85,86.64,2.99
2003-09-18,1.1,23.8,85.22,2.72
2003-09-19,0.01,23.6,81.97,2.73
2003-09-20,0.0,23.97,80.14,3.0
2003-09-21,0.0,24.23,79.95,2.92
2003-09-22,0.0,24.03,80.56,2.99
2003-09-23,0.06,23.78,81.83,2.65
2003-09-24,1.57,24.26,82.62,2.97
2003-09-25,2.88,24.82,80.86,2.77
2003-09-26,0.56,23.24,87.86,2.92
2003-09-27,2.54,24.48,81.33,3.32
2003-09-28,0.57,24.55,80.6,2.78
2003-09-29,0.12,24.63,78.72,2.63
2003-09-30,1.8,24.57,80.43,1.39
2003-10-01,2.69,26.59,76.67,0.89
2003-10-02,12.63,26.85,75.97,1.5
2003-10-03,9.9,25.95,78.59,2.15
2003-10-04,7.16,25.76,79.9,0.87
2003-10-05,27.42,24.16,88.75,1.59
2003-10-06,7.42,24.6,84.7,1.9
2003-10-07,9.56,23.38,90.5,2.67
2003-10-08,2.64,23.68,86.69,3.09
2003-10-09,0.35,23.34,85.74,2.97
2003-10-10,0.05,23.85,83.87,2.57
2003-10-11,7.38,23.48,86.69,1.84
2003-10-12,0.74,25.32,76.59,1.23
2003-10-13,0.42,25.32,70.39,1.75
2003-10-14,0.09,25.26,73.17,1.77
2003-10-15,0.0,25.41,72.23,1.56
2003-10-16,0.0,25.43,73.46,1.4
2003-10-17,0.0,25.14,71.26,1.03
2003-10-18,0.04,24.45,78.44,1.28
2003-10-19,10.68,24.54,82.86,1.88
2003-10-20,15.16,24.57,85.71,1.58
2003-10-21,20.84,23.9,86.23,1.51
2003-10-22,10.92,23.73,84.26,1.32
2003-10-23,3.59,24.63,84.4,1.71
2003-10-24,5.99,23.31,85.4,2.47
2003-10-25,0.55,22.2,81.34,1.5
2003-10-26,0.0,23.04,76.08,0.88
2003-10-27,0.0,22.0,70.79,1.52
2003-10-28,0.0,22.03,69.25,1.76
2003-10-29,0.0,23.26,71.5,1.1
2003-10-30,0.0,24.2,75.51,1.84
2003-10-31,0.77,24.89,73.27,1.7
2003-11-01,0.07,23.39,74.13,1.78
2003-11-02,0.0,24.17,74.61,2.46
2003-11-03,2.51,23.84,75.75,2.89
2003-11-04,1.28,23.69,75.3,2.66
2003-11-05,0.0,23.96,73.61,2.39
2003-11-06,0.0,24.08,75.62,2.31
2003-11-07,0.0,24.1,78.26,2.13
2003-11-08,1.58,23.84,78.53,2.36
2003-11-09,0.08,24.14,75.81,3.22
2003-11-10,0.0,23.31,69.78,3.35
2003-11-11,0.0,21.55,68.44,2.83
2003-11-12,0.0,22.19,72.44,2.75
2003-11-13,0.0,22.57,72.63,2.94
2003-11-14,0.0,24.31,76.62,2.92
2003-11-15,0.13,24.03,70.57,3.04
2003-11-16,1.19,23.64,72.72,2.15
2003-11-17,0.0,24.24,69.93,1.82
2003-11-18,0.0,23.37,66.74,2.29
2003-11-19,0.0,21.72,60.81,2.6
2003-11-20,0.0,21.7,64.59,3.27
2003-11-21,0.0,21.9,68.0,2.87
2003-11-22,0.02,22.96,68.34,2.87
2003-11-23,0.05,23.02,65.5,2.91
2003-11-24,0.0,22.25,64.87,3.07
2003-11-25,0.0,21.53,62.14,3.53
2003-11-26,0.0,21.85,62.79,2.62
2003-11-27,0.0,21.18,57.47,2.6
2003-11-28,0.0,21.71,63.42,2.96
2003-11-29,0.0,23.17,66.1,3.28
2003-11-30,0.0,22.76,60.02,3.24
2003-12-01,0.0,21.7,61.15,2.92
2003-12-02,0.0,22.42,61.73,2.8
2003-12-03,0.0,22.32,59.83,2.84
2003-12-04,0.0,20.96,53.92,2.92
2003-12-05,0.0,20.5,55.78,3.07
2003-12-06,0.0,20.05,53.6,3.17
2003-12-07,0.0,20.81,51.19,2.81
2003-12-08,0.0,20.89,46.94,2.29
2003-12-09,0.0,20.89,50.09,2.18
2003-12-10,0.0,21.29,49.22,2.7
2003-12-11,0.0,21.79,56.87,2.65
2003-12-12,0.0,22.31,64.06,3.11
2003-12-13,0.0,22.54,59.18,3.07
2003-12-14,0.0,20.64,50.99,2.69
2003-12-15,0.0,21.65,53.01,1.93
2003-12-16,0.0,23.01,48.65,1.42
2003-12-17,0.0,22.17,47.45,1.22
2003-12-18,0.0,22.68,43.31,1.63
2003-12-19,0.0,22.04,46.91,2.05
2003-12-20,0.0,21.48,51.73,2.66
2003-12-21,0.0,20.99,49.86,2.5
2003-12-22,0.0,20.25,46.06,2.54
2003-12-23,0.0,21.03,50.61,2.49
2003-12-24,0.02,22.95,67.86,2.69
2003-12-25,0.01,22.98,71.64,3.11
2003-12-26,3.92,24.22,71.15,2.31
2003-12-27,1.72,24.14,71.07,1.33
2003-12-28,0.0,25.21,60.47,2.73
2003-12-29,0.0,24.15,63.56,3.71
2003-12-30,0.0,23.53,61.5,3.85
2003-12-31,0.0,23.18,64.56,3.15
2004-01-01,0.0,23.22,61.56,2.48
2004-01-02,0.0,22.86,55.49,2.71
2004-01-03,0.0,21.94,47.64,2.54
2004-01-04,0.0,20.93,46.57,2.65
2004-01-05,0.0,21.29,58.11,2.02
2004-01-06,0.0,22.32,61.15,1.99
2004-01-07,0.0,22.98,60.7,2.4
2004-01-08,0.0,22.79,52.32,4.18
2004-01-09,0.0,21.43,53.73,4.14
2004-01-10,0.0,21.39,47.77,3.33
2004-01-11,0.0,21.16,46.78,3.08
2004-01-12,0.0,21.53,42.57,2.72
2004-01-13,0.0,21.65,41.28,2.62
2004-01-14,0.0,22.19,35.61,2.0
2004-01-15,0.0,23.03,34.27,2.22
2004-01-16,0.0,22.37,36.54,2.74
2004-01-17,0.0,22.5,36.04,1.68
2004-01-18,0.0,22.57,40.59,1.11
2004-01-19,0.0,23.33,53.29,0.93
2004-01-20,0.0,23.27,47.13,1.55
2004-01-21,0.0,23.63,57.31,1.17
2004-01-22,0.0,23.86,66.49,1.6
2004-01-23,0.0,24.13,64.35,1.75
2004-01-24,0.0,24.71,55.07,1.65
2004-01-25,0.0,24.08,59.57,2.24
2004-01-26,0.08,22.44,62.92,1.99
2004-01-27,0.0,22.82,58.15,1.32
2004-01-28,0.0,24.39,62.23,1.78
2004-01-29,0.0,24.87,64.93,1.76
2004-01-30,0.0,24.09,68.41,2.0
2004-01-31,0.01,23.88,67.13,1.94
2004-02-01,0.0,24.4,56.78,0.94
2004-02-02,0.16,25.91,51.06,1.64
2004-02-03,0.0,26.0,45.21,1.63
2004-02-04,0.0,25.99,48.91,1.88
2004-02-05,0.0,26.1,54.88,1.48
2004-02-06,0.0,26.14,44.95,1.83
2004-02-07,0.0,25.32,38.91,2.24
2004-02-08,0.0,23.64,28.06,3.01
2004-02-09,0.0,23.69,31.64,2.28
2004-02-10,0.0,24.33,34.79,2.25
2004-02-11,0.0,24.62,35.03,2.39
2004-02-12,0.0,24.41,32.21,3.28
2004-02-13,0.0,24.05,36.96,3.72
2004-02-14,0.0,23.96,40.43,3.68
2004-02-15,0.0,23.81,32.56,3.4
2004-02-16,0.0,24.08,29.52,3.05
2004-02-17,0.0,24.59,30.75,3.0
2004-02-18,0.0,24.71,34.83,1.53
2004-02-19,0.0,25.57,53.73,1.22
2004-02-20,0.0,26.49,46.95,1.53
2004-02-21,0.0,26.49,30.81,3.04
2004-02-22,0.0,26.04,30.31,3.44
2004-02-23,0.0,26.26,25.89,2.49
2004-02-24,0.0,26.3,22.65,2.34
2004-02-25,0.0,26.94,23.47,2.11
2004-02-26,0.0,27.05,24.27,1.33
2004-02-27,0.0,27.17,46.21,1.0
2004-02-28,0.0,27.48,50.01,0.88
2004-02-29,0.0,28.3,35.93,1.56
2004-03-01,0.0,28.28,22.85,2.5
2004-03-02,0.0,28.57,29.38,1.96
2004-03-03,0.0,28.64,23.51,2.62
2004-03-04,0.0,28.57,26.93,3.04
2004-03-05,0.0,28.69,19.08,3.44
2004-03-06,0.0,28.62,27.32,2.19
2004-03-07,0.0,28.73,19.73,2.1
2004-03-08,0.0,28.98,20.61,3.11
2004-03-09,0.0,26.96,33.33,3.36
2004-03-10,0.0,26.89,31.69,2.93
2004-03-11,0.0,27.52,28.05,2.33
2004-03-12,0.0,28.36,27.91,3.01
2004-03-13,0.0,28.29,27.68,3.33
2004-03-14,0.0,28.82,28.09,3.57
2004-03-15,0.0,29.14,23.62,3.28
2004-03-16,0.0,28.86,19.58,2.29
2004-03-17,0.0,28.68,22.62,1.48
2004-03-18,0.0,29.13,36.49,1.79
2004-03-19,0.0,29.7,18.54,2.18
2004-03-20,0.0,29.32,25.21,1.31
2004-03-21,0.0,30.45,51.86,1.96
2004-03-22,0.0,30.78,48.1,1.51
2004-03-23,0.0,30.29,53.83,2.79
2004-03-24,0.0,30.16,53.43,2.47
2004-03-25,0.09,29.87,53.37,2.89
2004-03-26,0.05,29.52,45.49,1.92
2004-03-27,0.0,30.64,38.76,2.24
2004-03-28,0.0,30.47,39.97,1.5
2004-03-29,1.7,30.66,51.21,2.11
2004-03-30,2.89,29.84,56.72,2.96
2004-03-31,10.77,28.65,61.14,2.65
2004-04-01,9.1,26.97,64.99,2.31
2004-04-02,0.03,28.56,60.46,1.38
2004-04-03,0.55,27.9,63.07,1.35
2004-04-04,6.65,26.87,73.47,1.46
2004-04-05,1.41,26.09,73.17,1.55
2004-04-06,1.56,25.1,77.16,1.4
2004-04-07,0.51,27.43,66.85,1.94
2004-04-08,0.02,28.33,54.56,2.21
2004-04-09,0.0,27.89,51.84,1.51
2004-04-10,0.0,28.49,53.46,0.93
2004-04-11,0.0,29.72,50.67,1.33
2004-04-12,0.0,30.57,47.94,1.6
2004-04-13,0.0,30.65,51.67,2.64
2004-04-14,0.0,30.55,54.46,2.91
2004-04-15,0.0,30.73,52.29,2.78
2004-04-16,0.0,30.64,51.89,3.11
2004-04-17,0.0,30.94,49.3,2.62
2004-04-18,0.0,30.31,49.38,3.56
2004-04-19,0.0,30.72,45.09,2.1
2004-04-20,0.02,32.01,39.76,1.96
2004-04-21,0.03,31.07,52.27,3.4
2004-04-22,1.62,29.83,55.46,2.98
2004-04-23,0.54,29.94,55.89,2.45
2004-04-24,0.26,30.82,49.04,1.72
2004-04-25,0.26,31.09,46.76,1.36
2004-04-26,2.78,31.26,46.08,1.46
2004-04-27,0.09,30.3,51.12,2.49
2004-04-28,0.0,31.02,45.88,2.71
2004-04-29,0.96,30.9,50.72,1.77
2004-04-30,1.32,31.67,47.5,1.84
2004-05-01,3.32,31.74,46.45,1.4
2004-05-02,0.64,31.87,44.72,2.28
2004-05-03,2.76,30.44,46.31,3.77
2004-05-04,9.84,24.46,71.23,5.28
2004-05-05,7.19,24.83,78.94,3.62
2004-05-06,8.25,26.17,75.5,6.11
2004-05-07,8.99,27.07,76.87,3.73
2004-05-08,21.91,26.51,78.2,3.8
2004-05-09,20.2,24.78,84.23,3.14
2004-05-10,0.41,25.6,78.83,3.53
2004-05-11,5.73,26.14,75.39,3.47
2004-05-12,2.35,25.86,78.1,3.46
2004-05-13,4.37,25.62,80.97,3.31
2004-05-14,2.08,26.47,77.4,3.23
2004-05-15,23.57,25.38,82.78,3.59
2004-05-16,32.14,24.0,88.6,4.15
2004-05-17,7.78,22.61,85.97,3.91
2004-05-18,6.16,23.41,83.5,3.86
2004-05-19,4.87,24.06,85.05,4.64
2004-05-20,1.43,24.66,81.47,4.09
2004-05-21,2.52,25.0,81.24,3.94
2004-05-22,6.19,25.28,82.19,3.8
2004-05-23,6.02,25.02,85.01,3.53
2004-05-24,3.35,25.02,83.99,3.11
2004-05-25,1.41,24.93,84.28,2.69
2004-05-26,12.64,25.54,82.7,3.68
2004-05-27,6.0,24.83,84.06,2.6
2004-05-28,0.27,26.24,76.44,2.33
2004-05-29,7.51,26.05,81.42,2.73
2004-05-30,18.76,24.89,83.13,2.07
2004-05-31,19.74,25.01,84.07,1.93
2004-06-01,15.16,25.59,84.86,1.73
2004-06-02,4.01,25.18,85.4,2.55
2004-06-03,28.75,25.05,87.12,3.4
2004-06-04,11.05,24.26,86.27,2.0
2004-06-05,12.26,24.68,86.5,3.34
2004-06-06,8.4,24.6,84.96,3.47
2004-06-07,9.85,24.03,90.01,3.42
2004-06-08,18.3,23.84,88.63,4.76
2004-06-09,20.88,23.69,88.0,5.55
2004-06-10,16.4,23.87,90.87,5.45
2004-06-11,5.43,24.03,87.8,5.43
2004-06-12,2.7,23.35,88.02,4.38
2004-06-13,7.95,24.04,87.43,6.13
2004-06-14,12.34,23.74,90.34,6.95
2004-06-15,18.44,24.21,88.23,7.98
2004-06-16,10.41,24.26,84.79,7.89
2004-06-17,7.0,24.19,85.69,7.26
2004-06-18,6.23,23.82,85.68,6.69
2004-06-19,1.35,23.26,88.21,5.3
2004-06-20,1.7,23.88,84.94,5.4
2004-06-21,2.62,23.44,86.6,4.91
2004-06-22,0.93,23.88,84.59,4.65
2004-06-23,0.1,23.95,83.28,4.11
2004-06-24,5.03,23.75,84.07,4.26
2004-06-25,10.97,23.7,86.45,4.0
2004-06-26,4.25,24.38,84.98,4.15
2004-06-27,3.52,24.21,85.63,4.43
2004-06-28,4.8,24.04,85.65,4.27
2004-06-29,1.18,23.94,86.22,4.14
2004-06-30,1.87,23.94,85.62,4.51
2004-07-01,9.36,23.68,87.19,4.67
2004-07-02,9.22,23.81,87.47,4.97
2004-07-03,3.91,23.97,85.63,4.97
2004-07-04,3.36,23.92,86.2,4.78
2004-07-05,1.77,23.55,83.82,4.46
2004-07-06,0.25,23.26,82.86,3.59
2004-07-07,5.69,23.17,83.49,2.92
2004-07-08,4.45,23.75,84.7,2.54
2004-07-09,8.42,23.63,86.65,3.18
2004-07-10,9.37,23.22,84.05,3.42
2004-07-11,6.51,23.49,86.12,4.15
2004-07-12,40.8,23.01,87.67,4.69
2004-07-13,18.57,23.16,87.46,4.71
2004-07-14,30.85,23.35,89.29,4.61
2004-07-15,24.44,23.27,90.23,3.9
2004-07-16,12.7,23.78,87.99,3.63
2004-07-17,3.79,23.73,88.82,3.41
2004-07-18,4.54,23.5,88.34,3.36
2004-07-19,2.09,23.29,87.89,3.4
2004-07-20,3.89,23.24,89.74,3.76
2004-07-21,5.57,23.04,88.34,4.5
2004-07-22,5.0,22.78,87.8,3.8
2004-07-23,4.03,23.05,88.81,4.42
2004-07-24,15.2,23.44,88.04,4.63
2004-07-25,21.65,23.43,88.19,4.42
2004-07-26,11.77,23.19,91.14,4.87
2004-07-27,8.39,23.08,90.54,4.3
2004-07-28,10.97,23.53,88.2,4.86
2004-07-29,11.34,23.13,90.12,4.76
2004-07-30,17.68,23.07,90.39,4.47
2004-07-31,21.51,23.32,89.27,4.61
2004-08-01,9.26,22.93,90.03,5.45
2004-08-02,17.01,23.24,88.86,5.89
2004-08-03,43.34,22.54,92.12,6.26
2004-08-04,42.59,23.15,91.2,6.41
2004-08-05,13.66,23.48,90.96,6.3
2004-08-06,9.47,23.86,88.75,5.77
2004-08-07,11.51,23.07,90.92,5.37
2004-08-08,5.04,23.0,90.43,5.1
2004-08-09,2.52,23.12,88.42,4.79
2004-08-10,2.5,22.9,88.47,4.73
2004-08-11,10.29,23.0,88.07,5.09
2004-08-12,14.35,23.08,89.31,5.86
2004-08-13,12.25,23.2,89.68,5.52
2004-08-14,11.9,23.27,88.45,5.42
2004-08-15,11.23,23.4,88.25,5.3
2004-08-16,8.85,22.78,88.1,5.0
2004-08-17,4.07,23.26,88.23,4.49
2004-08-18,3.17,23.16,88.58,4.47
2004-08-19,7.03,22.87,88.25,4.87
2004-08-20,4.8,22.33,89.69,4.67
2004-08-21,3.89,23.18,87.41,4.88
2004-08-22,3.99,23.3,87.39,4.82
2004-08-23,3.44,23.13,87.35,4.36
2004-08-24,2.53,22.88,87.46,4.14
2004-08-25,0.9,23.07,86.43,3.85
2004-08-26,1.59,23.28,85.81,3.79
2004-08-27,0.88,23.13,85.47,3.99
2004-08-28,0.19,23.42,83.52,3.84
2004-08-29,0.0,23.76,82.2,3.66
2004-08-30,0.0,23.6,83.24,3.46
2004-08-31,0.08,23.47,82.07,3.55
2004-09-01,0.08,23.62,81.45,3.05
2004-09-02,0.03,24.04,80.1,2.54
2004-09-03,9.46,23.87,81.92,2.47
2004-09-04,20.02,22.96,88.94,2.48
2004-09-05,8.96,22.7,89.21,2.7
2004-09-06,16.89,22.09,89.15,2.39
2004-09-07,4.24,22.77,86.45,2.89
2004-09-08,1.11,22.7,88.45,2.93
2004-09-09,3.95,23.0,88.29,3.55
2004-09-10,4.03,21.72,90.43,3.61
2004-09-11,4.42,22.25,86.03,3.77
2004-09-12,4.79,22.73,86.57,3.26
2004-09-13,1.85,24.12,85.26,2.44
2004-09-14,0.36,24.61,85.26,2.26
2004-09-15,0.1,23.87,84.04,3.13
2004-09-16,0.0,24.38,82.26,2.66
2004-09-17,0.95,24.65,82.13,2.53
2004-09-18,0.11,24.65,82.13,2.26
2004-09-19,0.03,23.83,85.45,2.55
2004-09-20,5.65,24.32,83.89,2.65
2004-09-21,4.34,23.41,89.08,2.29
2004-09-22,2.26,24.23,86.21,1.57
2004-09-23,2.27,24.59,84.79,1.26
2004-09-24,8.45,24.3,85.95,0.98
2004-09-25,23.36,23.97,87.96,2.51
2004-09-26,5.45,24.53,82.4,1.76
2004-09-27,1.21,24.47,81.57,2.08
2004-09-28,4.39,24.06,80.27,2.06
2004-09-29,3.66,24.11,81.31,2.55
2004-09-30,0.36,24.13,79.83,2.02
2004-10-01,5.5,24.39,82.88,1.92
2004-10-02,12.95,23.8,86.93,2.23
2004-10-03,6.6,22.99,89.85,2.67
2004-10-04,16.31,22.96,90.82,2.92
2004-10-05,5.23,22.73,88.0,3.09
2004-10-06,0.13,22.54,84.42,2.95
2004-10-07,0.0,22.54,82.38,2.35
2004-10-08,0.0,22.09,81.8,2.14
2004-10-09,0.0,22.75,83.3,2.07
2004-10-10,0.0,23.32,80.15,1.63
2004-10-11,0.01,23.83,82.05,1.8
2004-10-12,0.03,24.52,80.02,1.3
2004-10-13,0.93,24.61,82.52,1.45
2004-10-14,5.54,25.14,82.24,0.92
2004-10-15,3.19,24.38,83.41,2.29
2004-10-16,2.82,24.41,75.46,2.15
2004-10-17,3.64,23.76,72.64,2.09
2004-10-18,0.25,23.29,72.83,1.96
2004-10-19,0.33,24.45,76.83,1.97
2004-10-20,0.56,24.53,76.55,2.93
2004-10-21,0.15,24.56,76.07,2.99
2004-10-22,0.05,25.24,73.89,3.07
2004-10-23,0.01,24.87,73.51,3.14
2004-10-24,0.83,24.84,74.13,3.37
2004-10-25,0.01,23.82,70.24,2.97
2004-10-26,0.01,24.16,75.81,3.27
2004-10-27,0.24,24.54,73.04,2.86
2004-10-28,0.02,24.2,71.88,2.77
2004-10-29,0.12,23.88,75.95,3.33
2004-10-30,2.68,23.93,78.79,3.54
2004-10-31,4.33,23.75,78.58,3.79
2004-11-01,5.16,23.23,81.08,2.5
2004-11-02,8.3,23.78,77.76,2.76
2004-11-03,2.31,23.4,75.63,3.01
2004-11-04,0.0,22.99,65.69,2.85
2004-11-05,0.01,21.66,65.49,3.09
2004-11-06,1.2,21.14,83.47,2.46
2004-11-07,0.16,24.44,77.98,2.95
2004-11-08,0.83,23.89,77.39,2.99
2004-11-09,0.4,23.79,75.86,2.2
2004-11-10,0.28,23.78,78.07,1.68
2004-11-11,0.58,23.79,81.91,2.14
2004-11-12,0.11,24.61,76.39,2.95
2004-11-13,0.0,24.52,69.13,2.95
2004-11-14,0.0,23.61,64.66,3.19
2004-11-15,0.0,23.8,62.64,2.81
2004-11-16,0.0,23.85,64.81,2.03
2004-11-17,0.0,25.05,66.13,1.72
2004-11-18,0.0,24.99,66.3,1.71
2004-11-19,0.0,23.05,55.57,2.83
2004-11-20,0.0,21.99,53.22,2.81
2004-11-21,0.0,21.84,56.04,2.94
2004-11-22,0.0,22.1,59.37,2.69
2004-11-23,0.0,22.62,60.74,2.44
2004-11-24,0.0,22.08,54.71,3.03
2004-11-25,0.0,21.47,59.71,3.33
2004-11-26,0.07,22.92,70.76,3.47
2004-11-27,0.02,24.05,65.35,4.15
2004-11-28,0.0,22.55,58.99,3.5
2004-11-29,0.0,21.01,55.74,3.21
2004-11-30,0.0,20.92,55.34,2.33
2004-12-01,0.0,20.52,49.65,2.28
2004-12-02,0.0,21.1,56.23,2.49
2004-12-03,0.0,21.93,59.98,2.98
2004-12-04,0.0,21.01,55.78,3.08
2004-12-05,0.0,20.82,54.64,2.71
2004-12-06,0.0,20.39,48.86,2.48
2004-12-07,0.0,20.88,49.73,3.0
2004-12-08,0.0,21.09,59.06,2.98
2004-12-09,0.0,22.76,57.62,3.0
2004-12-10,0.0,21.71,54.45,3.01
2004-12-11,0.0,21.69,60.7,3.43
2004-12-12,0.0,22.06,57.03,3.73
2004-12-13,0.0,21.82,57.95,3.57
2004-12-14,0.0,21.48,59.53,3.3
2004-12-15,0.0,21.94,57.22,3.39
2004-12-16,0.0,21.43,55.48,2.99
2004-12-17,0.0,21.4,51.61,2.95
2004-12-18,0.0,21.06,51.19,2.58
2004-12-19,0.0,21.57,45.66,1.23
2004-12-20,0.0,20.97,60.53,1.1
2004-12-21,0.0,21.56,58.94,0.78
2004-12-22,0.0,21.56,54.62,0.74
2004-12-23,0.0,21.73,48.17,1.7
2004-12-24,0.0,21.21,46.97,2.96
2004-12-25,0.0,22.04,55.0,3.39
2004-12-26,0.0,21.52,49.13,2.98
2004-12-27,0.0,21.39,48.07,2.98
2004-12-28,0.0,21.96,58.56,3.14
2004-12-29,0.0,22.45,59.29,3.38
2004-12-30,0.0,21.92,54.71,2.85
2004-12-31,0.0,22.82,56.35,1.39
2005-01-01,0.06,24.21,61.94,1.02
2005-01-02,0.02,24.84,62.38,0.54
2005-01-03,1.31,25.3,61.86,1.63
2005-01-04,0.01,25.33,55.91,3.15
2005-01-05,0.0,23.96,47.08,3.29
2005-01-06,0.0,23.24,49.38,3.0
2005-01-07,0.0,23.18,49.34,2.67
2005-01-08,0.0,23.2,51.72,2.48
2005-01-09,0.0,23.17,46.2,2.29
2005-01-10,0.0,22.57,45.1,1.58
2005-01-11,0.0,22.0,54.83,1.11
2005-01-12,0.0,21.98,42.61,1.66
2005-01-13,0.0,22.29,42.96,2.32
2005-01-14,0.0,22.2,45.45,2.6
2005-01-15,0.0,22.72,43.69,2.59
2005-01-16,0.0,22.59,44.75,1.55
2005-01-17,0.0,22.27,62.88,1.61
2005-01-18,0.0,22.42,55.57,1.32
2005-01-19,0.0,23.82,48.4,1.47
2005-01-20,0.0,25.42,47.06,3.4
2005-01-21,0.0,24.63,47.78,3.52
2005-01-22,0.0,25.84,51.7,2.4
2005-01-23,0.03,25.45,56.85,2.29
2005-01-24,0.0,25.18,49.64,0.85
2005-01-25,0.0,26.01,49.34,1.34
2005-01-26,0.0,25.49,54.03,2.09
2005-01-27,0.0,24.66,62.04,2.06
2005-01-28,0.0,24.16,66.01,2.13
2005-01-29,0.47,23.82,64.4,1.97
2005-01-30,0.29,23.72,61.68,1.79
2005-01-31,2.85,23.45,67.6,2.05
2005-02-01,0.04,23.95,60.18,1.17
2005-02-02,0.04,25.37,56.41,2.17
2005-02-03,0.21,26.03,55.47,2.25
2005-02-04,0.09,26.45,54.82,1.5
2005-02-05,0.0,25.82,59.23,1.47
2005-02-06,0.0,26.69,53.83,1.42
2005-02-07,0.0,26.79,33.66,2.47
2005-02-08,0.0,24.98,32.48,3.79
2005-02-09,0.0,25.22,39.03,4.05
2005-02-10,0.0,25.05,30.99,4.04
2005-02-11,0.0,25.13,31.9,3.31
2005-02-12,0.0,25.61,31.44,3.39
2005-02-13,0.0,25.35,24.31,2.91
2005-02-14,0.0,26.64,22.41,2.22
2005-02-15,0.0,27.32,28.24,1.55
2005-02-16,0.0,26.86,43.97,1.68
2005-02-17,0.0,26.62,44.58,1.92
2005-02-18,0.0,26.23,47.57,1.74
2005-02-19,0.0,26.22,44.79,1.16
2005-02-20,0.0,25.92,43.36,1.45
2005-02-21,0.0,24.84,49.48,2.78
2005-02-22,0.0,26.12,49.52,1.24
2005-02-23,0.0,27.66,41.62,1.27
2005-02-24,0.0,28.56,42.58,1.35
2005-02-25,0.0,29.46,35.41,1.61
2005-02-26,0.0,28.78,28.96,2.26
2005-02-27,0.0,27.99,24.12,2.35
2005-02-28,0.0,27.44,26.92,2.21
2005-03-01,0.0,27.68,33.08,2.57
2005-03-02,0.0,27.63,30.11,1.48
2005-03-03,0.0,27.36,28.65,1.75
2005-03-04,0.0,27.35,45.17,1.91
2005-03-05,0.0,28.44,46.25,0.96
2005-03-06,0.0,29.04,44.06,2.21
2005-03-07,0.03,28.87,46.89,1.96
2005-03-08,0.02,29.6,42.05,1.45
2005-03-09,0.6,29.26,43.18,1.89
2005-03-10,0.01,28.32,45.51,2.22
2005-03-11,0.07,27.75,36.58,1.88
2005-03-12,0.0,27.78,35.64,1.79
2005-03-13,0.0,28.38,39.71,2.78
2005-03-14,0.0,29.3,36.43,2.32
2005-03-15,0.0,28.35,25.57,2.2
2005-03-16,0.0,28.94,29.31,2.02
2005-03-17,0.0,29.02,28.44,2.77
2005-03-18,0.0,29.65,27.29,2.9
2005-03-19,0.0,29.65,26.51,2.84
2005-03-20,0.0,29.65,26.54,2.46
2005-03-21,0.0,29.49,38.23,1.39
2005-03-22,0.0,30.31,43.4,1.9
2005-03-23,0.0,29.5,39.19,3.11
2005-03-24,0.0,27.89,44.35,2.98
2005-03-25,0.0,27.8,46.87,2.34
2005-03-26,0.0,28.82,44.25,2.36
2005-03-27,0.0,29.32,43.02,1.81
2005-03-28,0.0,30.33,30.16,2.36
2005-03-29,0.0,28.99,47.44,2.94
2005-03-30,0.0,29.24,49.56,2.24
2005-03-31,0.0,28.61,51.72,3.19
2005-04-01,0.0,28.96,49.41,2.57
2005-04-02,0.0,30.63,45.89,1.43
2005-04-03,0.0,31.57,39.81,3.0
2005-04-04,0.66,31.16,40.86,3.47
2005-04-05,0.09,30.58,41.63,3.52
2005-04-06,0.56,28.52,50.37,2.73
2005-04-07,4.07,29.18,54.16,1.93
2005-04-08,2.58,28.24,63.73,2.49
2005-04-09,0.04,30.11,49.18,2.99
2005-04-10,0.0,29.2,45.06,2.38
2005-04-11,0.02,30.28,41.16,1.93
2005-04-12,1.54,28.82,54.48,1.64
2005-04-13,0.3,28.93,59.05,2.55
2005-04-14,0.62,29.26,57.07,1.8
2005-04-15,22.18,28.02,65.11,0.93
2005-04-16,9.37,26.17,73.58,1.51
2005-04-17,1.55,27.23,66.81,1.02
2005-04-18,4.18,27.43,69.33,0.94
2005-04-19,1.45,27.43,67.48,0.69
2005-04-20,2.72,27.79,63.09,0.97
2005-04-21,0.51,26.35,71.83,1.33
2005-04-22,3.74,26.52,72.22,0.99
2005-04-23,2.67,26.34,71.33,1.38
2005-04-24,0.62,24.24,72.9,1.84
2005-04-25,0.12,27.19,65.75,1.47
2005-04-26,3.26,27.87,66.95,1.45
2005-04-27,1.75,28.47,64.82,1.49
2005-04-28,0.16,28.77,62.38,1.92
2005-04-29,0.1,29.07,56.86,2.41
2005-04-30,0.0,28.84,50.38,2.47
2005-05-01,0.0,28.7,55.4,2.45
2005-05-02,0.07,28.92,57.72,2.05
2005-05-03,0.28,28.6,59.82,2.99
2005-05-04,2.08,28.38,62.0,2.1
2005-05-05,0.81,28.43,61.35,2.48
2005-05-06,0.02,28.99,56.09,3.0
2005-05-07,0.0,28.74,55.15,2.96
2005-05-08,0.0,29.14,54.5,2.83
2005-05-09,0.0,29.35,56.77,4.27
2005-05-10,0.0,29.45,57.61,3.83
2005-05-11,0.0,29.39,58.87,2.96
2005-05-12,0.07,30.95,51.92,2.98
2005-05-13,0.1,30.6,50.76,3.72
2005-05-14,0.0,30.86,46.3,3.46
2005-05-15,0.0,29.9,51.52,3.79
2005-05-16,0.0,30.38,51.51,3.98
2005-05-17,0.0,30.85,49.83,3.81
2005-05-18,0.0,30.8,48.52,3.54
2005-05-19,0.0,32.58,42.37,2.94
2005-05-20,0.58,31.88,52.15,2.66
2005-05-21,4.19,29.87,63.28,3.46
2005-05-22,0.3,29.45,62.75,2.76
2005-05-23,0.04,30.26,55.64,3.1
2005-05-24,0.02,29.0,61.15,3.83
2005-05-25,8.63,27.05,67.87,3.85
2005-05-26,12.51,25.92,73.37,1.65
2005-05-27,8.86,25.38,81.39,2.55
2005-05-28,9.63,26.06,77.12,3.36
2005-05-29,2.23,26.77,71.82,2.05
2005-05-30,5.95,25.33,80.91,2.23
2005-05-31,2.81,26.45,76.6,3.2
2005-06-01,4.14,24.77,87.81,3.12
2005-06-02,9.88,24.93,84.48,3.23
2005-06-03,3.29,25.74,80.75,2.72
2005-06-04,3.66,26.85,76.52,2.83
2005-06-05,4.6,24.34,86.36,2.35
2005-06-06,4.17,26.58,77.63,2.54
2005-06-07,12.07,25.68,83.82,2.48
2005-06-08,4.21,24.96,84.25,3.12
2005-06-09,1.24,25.25,82.54,3.51
2005-06-10,0.38,24.64,84.75,3.71
2005-06-11,31.99,24.96,84.99,3.4
2005-06-12,2.46,25.08,81.34,3.81
2005-06-13,6.2,25.97,79.45,3.37
2005-06-14,2.08,25.41,82.76,2.41
2005-06-15,3.03,25.64,81.21,3.45
2005-06-16,7.88,26.02,79.55,3.01
2005-06-17,18.09,24.74,85.35,5.18
2005-06-18,21.18,24.99,83.31,6.8
2005-06-19,23.09,24.86,84.94,6.4
2005-06-20,31.29,23.73,85.14,6.27
2005-06-21,48.17,22.57,87.88,6.01
2005-06-22,34.07,23.15,86.4,5.37
2005-06-23,11.75,24.14,85.24,5.0
2005-06-24,5.96,24.63,86.16,5.3
2005-06-25,2.18,24.27,88.23,4.86
2005-06-26,2.75,23.7,88.58,4.56
2005-06-27,13.84,24.58,85.91,5.72
2005-06-28,13.36,24.12,88.2,6.31
2005-06-29,11.78,24.07,88.2,5.77
2005-06-30,21.96,24.4,91.03,5.66
2005-07-01,9.71,24.49,87.31,6.13
2005-07-02,7.44,24.26,86.94,5.8
2005-07-03,11.71,23.95,88.33,5.51
2005-07-04,20.22,24.1,88.75,5.8
2005-07-05,18.96,23.5,90.88,6.31
2005-07-06,7.35,23.87,88.59,6.18
2005-07-07,1.71,23.75,90.57,4.99
2005-07-08,1.42,23.66,89.99,4.54
2005-07-09,1.84,23.34,86.58,5.36
2005-07-10,8.84,22.86,86.59,4.05
2005-07-11,35.66,23.12,86.24,3.82
2005-07-12,15.32,24.03,88.93,3.57
2005-07-13,36.92,24.1,89.22,3.59
2005-07-14,34.78,23.51,90.31,2.87
2005-07-15,25.13,23.81,89.92,2.09
2005-07-16,55.52,23.3,93.18,3.37
2005-07-17,14.52,23.99,89.81,2.11
2005-07-18,10.09,23.92,90.86,2.35
2005-07-19,14.25,24.15,90.46,3.18
2005-07-20,12.98,23.62,91.85,3.52
2005-07-21,17.61,23.38,89.84,4.2
2005-07-22,24.21,23.41,91.6,4.27
2005-07-23,55.71,23.37,91.47,4.86
2005-07-24,46.0,22.93,93.87,5.69
2005-07-25,46.1,22.86,93.24,6.74
2005-07-26,33.6,23.12,93.42,6.02
2005-07-27,27.02,22.96,92.89,5.98
2005-07-28,11.98,23.42,90.23,6.23
2005-07-29,18.13,23.31,90.52,6.86
2005-07-30,8.09,23.79,89.95,6.29
2005-07-31,6.74,23.27,90.84,6.29
2005-08-01,23.71,23.49,90.46,7.13
2005-08-02,22.04,23.63,89.55,6.96
2005-08-03,18.38,23.54,90.73,5.85
2005-08-04,8.26,23.21,92.39,5.22
2005-08-05,7.2,23.05,91.75,5.28
2005-08-06,4.54,23.25,89.57,5.29
2005-08-07,10.25,23.18,89.19,5.45
2005-08-08,21.81,23.16,92.14,4.47
2005-08-09,14.61,23.3,92.0,4.28
2005-08-10,8.63,23.27,91.38,4.22
2005-08-11,6.38,23.36,90.89,4.6
2005-08-12,4.2,23.24,89.84,4.78
2005-08-13,4.24,22.99,90.12,4.48
2005-08-14,9.07,23.13,91.06,4.65
2005-08-15,9.98,23.1,91.43,4.64
2005-08-16,17.18,22.94,90.35,5.29
2005-08-17,9.88,22.83,90.29,4.97
2005-08-18,3.16,23.16,90.5,4.31
2005-08-19,7.83,22.83,91.65,4.06
2005-08-20,3.26,22.78,88.93,4.03
2005-08-21,6.41,23.21,89.11,3.9
2005-08-22,1.0,23.39,88.16,2.98
2005-08-23,3.58,22.97,88.68,2.09
2005-08-24,2.38,23.36,89.46,2.29
2005-08-25,4.05,23.42,88.92,2.96
2005-08-26,2.95,23.26,87.97,2.37
2005-08-27,19.31,23.17,90.18,2.01
2005-08-28,2.93,23.87,87.3,1.65
2005-08-29,1.48,24.44,87.57,1.67
2005-08-30,3.93,24.3,89.75,1.72
2005-08-31,5.52,23.68,92.15,1.6
2005-09-01,1.67,24.56,85.41,1.49
2005-09-02,27.58,24.47,88.73,1.37
2005-09-03,13.31,25.02,86.46,1.21
2005-09-04,16.16,24.43,89.7,1.92
2005-09-05,8.97,23.12,92.96,3.11
2005-09-06,1.91,23.16,91.24,2.04
2005-09-07,1.81,23.89,89.18,1.12
2005-09-08,2.56,23.38,92.3,2.9
2005-09-09,4.23,23.4,90.57,3.73
2005-09-10,6.87,22.92,91.55,3.76
2005-09-11,6.48,23.56,90.11,4.72
2005-09-12,11.45,23.62,90.01,5.58
2005-09-13,8.17,23.68,89.41,5.35
2005-09-14,3.16,23.68,89.47,4.77
2005-09-15,3.51,23.41,89.86,4.4
2005-09-16,3.62,23.44,89.84,3.58
2005-09-17,1.34,23.3,88.63,3.58
2005-09-18,2.8,22.99,88.4,4.03
2005-09-19,12.34,22.24,91.52,4.6
2005-09-20,8.35,22.43,91.27,5.1
2005-09-21,12.85,22.35,93.22,4.37
2005-09-22,38.72,23.47,91.0,4.09
2005-09-23,16.46,23.01,91.06,3.37
2005-09-24,1.39,22.99,89.74,2.79
2005-09-25,0.09,22.97,89.83,2.25
2005-09-26,0.45,23.17,87.85,2.19
2005-09-27,4.95,23.59,88.51,2.02
2005-09-28,1.75,23.39,89.8,2.38
2005-09-29,0.84,23.53,88.89,2.06
2005-09-30,0.13,23.35,87.83,1.83
2005-10-01,0.01,23.57,86.23,1.65
2005-10-02,0.25,23.25,89.16,1.68
2005-10-03,0.13,22.59,91.43,1.61
2005-10-04,8.57,23.42,88.41,1.83
2005-10-05,4.34,24.41,83.63,1.02
2005-10-06,0.17,24.57,80.12,1.36
2005-10-07,0.05,23.98,84.46,1.56
2005-10-08,11.82,24.11,88.16,2.07
2005-10-09,3.15,23.44,83.98,2.19
2005-10-10,0.15,22.99,82.12,1.94
2005-10-11,9.98,23.4,87.41,2.31
2005-10-12,14.17,23.14,89.62,2.51
2005-10-13,12.79,23.25,89.57,2.18
2005-10-14,20.3,21.73,93.3,2.05
2005-10-15,10.57,22.87,90.38,1.48
2005-10-16,3.87,23.1,83.87,1.1
2005-10-17,8.28,24.17,86.51,1.09
2005-10-18,5.07,24.25,89.36,1.07
2005-10-19,10.16,22.81,95.14,1.75
2005-10-20,0.39,23.61,84.92,1.23
2005-10-21,0.0,23.07,80.9,1.1
2005-10-22,0.71,22.75,84.13,1.49
2005-10-23,0.49,22.54,83.51,1.54
2005-10-24,0.19,22.13,89.56,1.4
2005-10-25,6.65,22.22,92.89,2.02
2005-10-26,4.02,23.39,84.96,1.08
2005-10-27,2.31,22.57,90.15,1.36
2005-10-28,0.61,22.9,89.43,1.73
2005-10-29,2.9,23.51,89.67,2.18
2005-10-30,2.6,23.53,89.46,1.7
2005-10-31,0.88,22.59,90.23,0.99
2005-11-01,4.76,21.66,89.86,1.61
2005-11-02,2.18,21.38,85.92,1.0
2005-11-03,0.22,22.34,87.14,2.04
2005-11-04,0.0,20.74,79.65,2.4
2005-11-05,0.76,20.57,85.42,2.42
2005-11-06,0.03,22.57,87.72,2.54
2005-11-07,0.0,22.42,87.08,2.76
2005-11-08,0.0,21.03,81.8,2.8
2005-11-09,0.0,20.02,82.19,2.46
2005-11-10,0.0,21.01,85.0,2.19
2005-11-11,0.01,21.19,85.06,2.25
2005-11-12,2.65,20.5,85.76,1.8
2005-11-13,0.31,17.85,79.31,2.04
2005-11-14,0.0,17.94,79.21,1.92
2005-11-15,0.0,18.32,80.98,1.82
2005-11-16,0.0,17.45,77.58,2.1
2005-11-17,0.0,17.46,77.15,1.98
2005-11-18,0.0,17.7,78.21,1.89
2005-11-19,0.0,17.72,81.09,2.01
2005-11-20,0.0,17.46,82.25,2.17
2005-11-21,0.05,18.2,85.07,2.47
2005-11-22,1.49,20.79,89.42,3.5
2005-11-23,3.5,21.68,89.72,4.08
2005-11-24,0.74,21.15,86.07,3.86
2005-11-25,0.34,21.43,89.0,3.3
2005-11-26,0.04,20.46,84.83,3.12
2005-11-27,0.01,20.08,85.76,2.28
2005-11-28,0.0,19.86,80.79,2.52
2005-11-29,0.0,19.23,79.36,2.36
2005-11-30,0.0,19.44,70.68,1.28
2005-12-01,0.0,19.81,71.44,1.9
2005-12-02,0.0,20.64,82.31,2.03
2005-12-03,0.1,22.38,84.76,2.93
2005-12-04,0.15,21.11,89.64,3.34
2005-12-05,0.01,22.12,82.31,3.17
2005-12-06,0.0,21.4,81.03,2.67
2005-12-07,0.0,20.54,77.94,2.05
2005-12-08,0.0,19.37,68.11,1.82
2005-12-09,0.0,18.7,61.98,1.95
2005-12-10,0.0,19.94,72.03,2.06
2005-12-11,0.0,21.72,80.46,2.75
2005-12-12,0.01,21.75,79.61,3.3
2005-12-13,0.01,21.58,79.75,3.28
2005-12-14,0.0,20.56,71.82,2.81
2005-12-15,0.0,19.17,70.02,3.04
2005-12-16,0.0,19.13,68.58,2.68
2005-12-17,0.0,18.62,71.41,2.5
2005-12-18,0.0,21.35,77.3,1.89
2005-12-19,0.0,22.05,73.49,1.6
2005-12-20,0.0,22.24,73.85,1.3
2005-12-21,0.0,22.87,75.62,1.14
2005-12-22,0.0,22.36,78.11,1.17
2005-12-23,0.0,20.72,78.2,1.66
2005-12-24,0.0,21.62,71.81,0.71
2005-12-25,0.0,21.11,73.91,2.76
2005-12-26,0.0,20.15,71.21,2.46
2005-12-27,0.0,18.56,64.06,2.36
2005-12-28,0.0,18.32,64.46,2.2
2005-12-29,0.0,19.26,68.34,2.05
2005-12-30,0.0,18.84,66.23,2.35
2005-12-31,0.0,19.19,71.46,2.95
2006-01-01,0.0,19.3,69.5,2.98
2006-01-02,0.0,19.65,70.04,2.68
2006-01-03,0.0,19.44,66.46,2.6
2006-01-04,0.0,19.56,63.56,2.63
2006-01-05,0.0,21.21,69.26,2.51
2006-01-06,0.0,21.81,66.65,3.44
2006-01-07,0.0,22.31,66.67,2.95
2006-01-08,0.44,23.03,76.03,2.57
2006-01-09,0.04,23.89,73.77,2.93
2006-01-10,0.0,23.05,70.84,3.47
2006-01-11,0.0,22.52,66.49,2.91
2006-01-12,0.0,21.72,60.56,2.88
2006-01-13,0.0,21.85,58.6,2.77
2006-01-14,0.0,22.17,53.59,2.72
2006-01-15,0.0,22.28,48.48,2.91
2006-01-16,0.0,23.58,55.24,1.95
2006-01-17,0.0,24.04,58.25,1.43
2006-01-18,0.0,23.25,49.58,2.39
2006-01-19,0.0,22.61,47.11,2.84
2006-01-20,0.0,23.0,45.59,2.62
2006-01-21,0.0,23.1,45.14,2.38
2006-01-22,0.0,22.54,58.13,1.97
2006-01-23,0.0,22.65,59.1,1.51
2006-01-24,0.0,21.87,40.27,1.49
2006-01-25,0.0,20.76,48.74,3.05
2006-01-26,0.0,20.23,49.19,3.03
2006-01-27,0.0,22.17,65.28,3.51
2006-01-28,0.0,21.49,51.0,2.96
2006-01-29,0.0,21.33,41.64,2.44
2006-01-30,0.0,21.31,39.69,2.97
2006-01-31,0.0,21.27,49.42,3.2
2006-02-01,0.0,21.59,50.39,3.51
2006-02-02,0.0,21.97,51.22,3.64
2006-02-03,0.0,21.67,52.18,3.58
2006-02-04,0.0,23.41,52.71,3.04
2006-02-05,0.0,24.26,48.62,3.1
2006-02-06,0.0,22.75,38.73,2.94
2006-02-07,0.0,22.84,32.17,2.43
2006-02-08,0.0,22.19,41.01,2.81
2006-02-09,0.0,22.39,39.27,2.77
2006-02-10,0.0,22.32,32.81,2.29
2006-02-11,0.0,22.59,33.5,3.16
2006-02-12,0.0,22.77,37.68,3.35
2006-02-13,0.0,22.45,36.5,3.03
2006-02-14,0.0,23.76,33.9,2.18
2006-02-15,0.0,24.35,36.13,1.13
2006-02-16,0.0,24.88,45.84,1.14
2006-02-17,0.0,25.71,50.53,0.97
2006-02-18,0.0,25.77,39.11,2.45
2006-02-19,0.0,26.4,35.55,2.13
2006-02-20,0.0,26.1,33.06,2.95
2006-02-21,0.0,26.23,34.75,2.68
2006-02-22,0.0,25.55,31.0,2.89
2006-02-23,0.0,25.82,28.2,3.39
2006-02-24,0.0,26.03,22.29,3.68
2006-02-25,0.0,25.36,23.98,2.79
2006-02-26,0.0,25.76,23.98,2.16
2006-02-27,0.0,26.33,32.27,0.83
2006-02-28,0.0,26.76,51.11,1.4
2006-03-01,0.0,27.69,56.43,1.91
2006-03-02,0.0,28.39,53.96,1.97
2006-03-03,3.51,27.7,58.99,1.93
2006-03-04,2.64,27.72,60.65,1.58
2006-03-05,0.34,28.01,55.4,1.56
2006-03-06,0.42,27.62,40.52,1.41
2006-03-07,0.05,27.29,38.53,1.58
2006-03-08,0.01,28.07,42.77,2.23
2006-03-09,6.88,26.65,56.08,1.65
2006-03-10,6.13,25.02,69.33,2.79
2006-03-11,0.02,23.93,62.26,2.97
2006-03-12,0.0,22.53,60.12,1.88
2006-03-13,0.0,24.18,59.21,2.13
2006-03-14,0.01,24.27,62.28,2.64
2006-03-15,0.02,24.73,59.76,2.61
2006-03-16,0.0,24.84,60.11,3.07
2006-03-17,0.0,25.72,54.88,1.94
2006-03-18,0.0,27.49,46.74,1.55
2006-03-19,0.0,28.63,42.76,3.08
2006-03-20,0.0,29.45,41.84,2.37
2006-03-21,0.0,29.49,40.25,1.58
2006-03-22,0.0,29.79,44.02,1.85
2006-03-23,0.0,30.23,41.47,2.22
2006-03-24,0.0,29.67,42.23,1.05
2006-03-25,0.0,29.52,43.29,1.05
2006-03-26,0.0,30.02,48.09,1.85
2006-03-27,0.0,29.43,42.46,2.81
2006-03-28,0.0,29.6,33.05,0.76
2006-03-29,0.0,29.89,31.75,1.71
2006-03-30,0.0,29.96,39.29,1.46
2006-03-31,0.0,30.25,45.25,1.33
2006-04-01,0.0,29.63,52.56,2.34
2006-04-02,0.0,29.54,53.79,2.54
2006-04-03,0.0,30.54,43.7,2.8
2006-04-04,0.0,30.09,36.75,2.46
2006-04-05,0.0,30.26,43.17,1.96
2006-04-06,0.0,30.0,47.66,3.07
2006-04-07,0.0,30.43,49.23,2.7
2006-04-08,0.0,30.81,45.52,2.55
2006-04-09,0.0,30.54,48.46,2.18
2006-04-10,0.0,30.77,46.89,2.43
2006-04-11,0.0,30.18,49.48,2.42
2006-04-12,0.0,30.4,49.4,2.45
2006-04-13,0.0,30.78,46.78,1.92
2006-04-14,0.0,31.11,45.6,1.7
2006-04-15,0.23,30.28,51.01,2.56
2006-04-16,10.02,27.74,62.12,3.43
2006-04-17,0.75,27.48,61.94,3.17
2006-04-18,0.0,27.93,51.34,2.73
2006-04-19,0.0,27.87,50.28,1.14
2006-04-20,0.23,29.19,46.12,1.23
2006-04-21,0.02,30.56,43.82,1.4
2006-04-22,0.0,30.5,46.47,1.92
2006-04-23,0.29,30.66,49.87,2.16
2006-04-24,0.69,31.31,43.73,2.09
2006-04-25,0.11,30.07,51.49,3.28
2006-04-26,0.0,30.07,51.48,3.22
2006-04-27,0.0,30.82,47.53,3.11
2006-04-28,0.0,30.27,51.26,3.54
2006-04-29,0.0,29.56,50.09,4.12
2006-04-30,0.0,30.01,49.64,3.84
2006-05-01,0.0,30.84,43.44,3.96
2006-05-02,10.19,30.27,52.95,2.87
2006-05-03,0.7,30.03,57.72,1.91
2006-05-04,1.69,30.48,54.68,1.59
2006-05-05,2.46,28.01,67.36,2.23
2006-05-06,0.31,28.74,63.33,2.18
2006-05-07,0.22,29.75,59.1,2.24
2006-05-08,3.8,29.93,59.86,2.0
2006-05-09,0.78,29.36,61.08,1.74
2006-05-10,6.16,28.46,66.13,2.68
2006-05-11,0.6,29.65,60.11,2.72
2006-05-12,0.04,30.16,55.83,3.18
2006-05-13,0.02,30.19,54.91,3.47
2006-05-14,0.0,30.78,50.03,3.31
2006-05-15,0.0,30.93,50.1,3.42
2006-05-16,0.03,31.65,49.02,3.69
2006-05-17,0.04,29.6,58.58,4.46
2006-05-18,2.38,29.11,60.49,3.32
2006-05-19,0.16,28.37,60.62,4.5
2006-05-20,0.03,28.64,55.48,4.87
2006-05-21,0.94,28.45,57.28,4.53
2006-05-22,0.31,28.67,61.22,4.21
2006-05-23,3.04,27.43,68.09,4.17
2006-05-24,1.55,27.91,66.69,4.96
2006-05-25,8.58,26.61,72.7,4.45
2006-05-26,10.67,25.02,78.5,4.74
2006-05-27,25.99,24.8,82.71,4.75
2006-05-28,17.6,25.03,86.52,3.42
2006-05-29,24.21,24.98,86.87,5.95
2006-05-30,43.12,23.73,88.71,6.67
2006-05-31,25.54,24.34,84.18,5.74
2006-06-01,22.9,24.48,84.1,6.63
2006-06-02,17.42,24.31,87.33,5.71
2006-06-03,15.82,23.93,87.1,4.89
2006-06-04,9.9,24.09,83.14,4.9
2006-06-05,11.97,23.69,83.87,4.68
2006-06-06,2.7,23.6,81.59,3.9
2006-06-07,4.15,24.23,81.7,3.8
2006-06-08,0.74,24.7,78.92,3.23
2006-06-09,25.07,24.77,83.45,3.23
2006-06-10,7.6,24.21,86.56,3.58
2006-06-11,0.48,24.65,84.71,3.49
2006-06-12,0.16,24.8,82.9,3.64
2006-06-13,0.1,24.95,79.33,3.52
2006-06-14,0.09,25.13,79.64,2.65
2006-06-15,19.72,24.72,86.29,2.69
2006-06-16,26.44,24.46,87.27,2.21
2006-06-17,14.41,24.11,89.58,1.63
2006-06-18,16.93,23.51,88.45,2.44
2006-06-19,9.44,25.36,88.98,2.75
2006-06-20,8.73,24.45,89.47,2.87
2006-06-21,5.55,24.13,87.6,2.05
2006-06-22,3.55,24.58,83.97,2.41
2006-06-23,22.48,23.74,88.75,3.42
2006-06-24,28.56,23.58,91.71,5.82
2006-06-25,28.25,24.33,88.12,6.48
2006-06-26,19.11,24.07,89.54,5.54
2006-06-27,16.32,24.45,89.48,5.37
2006-06-28,24.05,23.88,92.08,5.48
2006-06-29,14.16,24.11,91.45,5.19
2006-06-30,5.14,23.92,90.15,5.53
2006-07-01,8.02,24.05,87.71,6.24
2006-07-02,14.9,24.04,88.59,7.24
2006-07-03,9.92,23.26,90.71,6.69
2006-07-04,6.82,24.26,87.61,7.84
2006-07-05,7.21,24.05,86.91,7.68
2006-07-06,10.51,23.93,86.7,6.76
2006-07-07,16.03,23.95,87.17,5.13
2006-07-08,10.97,24.1,87.45,5.24
2006-07-09,6.22,23.33,90.46,5.07
2006-07-10,5.63,23.51,87.92,5.36
2006-07-11,7.4,23.62,88.41,5.32
2006-07-12,11.04,23.23,89.67,5.51
2006-07-13,26.74,23.55,89.15,5.78
2006-07-14,13.36,22.97,91.44,5.28
2006-07-15,3.2,23.45,89.23,5.57
2006-07-16,5.25,23.53,87.62,5.51
2006-07-17,4.02,23.36,87.0,5.65
2006-07-18,5.1,23.44,86.76,5.95
2006-07-19,13.11,23.57,86.67,5.3
2006-07-20,13.55,23.45,88.04,5.16
2006-07-21,7.33,23.18,88.16,5.19
2006-07-22,4.05,23.26,87.02,5.64
2006-07-23,7.22,23.26,87.05,5.08
2006-07-24,3.46,23.42,87.97,4.14
2006-07-25,4.66,23.73,86.86,4.05
2006-07-26,10.8,23.57,88.2,4.7
2006-07-27,14.39,22.47,89.8,5.19
2006-07-28,12.93,22.49,89.04,6.03
2006-07-29,6.97,22.68,88.17,5.66
2006-07-30,5.67,23.27,87.42,5.56
2006-07-31,14.15,22.81,87.88,5.27
2006-08-01,7.17,23.23,86.92,5.04
2006-08-02,5.57,22.62,88.04,4.8
2006-08-03,7.39,23.08,88.89,4.95
2006-08-04,5.76,22.71,90.12,5.04
2006-08-05,6.23,22.26,90.3,5.05
2006-08-06,8.91,22.7,89.28,4.64
2006-08-07,7.11,22.65,88.43,4.62
2006-08-08,21.06,22.8,88.61,5.18
2006-08-09,10.24,23.05,88.21,5.02
2006-08-10,18.94,23.19,89.12,5.82
2006-08-11,19.7,22.72,91.12,5.52
2006-08-12,9.28,22.88,90.35,5.4
2006-08-13,14.63,23.45,89.77,5.48
2006-08-14,8.37,23.23,88.43,5.75
2006-08-15,11.51,23.61,87.6,6.14
2006-08-16,10.82,23.72,87.84,6.51
2006-08-17,12.87,23.23,88.11,5.97
2006-08-18,12.09,23.46,88.51,4.65
2006-08-19,3.86,23.67,88.18,3.85
2006-08-20,1.19,22.78,89.74,3.4
2006-08-21,2.24,23.38,86.75,3.43
2006-08-22,3.48,22.83,88.32,3.31
2006-08-23,0.81,23.24,85.34,3.62
2006-08-24,0.84,23.52,84.91,3.16
2006-08-25,0.16,23.01,86.36,2.36
2006-08-26,0.16,23.9,84.29,3.2
2006-08-27,2.57,23.35,84.59,3.64
2006-08-28,5.26,23.14,86.86,3.69
2006-08-29,3.35,23.3,86.79,3.86
2006-08-30,4.69,23.7,85.24,3.81
2006-08-31,4.04,23.86,83.96,3.14
2006-09-01,3.97,23.94,84.1,2.93
2006-09-02,1.51,24.75,79.5,2.68
2006-09-03,0.2,24.86,79.97,2.69
2006-09-04,0.04,24.68,79.84,2.97
2006-09-05,5.68,24.77,81.28,2.82
2006-09-06,1.83,25.37,81.18,2.36
2006-09-07,5.28,24.74,83.14,1.26
2006-09-08,4.71,25.73,79.86,1.6
2006-09-09,5.81,26.79,72.53,1.26
2006-09-10,4.93,26.48,73.57,1.21
2006-09-11,4.99,25.24,83.41,1.07
2006-09-12,25.78,24.01,91.28,3.37
2006-09-13,27.4,23.72,89.63,2.82
2006-09-14,50.63,23.14,92.35,3.61
2006-09-15,21.65,23.05,91.55,3.33
2006-09-16,16.04,23.09,92.34,4.45
2006-09-17,12.33,22.92,91.72,4.5
2006-09-18,10.83,23.02,90.92,4.45
2006-09-19,9.14,23.4,90.27,4.05
2006-09-20,4.69,23.0,90.72,3.52
2006-09-21,6.78,22.78,91.02,3.86
2006-09-22,6.21,23.05,89.97,3.77
2006-09-23,5.71,23.51,89.1,3.34
2006-09-24,1.31,23.61,88.1,2.83
2006-09-25,5.06,23.49,87.88,3.09
2006-09-26,6.05,21.98,87.82,3.54
2006-09-27,3.84,22.68,86.17,2.58
2006-09-28,2.06,23.16,86.75,2.72
2006-09-29,3.34,23.93,86.13,2.57
2006-09-30,8.19,23.97,88.41,2.9
2006-10-01,23.07,23.8,88.57,3.49
2006-10-02,29.15,23.29,89.23,3.74
2006-10-03,19.43,23.25,91.99,3.31
2006-10-04,9.44,23.45,90.72,3.27
2006-10-05,4.44,23.64,90.08,3.21
2006-10-06,2.04,23.63,89.07,2.93
2006-10-07,14.96,23.82,90.4,2.8
2006-10-08,35.66,23.58,90.51,2.53
2006-10-09,6.44,23.75,89.72,2.76
2006-10-10,2.28,23.59,86.7,1.71
2006-10-11,2.59,23.47,78.23,1.22
2006-10-12,0.07,23.58,72.22,1.58
2006-10-13,1.09,23.83,78.93,1.91
2006-10-14,1.64,24.5,76.72,1.77
2006-10-15,0.16,23.93,80.28,2.09
2006-10-16,0.53,23.81,81.23,2.45
2006-10-17,0.12,23.16,84.04,2.23
2006-10-18,0.11,22.93,86.22,2.25
2006-10-19,0.78,24.42,77.4,1.5
2006-10-20,0.94,24.67,74.73,1.74
2006-10-21,0.37,24.35,72.83,2.54
2006-10-22,0.0,23.99,73.19,2.34
2006-10-23,0.0,23.75,70.89,2.47
2006-10-24,0.0,23.48,74.27,2.84
2006-10-25,0.03,23.69,73.9,2.73
2006-10-26,0.15,23.65,74.6,3.18
2006-10-27,1.71,23.81,79.85,2.92
2006-10-28,2.55,23.64,81.27,2.91
2006-10-29,1.6,23.89,82.12,2.18
2006-10-30,0.19,24.57,76.94,1.99
2006-10-31,0.0,24.72,78.91,1.65
2006-11-01,4.41,24.03,84.16,1.02
2006-11-02,28.28,22.19,93.28,2.61
2006-11-03,9.07,21.95,89.84,2.75
2006-11-04,0.23,22.37,85.1,2.55
2006-11-05,2.42,21.64,90.68,2.35
2006-11-06,5.97,21.71,90.81,1.96
2006-11-07,1.08,21.38,84.37,1.92
2006-11-08,0.29,21.73,81.89,1.89
2006-11-09,0.02,22.08,83.96,2.46
2006-11-10,0.0,22.59,81.68,2.75
2006-11-11,0.0,22.62,79.35,2.83
2006-11-12,0.0,22.64,77.45,2.47
2006-11-13,0.0,22.46,77.49,2.84
2006-11-14,0.04,22.91,80.96,3.03
2006-11-15,0.42,23.63,79.64,3.22
2006-11-16,0.51,23.04,82.48,3.26
2006-11-17,0.03,23.43,78.39,3.42
2006-11-18,3.65,23.23,83.28,3.11
2006-11-19,1.64,23.84,81.61,2.63
2006-11-20,2.95,23.61,77.69,2.77
2006-11-21,2.09,21.51,84.63,2.32
2006-11-22,0.78,23.15,79.71,2.24
2006-11-23,0.53,23.26,78.47,1.47
2006-11-24,2.95,22.98,75.44,1.23
2006-11-25,0.41,22.82,67.08,2.16
2006-11-26,0.0,23.48,75.56,1.15
2006-11-27,2.07,24.24,80.33,1.41
2006-11-28,0.39,24.2,76.15,1.76
2006-11-29,0.0,23.71,74.88,2.65
2006-11-30,0.0,21.93,70.35,2.71
2006-12-01,0.0,20.88,68.21,2.89
2006-12-02,0.0,20.32,68.83,2.81
2006-12-03,0.0,21.97,75.63,3.15
2006-12-04,0.0,22.19,72.93,3.28
2006-12-05,0.0,21.44,72.09,2.66
2006-12-06,0.0,20.67,68.95,2.84
2006-12-07,0.0,20.16,67.82,2.79
2006-12-08,0.0,20.28,67.45,3.13
2006-12-09,0.0,20.06,68.52,3.02
2006-12-10,0.0,21.58,72.67,2.76
2006-12-11,0.0,23.17,78.71,2.58
2006-12-12,0.0,23.83,77.33,2.7
2006-12-13,0.0,23.74,72.48,3.29
2006-12-14,0.0,22.21,70.46,3.46
2006-12-15,0.0,21.32,65.13,3.27
2006-12-16,0.0,20.69,62.25,3.92
2006-12-17,0.0,19.89,66.11,3.37
2006-12-18,0.0,20.15,62.14,3.06
2006-12-19,0.0,20.16,60.09,2.87
2006-12-20,0.0,20.42,66.53,3.4
2006-12-21,0.0,21.27,66.02,3.3
2006-12-22,0.0,21.91,68.6,4.02
2006-12-23,0.0,21.59,65.25,3.32
2006-12-24,0.0,22.03,65.43,2.94
2006-12-25,0.0,21.75,64.84,2.76
2006-12-26,0.0,21.42,60.31,2.62
2006-12-27,0.0,21.29,60.55,2.62
2006-12-28,0.0,21.38,52.32,2.4
2006-12-29,0.0,20.71,48.86,2.21
2006-12-30,0.0,20.87,49.07,1.92
2006-12-31,0.0,20.91,50.74,1.79
2007-01-01,0.0,20.82,48.75,1.71
2007-01-02,0.0,20.81,47.59,1.38
2007-01-03,0.0,21.01,51.49,1.74
2007-01-04,0.0,20.82,47.18,1.16
2007-01-05,0.0,20.88,44.7,1.79
2007-01-06,0.0,21.25,53.58,2.62
2007-01-07,0.0,20.99,57.34,3.03
2007-01-08,0.0,20.72,52.06,3.6
2007-01-09,0.0,21.88,58.0,3.43
2007-01-10,0.0,21.98,57.37,3.33
2007-01-11,0.0,21.8,55.76,2.48
2007-01-12,0.0,22.58,56.3,2.9
2007-01-13,0.0,22.06,48.92,2.88
2007-01-14,0.0,22.13,45.48,2.42
2007-01-15,0.0,22.23,43.82,2.01
2007-01-16,0.0,22.58,45.37,1.43
2007-01-17,0.0,23.09,44.88,1.45
2007-01-18,0.0,22.41,44.87,2.66
2007-01-19,0.0,22.75,47.38,2.74
2007-01-20,0.0,22.86,47.06,2.39
2007-01-21,0.0,23.77,40.96,2.63
2007-01-22,0.0,23.33,36.5,1.77
2007-01-23,0.0,24.01,36.78,1.4
2007-01-24,0.0,23.61,42.68,2.7
2007-01-25,0.0,23.71,51.61,2.9
2007-01-26,0.0,23.99,47.89,2.49
2007-01-27,0.0,24.48,44.61,2.6
2007-01-28,0.05,25.85,48.8,2.93
2007-01-29,0.0,24.23,50.75,2.96
2007-01-30,0.0,25.08,49.52,2.48
2007-01-31,0.0,24.47,36.13,2.75
2007-02-01,0.0,23.86,37.19,2.87
2007-02-02,0.0,23.95,33.63,3.06
2007-02-03,0.0,23.27,44.62,1.88
2007-02-04,0.0,23.87,60.44,0.95
2007-02-05,0.0,23.83,57.46,0.99
2007-02-06,0.0,23.85,55.1,1.05
2007-02-07,0.0,24.07,58.38,1.18
2007-02-08,0.0,24.49,54.6,0.97
2007-02-09,0.0,24.06,34.37,2.88
2007-02-10,0.0,23.13,44.48,2.27
2007-02-11,0.0,23.92,56.63,1.61
2007-02-12,0.0,23.97,64.44,2.15
2007-02-13,0.0,23.26,66.84,3.26
2007-02-14,0.0,23.15,60.49,2.08
2007-02-15,0.0,23.12,51.39,2.44
2007-02-16,0.0,23.35,53.4,2.11
2007-02-17,0.0,24.23,54.73,2.08
2007-02-18,0.0,25.48,52.67,1.8
2007-02-19,0.0,25.63,55.01,2.44
2007-02-20,0.0,26.17,43.7,3.03
2007-02-21,0.0,24.32,36.81,3.05
2007-02-22,0.0,24.14,30.14,2.88
2007-02-23,0.0,23.86,29.36,2.98
2007-02-24,0.0,23.98,33.38,2.14
2007-02-25,0.0,24.92,43.56,1.03
2007-02-26,0.0,25.68,53.17,1.38
2007-02-27,0.0,26.15,47.78,1.52
2007-02-28,0.0,27.69,45.01,1.49
2007-03-01,0.0,25.89,59.25,2.85
2007-03-02,0.0,25.06,54.44,2.49
2007-03-03,0.0,26.44,47.38,1.4
2007-03-04,0.0,28.45,39.31,2.28
2007-03-05,0.0,28.88,42.02,0.97
2007-03-06,0.0,28.92,45.3,1.32
2007-03-07,0.0,27.09,60.24,3.32
2007-03-08,0.0,26.89,52.94,2.07
2007-03-09,0.0,27.21,41.46,1.6
2007-03-10,0.0,27.42,41.82,1.6
2007-03-11,0.0,28.24,46.23,2.52
2007-03-12,0.0,28.05,51.64,2.1
2007-03-13,0.0,28.38,48.23,1.33
2007-03-14,0.0,29.04,44.32,1.3
2007-03-15,0.0,29.44,43.98,1.72
2007-03-16,0.0,29.51,41.22,2.18
2007-03-17,0.0,29.47,35.1,2.04
2007-03-18,0.0,29.37,36.07,1.35
2007-03-19,0.0,29.84,47.07,1.11
2007-03-20,0.0,29.88,47.99,1.56
2007-03-21,0.08,29.28,52.09,2.92
2007-03-22,0.03,29.67,49.58,2.27
2007-03-23,0.0,31.09,37.2,1.71
2007-03-24,0.0,29.69,47.8,3.13
2007-03-25,0.18,30.06,41.76,1.73
2007-03-26,2.31,29.28,55.16,2.78
2007-03-27,0.4,30.66,50.71,1.59
2007-03-28,0.05,31.14,45.48,1.63
2007-03-29,0.0,30.17,43.39,1.86
2007-03-30,0.0,29.79,38.36,1.67
2007-03-31,0.0,29.83,23.06,2.35
2007-04-01,0.0,30.02,32.3,1.79
2007-04-02,0.0,30.72,35.76,1.18
2007-04-03,1.07,30.93,40.95,1.51
2007-04-04,0.15,30.88,44.84,1.75
2007-04-05,0.0,31.12,27.52,2.78
2007-04-06,0.0,30.6,33.48,2.16
2007-04-07,0.0,28.85,43.85,1.27
2007-04-08,0.73,29.26,50.57,1.39
2007-04-09,0.25,29.95,49.18,1.09
2007-04-10,0.22,29.66,47.62,1.33
2007-04-11,3.91,29.8,53.45,2.18
2007-04-12,5.66,29.83,58.75,1.93
2007-04-13,0.34,29.85,53.92,1.67
2007-04-14,0.43,30.43,48.63,1.54
2007-04-15,2.53,29.91,48.09,1.61
2007-04-16,1.73,29.66,54.36,1.37
2007-04-17,1.48,28.68,59.4,2.29
2007-04-18,0.35,29.1,57.49,2.17
2007-04-19,6.28,29.31,59.82,1.91
2007-04-20,1.52,28.31,63.73,2.19
2007-04-21,5.04,28.78,62.64,2.5
2007-04-22,7.59,27.58,68.53,2.62
2007-04-23,0.08,28.17,56.19,2.69
2007-04-24,0.0,28.61,52.39,2.26
2007-04-25,0.0,29.05,50.55,1.79
2007-04-26,0.0,30.15,54.17,1.81
2007-04-27,0.09,30.17,55.72,2.26
2007-04-28,0.08,29.7,55.27,3.25
2007-04-29,1.12,29.33,57.38,2.79
2007-04-30,1.93,28.03,66.33,2.45
2007-05-01,7.22,26.64,75.93,2.49
2007-05-02,0.54,27.02,73.59,2.64
2007-05-03,9.88,27.07,74.46,2.99
2007-05-04,3.24,28.04,70.67,2.93
2007-05-05,0.2,29.38,64.06,2.46
2007-05-06,11.21,28.67,68.07,2.89
2007-05-07,1.77,26.99,71.83,3.03
2007-05-08,0.57,27.58,66.87,3.8
2007-05-09,0.06,27.87,66.87,4.05
2007-05-10,0.0,28.42,63.25,4.18
2007-05-11,0.0,28.15,66.71,3.56
2007-05-12,0.0,27.63,67.85,4.34
2007-05-13,0.0,28.85,59.66,4.02
2007-05-14,0.0,28.86,60.77,4.25
2007-05-15,0.0,28.92,57.9,4.59
2007-05-16,0.0,28.61,54.9,3.96
2007-05-17,0.0,28.93,58.38,3.99
2007-05-18,0.0,28.68,62.69,4.4
2007-05-19,0.0,29.4,58.33,4.01
2007-05-20,0.0,29.05,61.11,4.36
2007-05-21,0.13,29.39,56.67,4.06
2007-05-22,0.4,29.39,60.06,4.04
2007-05-23,0.14,29.7,59.74,3.52
2007-05-24,0.93,29.19,58.56,2.88
2007-05-25,3.32,27.8,66.01,3.37
2007-05-26,10.21,26.47,73.86,3.51
2007-05-27,6.96,25.69,75.85,1.72
2007-05-28,21.71,24.62,80.77,2.95
2007-05-29,8.45,24.53,80.23,2.15
2007-05-30,5.37,26.09,76.92,1.63
2007-05-31,1.87,27.33,72.06,2.55
2007-06-01,0.26,27.41,71.31,2.64
2007-06-02,2.28,26.61,73.66,3.81
2007-06-03,0.99,26.91,72.68,3.38
2007-06-04,0.25,27.17,72.43,2.8
2007-06-05,6.46,27.77,72.19,1.69
2007-06-06,5.46,26.06,77.26,2.47
2007-06-07,13.27,25.55,84.42,2.39
2007-06-08,9.38,25.58,82.61,2.53
2007-06-09,6.65,25.91,77.13,3.76
2007-06-10,6.85,25.0,84.49,4.13
2007-06-11,26.56,25.02,85.75,3.51
2007-06-12,30.98,25.38,85.03,2.06
2007-06-13,13.86,25.08,85.0,2.83
2007-06-14,6.09,24.53,87.27,2.98
2007-06-15,19.18,24.78,86.94,3.75
2007-06-16,25.31,24.42,88.13,4.05
2007-06-17,17.61,24.23,87.66,4.33
2007-06-18,21.5,23.77,87.59,4.19
2007-06-19,37.22,23.26,89.86,4.41
2007-06-20,17.37,21.94,89.19,4.9
2007-06-21,17.92,22.77,89.43,3.98
2007-06-22,54.73,23.83,92.75,5.99
2007-06-23,64.0,23.73,91.99,8.27
2007-06-24,33.54,24.01,87.96,6.68
2007-06-25,13.25,23.5,88.81,5.1
2007-06-26,8.06,23.67,89.71,4.31
2007-06-27,4.88,23.68,89.56,4.93
2007-06-28,12.24,23.48,90.63,5.87
2007-06-29,23.34,24.03,88.85,6.65
2007-06-30,23.84,23.73,89.87,6.71
2007-07-01,19.66,24.57,88.03,7.01
2007-07-02,7.18,24.03,88.78,6.71
2007-07-03,3.93,24.38,87.35,6.46
2007-07-04,18.63,24.11,89.47,5.61
2007-07-05,6.78,24.07,88.26,5.34
2007-07-06,6.82,23.93,89.43,5.99
2007-07-07,5.48,23.54,91.01,5.58
2007-07-08,16.11,23.88,89.74,6.22
2007-07-09,8.48,24.04,88.85,5.8
2007-07-10,7.22,23.72,91.35,5.19
2007-07-11,2.45,24.07,89.03,4.88
2007-07-12,9.16,24.14,89.52,5.42
2007-07-13,10.45,23.9,91.16,5.34
2007-07-14,3.71,23.89,89.27,5.56
2007-07-15,2.76,24.07,88.35,5.94
2007-07-16,18.49,24.13,88.96,5.85
2007-07-17,11.25,23.87,88.48,4.84
2007-07-18,2.04,23.91,87.76,3.52
2007-07-19,0.89,24.08,88.1,2.86
2007-07-20,3.09,23.42,89.21,3.04
2007-07-21,21.05,22.79,88.09,3.28
2007-07-22,16.97,22.48,89.53,3.09
2007-07-23,6.31,22.33,89.62,2.51
2007-07-24,10.7,24.17,84.95,1.23
2007-07-25,4.83,23.61,91.0,2.33
2007-07-26,19.62,23.66,90.79,2.88
2007-07-27,11.25,23.34,91.63,3.19
2007-07-28,24.13,23.19,91.41,3.75
2007-07-29,29.7,22.95,90.14,3.93
2007-07-30,42.3,23.16,90.75,3.24
2007-07-31,9.26,23.21,91.04,3.42
2007-08-01,9.36,22.72,91.45,3.76
2007-08-02,37.75,23.21,91.62,4.13
2007-08-03,33.93,22.44,91.77,5.31
2007-08-04,36.31,23.14,93.39,5.05
2007-08-05,55.02,22.69,91.11,5.68
2007-08-06,23.82,22.91,93.07,5.69
2007-08-07,16.86,22.36,92.62,6.48
2007-08-08,11.59,23.52,89.26,6.56
2007-08-09,8.88,23.75,89.33,5.78
2007-08-10,4.83,23.44,89.04,4.72
2007-08-11,4.37,23.6,88.83,4.73
2007-08-12,2.33,23.0,90.79,4.38
2007-08-13,3.99,22.88,89.87,4.13
2007-08-14,5.75,23.02,88.26,3.81
2007-08-15,6.25,23.49,88.04,3.2
2007-08-16,1.45,23.84,88.37,2.96
2007-08-17,0.4,23.42,89.36,2.95
2007-08-18,1.33,23.21,89.94,3.14
2007-08-19,10.6,23.23,88.2,3.3
2007-08-20,16.64,22.82,90.88,3.53
2007-08-21,13.35,22.92,91.14,3.8
2007-08-22,9.01,23.19,89.92,3.87
2007-08-23,5.58,22.81,89.72,3.11
2007-08-24,5.88,22.99,90.3,2.75
2007-08-25,12.26,22.99,90.91,2.25
2007-08-26,6.81,23.8,90.33,2.91
2007-08-27,2.99,23.71,90.05,3.0
2007-08-28,6.06,23.77,89.78,3.26
2007-08-29,9.08,23.24,91.1,3.4
2007-08-30,20.75,22.81,91.7,3.81
2007-08-31,18.26,22.65,91.76,3.82
2007-09-01,24.85,23.15,91.07,4.23
2007-09-02,29.58,23.08,92.1,4.28
2007-09-03,18.95,22.78,91.75,4.2
2007-09-04,12.82,23.41,93.11,3.74
2007-09-05,4.36,23.69,89.91,4.37
2007-09-06,12.01,23.04,90.98,4.17
2007-09-07,12.52,23.19,90.53,3.42
2007-09-08,1.03,23.53,90.35,2.38
2007-09-09,2.98,23.41,90.71,1.84
2007-09-10,3.7,23.27,89.54,1.8
2007-09-11,4.38,24.74,86.16,1.34
2007-09-12,3.78,24.65,88.68,1.77
2007-09-13,8.18,23.91,89.57,1.71
2007-09-14,19.51,23.4,90.5,2.17
2007-09-15,14.52,23.61,89.56,2.34
2007-09-16,25.88,23.98,89.21,2.39
2007-09-17,40.13,23.31,92.54,2.66
2007-09-18,25.09,21.82,93.63,3.71
2007-09-19,14.06,22.4,91.1,3.96
2007-09-20,0.75,22.85,90.39,3.55
2007-09-21,0.52,22.49,90.03,3.59
2007-09-22,5.13,22.25,92.73,3.16
2007-09-23,11.7,23.38,89.75,4.41
2007-09-24,30.75,23.86,92.34,4.67
2007-09-25,15.92,23.37,92.84,4.01
2007-09-26,1.89,22.74,92.12,2.55
2007-09-27,3.52,22.84,90.66,3.03
2007-09-28,16.06,23.16,91.99,3.4
2007-09-29,30.93,22.75,92.07,2.06
2007-09-30,11.13,22.44,91.47,1.9
2007-10-01,2.54,23.26,89.42,1.69
2007-10-02,7.63,23.4,88.39,2.09
2007-10-03,1.79,23.39,87.83,2.15
2007-10-04,1.78,23.72,88.34,2.22
2007-10-05,1.9,22.65,90.68,2.36
2007-10-06,0.22,22.59,89.52,2.48
2007-10-07,1.67,22.64,88.95,2.63
2007-10-08,0.64,22.44,89.5,2.24
2007-10-09,0.37,23.99,80.24,0.92
2007-10-10,0.32,24.33,75.72,0.88
2007-10-11,0.79,23.42,80.96,1.52
2007-10-12,0.16,23.62,82.2,1.62
2007-10-13,0.0,22.7,81.16,1.92
2007-10-14,0.0,21.87,78.32,1.52
2007-10-15,0.0,21.86,74.52,1.41
2007-10-16,0.0,22.48,78.33,1.15
2007-10-17,0.38,22.67,81.64,1.69
2007-10-18,0.24,22.24,84.32,1.75
2007-10-19,20.03,22.23,89.22,2.18
2007-10-20,32.61,22.79,88.12,1.44
2007-10-21,13.11,23.11,88.99,2.44
2007-10-22,14.14,23.07,89.42,2.77
2007-10-23,7.31,22.45,88.63,3.24
2007-10-24,4.69,22.14,89.52,3.79
2007-10-25,0.7,22.87,88.99,4.12
2007-10-26,0.19,22.74,88.7,3.26
2007-10-27,2.83,22.8,87.1,2.71
2007-10-28,4.93,22.95,87.2,2.31
2007-10-29,0.88,22.01,88.99,1.91
2007-10-30,0.02,22.77,87.22,1.43
2007-10-31,2.53,22.65,89.36,1.38
2007-11-01,5.43,22.29,93.38,2.17
2007-11-02,0.54,23.23,85.73,1.98
2007-11-03,0.3,23.11,87.39,2.49
2007-11-04,1.64,23.2,88.64,2.58
2007-11-05,0.79,23.64,84.43,1.52
2007-11-06,2.08,24.2,84.29,0.67
2007-11-07,13.09,24.02,84.53,0.8
2007-11-08,2.5,21.07,82.39,1.62
2007-11-09,0.0,20.67,81.05,1.66
2007-11-10,0.0,20.33,80.54,2.1
2007-11-11,0.0,19.69,79.26,2.16
2007-11-12,0.0,19.56,81.05,2.4
2007-11-13,0.0,19.18,78.18,2.09
2007-11-14,0.0,17.97,75.57,2.21
2007-11-15,0.0,18.5,69.37,1.99
2007-11-16,0.0,18.29,68.84,1.68
2007-11-17,0.0,17.4,75.88,2.16
2007-11-18,0.0,18.1,78.41,2.05
2007-11-19,0.63,20.04,87.36,2.42
2007-11-20,0.14,22.34,86.46,3.1
2007-11-21,0.0,22.3,84.37,2.65
2007-11-22,0.0,20.27,78.17,2.7
2007-11-23,0.0,18.22,70.35,2.67
2007-11-24,0.0,17.08,65.52,2.13
2007-11-25,0.0,16.46,64.56,2.22
2007-11-26,0.0,17.68,76.84,2.61
2007-11-27,0.0,20.97,79.81,2.15
2007-11-28,0.0,21.64,78.52,1.56
2007-11-29,0.0,21.97,80.43,2.08
2007-11-30,0.0,20.0,72.99,2.98
2007-12-01,0.0,18.18,77.64,2.67
2007-12-02,0.0,18.45,77.29,2.29
2007-12-03,0.0,20.0,79.75,2.72
2007-12-04,0.0,20.96,78.41,3.57
2007-12-05,0.0,20.49,77.59,3.98
2007-12-06,0.0,20.44,81.01,4.26
2007-12-07,0.0,21.03,78.64,2.86
2007-12-08,0.0,21.54,76.82,2.5
2007-12-09,0.0,22.32,77.17,2.0
2007-12-10,0.0,22.69,73.99,1.49
2007-12-11,0.0,20.83,72.06,2.03
2007-12-12,0.0,20.27,72.19,2.36
2007-12-13,0.0,21.6,75.95,2.85
2007-12-14,0.0,22.44,69.78,3.05
2007-12-15,0.0,22.51,72.23,3.44
2007-12-16,0.0,22.15,71.28,4.49
2007-12-17,0.0,21.29,71.47,4.45
2007-12-18,0.03,21.05,75.47,4.08
2007-12-19,0.93,20.54,82.56,4.23
2007-12-20,2.28,21.74,85.43,4.21
2007-12-21,0.16,23.37,75.06,3.31
2007-12-22,0.0,22.83,73.28,2.72
2007-12-23,0.0,21.39,64.56,2.13
2007-12-24,0.0,20.56,54.33,2.1
2007-12-25,0.0,20.51,51.6,1.73
2007-12-26,0.0,21.32,53.95,1.75
2007-12-27,0.0,21.69,59.98,1.26
2007-12-28,0.0,21.94,69.15,0.8
2007-12-29,0.0,22.96,68.83,0.83
2007-12-30,0.0,22.8,64.26,1.97
2007-12-31,0.0,22.38,63.51,2.4
2008-01-01,0.0,22.07,64.21,2.31
2008-01-02,0.0,21.41,61.62,2.93
2008-01-03,0.0,20.53,59.28,3.04
2008-01-04,0.0,20.65,58.51,3.38
2008-01-05,0.0,22.33,61.6,3.59
2008-01-06,0.0,21.46,59.79,3.39
2008-01-07,0.0,20.63,59.91,3.64
2008-01-08,0.0,20.59,60.48,3.15
2008-01-09,0.0,21.45,55.64,2.88
2008-01-10,0.0,21.95,52.12,2.55
2008-01-11,0.0,21.98,49.69,2.91
2008-01-12,0.0,22.05,50.88,2.72
2008-01-13,0.0,21.86,49.88,3.0
2008-01-14,0.0,21.93,49.0,2.3
2008-01-15,0.0,21.93,43.7,2.81
2008-01-16,0.0,21.59,44.88,2.89
2008-01-17,0.0,21.56,47.17,2.37
2008-01-18,0.0,21.92,46.4,1.33
2008-01-19,0.0,21.77,46.87,0.75
2008-01-20,0.0,21.64,48.86,1.17
2008-01-21,0.0,22.39,57.47,0.9
2008-01-22,0.0,22.05,60.1,1.3
2008-01-23,0.0,22.56,68.79,1.58
2008-01-24,0.0,22.32,69.02,1.93
2008-01-25,0.0,21.43,71.95,2.69
2008-01-26,0.0,21.19,58.45,2.17
2008-01-27,0.0,21.38,40.52,1.36
2008-01-28,0.0,22.2,48.45,1.83
2008-01-29,0.0,23.81,56.04,1.45
2008-01-30,0.0,21.65,64.35,2.32
2008-01-31,0.0,20.99,62.97,1.98
2008-02-01,0.0,22.25,60.11,1.33
2008-02-02,0.0,22.4,60.39,1.36
2008-02-03,0.0,22.6,62.74,1.72
2008-02-04,0.0,22.43,68.96,1.77
2008-02-05,0.0,22.8,68.68,1.91
2008-02-06,0.0,22.45,68.59,2.41
2008-02-07,0.0,22.06,62.17,2.44
2008-02-08,0.0,21.85,65.03,2.82
2008-02-09,0.09,22.75,63.41,2.71
2008-02-10,0.04,23.32,68.62,2.45
2008-02-11,1.2,24.99,67.27,1.02
2008-02-12,1.51,24.63,72.72,1.27
2008-02-13,1.19,25.81,67.81,0.89
2008-02-14,1.95,26.03,63.71,2.94
2008-02-15,0.0,24.79,64.59,3.47
2008-02-16,0.0,24.92,52.97,2.89
2008-02-17,0.0,24.53,43.73,2.51
2008-02-18,0.0,25.48,40.28,1.35
2008-02-19,0.0,25.11,57.79,1.68
2008-02-20,0.0,25.76,52.3,0.48
2008-02-21,0.0,26.13,43.37,1.05
2008-02-22,0.0,26.62,39.39,1.93
2008-02-23,0.0,26.14,38.65,2.32
2008-02-24,0.0,26.28,37.41,1.62
2008-02-25,0.0,25.99,38.48,1.31
2008-02-26,0.0,26.29,36.15,2.78
2008-02-27,0.0,26.27,33.98,3.28
2008-02-28,0.0,25.51,34.39,3.75
2008-02-29,0.0,25.63,33.21,2.79
2008-03-01,0.0,25.98,30.98,1.93
2008-03-02,0.0,26.47,26.41,1.61
2008-03-03,0.0,26.01,25.27,1.84
2008-03-04,0.0,25.44,23.67,1.77
2008-03-05,0.0,25.59,25.96,2.66
2008-03-06,0.0,25.98,26.16,3.4
2008-03-07,0.0,26.5,25.12,4.0
2008-03-08,0.0,26.17,21.21,3.57
2008-03-09,0.0,26.1,20.95,3.47
2008-03-10,0.0,25.25,23.06,2.84
2008-03-11,0.0,26.88,27.19,3.09
2008-03-12,0.07,27.48,41.79,2.01
2008-03-13,9.35,27.42,58.87,1.88
2008-03-14,13.67,25.01,75.27,1.9
2008-03-15,3.37,25.81,72.0,1.7
2008-03-16,2.12,26.01,70.17,1.57
2008-03-17,0.43,26.84,59.69,1.66
2008-03-18,0.59,27.13,56.83,2.27
2008-03-19,0.24,26.62,58.89,1.86
2008-03-20,3.64,27.4,58.65,2.01
2008-03-21,10.57,24.72,74.29,2.36
2008-03-22,35.67,22.75,86.9,2.47
2008-03-23,27.02,23.38,85.51,2.62
2008-03-24,27.25,23.48,87.65,1.91
2008-03-25,6.62,24.36,83.79,2.06
2008-03-26,2.39,24.44,82.94,2.49
2008-03-27,0.1,25.44,76.4,1.67
2008-03-28,0.84,25.46,76.58,1.22
2008-03-29,0.04,26.22,71.26,0.92
2008-03-30,0.1,26.11,71.89,1.75
2008-03-31,0.07,25.46,70.85,2.22
2008-04-01,0.0,24.79,71.07,2.25
2008-04-02,0.0,24.85,67.09,1.45
2008-04-03,0.0,25.56,66.05,1.34
2008-04-04,0.0,25.39,64.74,2.07
2008-04-05,0.0,26.09,61.96,0.92
2008-04-06,0.45,26.61,63.2,2.32
2008-04-07,0.86,27.05,58.23,2.42
2008-04-08,0.18,26.39,54.88,2.74
2008-04-09,0.97,26.57,52.45,2.69
2008-04-10,0.0,25.53,55.45,2.63
2008-04-11,0.0,26.95,55.08,1.84
2008-04-12,0.0,27.51,52.78,1.75
2008-04-13,0.0,27.69,50.54,1.68
2008-04-14,0.0,28.21,53.78,1.41
2008-04-15,0.0,28.15,63.27,1.46
2008-04-16,0.0,28.42,62.39,1.45
2008-04-17,0.36,28.5,61.47,1.48
2008-04-18,1.89,27.94,66.05,1.6
2008-04-19,0.85,27.71,65.05,1.65
2008-04-20,0.63,28.33,62.27,1.8
2008-04-21,0.04,29.63,58.15,1.63
2008-04-22,0.85,29.68,59.15,2.49
2008-04-23,0.84,29.78,59.2,2.06
2008-04-24,4.57,29.47,61.82,1.68
2008-04-25,1.31,29.52,53.93,1.82
2008-04-26,0.09,29.46,42.26,2.3
2008-04-27,0.0,27.69,59.64,2.89
2008-04-28,0.0,26.58,71.07,3.7
2008-04-29,0.0,27.57,65.15,3.8
2008-04-30,0.0,28.21,58.28,3.05
2008-05-01,0.0,28.72,61.48,4.2
2008-05-02,0.0,29.11,59.08,4.19
2008-05-03,0.0,29.13,54.87,4.0
2008-05-04,0.0,28.75,53.43,3.69
2008-05-05,0.0,28.49,55.34,4.05
2008-05-06,0.0,28.7,56.02,4.01
2008-05-07,0.0,29.04,54.3,3.51
2008-05-08,0.45,28.72,56.63,3.62
2008-05-09,0.78,28.5,59.8,4.11
2008-05-10,0.0,28.92,58.49,4.22
2008-05-11,0.0,29.55,55.33,3.95
2008-05-12,0.0,29.74,52.32,3.98
2008-05-13,0.0,28.48,53.7,4.01
2008-05-14,0.0,29.02,55.54,4.42
2008-05-15,0.0,28.17,56.19,4.45
2008-05-16,0.0,27.8,59.32,4.25
2008-05-17,0.0,29.35,56.6,4.76
2008-05-18,0.0,29.08,59.15,4.74
2008-05-19,4.12,28.57,59.29,3.83
2008-05-20,2.28,28.09,63.68,3.84
2008-05-21,6.75,26.9,70.41,3.49
2008-05-22,8.7,24.81,80.7,2.96
2008-05-23,12.05,24.95,81.08,3.15
2008-05-24,7.34,25.14,78.54,2.87
2008-05-25,10.4,25.59,79.85,2.85
2008-05-26,6.54,24.54,83.12,3.26
2008-05-27,0.3,25.37,77.4,3.39
2008-05-28,6.57,25.56,79.77,3.03
2008-05-29,2.86,26.55,73.99,3.35
2008-05-30,1.11,25.82,76.3,3.33
2008-05-31,7.43,24.41,84.31,3.4
2008-06-01,3.48,25.25,78.14,2.86
2008-06-02,0.62,26.28,75.37,1.21
2008-06-03,0.77,26.99,72.01,1.93
2008-06-04,2.61,26.69,71.04,3.75
2008-06-05,3.63,25.78,77.83,4.19
2008-06-06,11.75,25.1,81.93,4.53
2008-06-07,22.92,24.23,86.57,4.39
2008-06-08,17.62,23.98,83.57,5.4
2008-06-09,14.57,22.88,84.47,5.33
2008-06-10,27.23,23.27,84.21,5.11
2008-06-11,25.17,24.38,85.28,4.82
2008-06-12,29.17,22.94,86.04,4.77
2008-06-13,7.63,22.69,84.38,4.9
2008-06-14,6.94,24.05,84.54,5.81
2008-06-15,6.09,24.48,84.5,5.88
2008-06-16,2.17,24.68,83.87,5.47
2008-06-17,3.53,24.54,82.39,4.99
2008-06-18,4.61,24.77,83.05,4.72
2008-06-19,3.09,24.85,83.78,4.43
2008-06-20,3.87,24.92,83.39,3.79
2008-06-21,4.21,25.02,83.03,3.66
2008-06-22,1.38,24.24,85.33,3.61
2008-06-23,0.89,24.12,84.55,4.09
2008-06-24,0.89,24.45,81.18,4.63
2008-06-25,14.06,24.59,82.79,4.52
2008-06-26,11.46,24.39,85.72,4.12
2008-06-27,13.73,24.48,85.56,4.53
2008-06-28,16.36,24.19,85.86,4.95
2008-06-29,11.31,24.34,83.51,5.94
2008-06-30,14.99,23.92,83.89,6.15
2008-07-01,19.91,23.98,84.64,5.29
2008-07-02,5.84,24.08,83.81,5.19
2008-07-03,2.68,23.94,85.26,4.11
2008-07-04,4.29,24.26,85.04,4.31
2008-07-05,2.18,24.4,84.88,4.52
2008-07-06,2.44,23.87,86.93,4.79
2008-07-07,1.63,24.21,83.75,5.41
2008-07-08,7.07,24.09,83.67,5.26
2008-07-09,6.14,24.19,83.86,5.31
2008-07-10,2.1,24.18,83.65,4.61
2008-07-11,2.17,24.06,82.77,4.73
2008-07-12,1.55,24.13,82.75,4.55
2008-07-13,0.75,24.46,83.16,3.64
2008-07-14,0.4,24.97,83.34,3.24
2008-07-15,3.77,24.11,84.65,2.8
2008-07-16,2.06,24.23,83.8,3.29
2008-07-17,8.93,24.34,84.56,3.41
2008-07-18,5.49,24.21,85.71,3.21
2008-07-19,24.06,23.5,88.67,3.2
2008-07-20,4.26,23.5,88.05,2.54
2008-07-21,13.1,24.04,86.28,2.95
2008-07-22,6.69,24.01,86.04,2.41
2008-07-23,2.61,23.59,87.47,3.06
2008-07-24,26.2,23.57,89.12,3.86
2008-07-25,19.18,22.93,92.27,4.83
2008-07-26,21.09,23.44,88.34,5.48
2008-07-27,28.93,23.1,90.73,5.44
2008-07-28,16.5,23.57,89.89,6.03
2008-07-29,7.7,23.82,88.07,5.97
2008-07-30,13.34,23.82,87.96,6.09
2008-07-31,6.37,23.89,87.4,4.79
2008-08-01,3.29,23.82,88.1,4.46
2008-08-02,4.33,23.44,89.38,4.03
2008-08-03,10.52,23.39,89.33,4.07
2008-08-04,4.73,23.68,87.45,4.29
2008-08-05,10.15,23.41,87.81,4.97
2008-08-06,6.49,23.47,87.32,4.92
2008-08-07,19.37,23.23,88.49,4.87
2008-08-08,22.17,23.11,90.63,5.57
2008-08-09,27.07,22.63,90.61,6.24
2008-08-10,36.76,22.33,91.69,6.57
2008-08-11,42.0,22.56,91.49,6.6
2008-08-12,37.33,23.58,89.33,5.74
2008-08-13,37.7,23.51,90.35,4.79
2008-08-14,27.98,23.29,90.93,4.41
2008-08-15,6.12,22.86,90.63,4.34
2008-08-16,8.7,22.73,89.97,3.79
2008-08-17,3.35,22.63,89.78,3.71
2008-08-18,4.79,22.6,90.64,2.95
2008-08-19,1.07,22.71,89.52,2.83
2008-08-20,0.2,23.31,88.87,2.78
2008-08-21,3.74,23.27,87.86,3.45
2008-08-22,2.41,23.22,87.54,3.03
2008-08-23,0.22,23.2,86.18,2.93
2008-08-24,0.01,23.45,86.48,2.55
2008-08-25,3.61,23.77,87.41,2.49
2008-08-26,2.76,23.2,86.88,1.52
2008-08-27,14.39,23.82,87.1,1.26
2008-08-28,1.88,24.72,83.21,1.18
2008-08-29,8.29,25.29,83.7,1.0
2008-08-30,2.44,25.96,80.43,0.52
2008-08-31,5.76,24.96,83.06,1.48
2008-09-01,19.49,24.72,84.24,1.2
2008-09-02,5.2,23.82,90.12,1.64
2008-09-03,1.77,24.05,87.18,1.31
2008-09-04,4.78,24.52,86.27,0.96
2008-09-05,6.0,24.03,91.46,1.78
2008-09-06,7.26,23.66,90.01,2.11
2008-09-07,10.7,22.85,89.55,3.27
2008-09-08,14.3,22.58,91.06,3.17
2008-09-09,12.89,23.08,90.46,4.04
2008-09-10,18.28,22.82,92.56,3.78
2008-09-11,20.77,22.43,93.7,4.8
2008-09-12,9.35,22.44,90.24,5.0
2008-09-13,10.17,22.83,89.56,4.86
2008-09-14,7.69,23.04,88.47,4.59
2008-09-15,6.56,22.47,88.89,4.01
2008-09-16,4.74,22.65,90.21,4.21
2008-09-17,1.84,22.96,89.51,4.28
2008-09-18,5.68,22.9,89.08,3.89
2008-09-19,6.96,23.64,88.94,3.82
2008-09-20,2.13,23.14,89.55,2.98
2008-09-21,0.74,23.31,88.29,2.65
2008-09-22,4.26,23.66,87.55,2.77
2008-09-23,1.92,23.89,86.65,2.31
2008-09-24,1.38,23.94,86.13,2.48
2008-09-25,0.09,23.78,84.83,2.14
2008-09-26,0.0,23.42,83.56,2.21
2008-09-27,0.0,22.65,82.31,2.18
2008-09-28,0.0,22.47,82.53,1.93
2008-09-29,0.0,23.06,82.03,1.79
2008-09-30,0.0,23.95,78.95,1.25
2008-10-01,0.0,24.01,81.98,1.76
2008-10-02,0.01,24.87,79.13,1.45
2008-10-03,7.16,24.15,86.02,1.9
2008-10-04,4.88,23.65,87.84,1.76
2008-10-05,1.03,23.0,86.39,1.97
2008-10-06,1.73,23.57,84.42,1.98
2008-10-07,6.75,24.1,84.64,1.45
2008-10-08,1.65,23.31,90.16,1.27
2008-10-09,3.06,25.01,81.3,0.72
2008-10-10,0.81,24.92,80.66,1.82
2008-10-11,0.26,24.79,78.15,2.46
2008-10-12,0.17,23.23,76.55,2.75
2008-10-13,0.05,23.92,77.46,2.9
2008-10-14,0.01,24.62,75.73,2.86
2008-10-15,2.79,24.66,76.86,2.96
2008-10-16,3.73,24.19,82.95,2.81
2008-10-17,1.36,24.43,81.24,2.96
2008-10-18,0.9,24.69,78.79,3.36
2008-10-19,0.15,24.71,78.39,3.0
2008-10-20,0.61,24.85,78.6,2.36
2008-10-21,3.81,24.55,81.17,2.75
2008-10-22,3.96,23.94,84.47,3.25
2008-10-23,3.83,23.72,81.09,2.96
2008-10-24,10.26,23.9,84.93,2.13
2008-10-25,1.8,23.91,73.92,2.42
2008-10-26,0.0,21.58,66.67,2.17
2008-10-27,0.0,22.04,63.74,1.05
2008-10-28,0.0,22.7,66.84,0.91
2008-10-29,0.0,21.53,59.17,1.62
2008-10-30,0.0,21.82,60.41,1.61
2008-10-31,0.0,21.55,61.14,1.68
2008-11-01,0.0,21.51,59.79,1.98
2008-11-02,0.0,22.06,55.87,1.49
2008-11-03,0.0,22.88,52.0,1.0
2008-11-04,0.0,22.14,58.25,1.61
2008-11-05,0.0,22.13,57.78,1.33
2008-11-06,0.0,21.27,60.82,1.96
2008-11-07,0.0,21.22,65.44,2.08
2008-11-08,0.0,21.88,65.14,1.59
2008-11-09,0.0,21.78,62.17,1.58
2008-11-10,0.0,23.28,70.47,2.06
2008-11-11,0.42,24.45,68.51,2.75
2008-11-12,0.03,22.9,65.87,1.98
2008-11-13,0.0,22.52,59.2,2.05
2008-11-14,0.0,22.07,61.76,1.78
2008-11-15,0.04,22.69,59.83,1.75
2008-11-16,3.43,23.53,77.03,2.02
2008-11-17,1.77,24.27,80.71,2.0
2008-11-18,0.13,24.84,72.69,1.95
2008-11-19,0.01,25.49,68.82,3.01
2008-11-20,0.0,25.42,66.66,2.53
2008-11-21,0.0,25.01,66.24,3.08
2008-11-22,0.58,23.71,69.61,3.71
2008-11-23,1.35,23.45,75.93,3.67
2008-11-24,0.07,24.04,72.69,3.17
2008-11-25,0.0,22.57,66.75,2.85
2008-11-26,0.0,21.25,68.56,3.22
2008-11-27,0.22,22.25,64.84,4.42
2008-11-28,21.07,20.92,86.69,4.9
2008-11-29,15.83,23.21,84.8,3.12
2008-11-30,4.26,23.64,80.4,2.48
2008-12-01,0.93,24.11,77.55,1.7
2008-12-02,0.86,24.28,77.95,2.15
2008-12-03,0.3,23.22,76.77,2.12
2008-12-04,0.0,22.32,73.15,2.5
2008-12-05,0.0,21.48,73.03,2.62
2008-12-06,0.0,20.4,71.86,2.96
2008-12-07,0.0,21.16,67.83,2.34
2008-12-08,0.0,20.52,66.96,2.71
2008-12-09,0.0,22.12,73.61,2.67
2008-12-10,0.0,23.47,67.09,1.99
2008-12-11,0.0,22.81,67.13,1.8
2008-12-12,0.0,21.75,60.79,2.25
2008-12-13,0.0,20.87,65.65,3.03
2008-12-14,0.0,20.94,69.42,3.47
2008-12-15,0.0,20.99,66.21,3.43
2008-12-16,0.0,21.81,68.1,3.19
2008-12-17,0.0,21.87,66.55,3.82
2008-12-18,0.0,20.74,70.1,3.87
2008-12-19,0.0,21.53,67.33,2.99
2008-12-20,0.0,21.49,66.08,2.78
2008-12-21,0.0,21.36,60.89,2.6
2008-12-22,0.0,21.03,57.03,2.65
2008-12-23,0.0,21.11,60.21,3.11
2008-12-24,0.0,21.74,62.8,2.77
2008-12-25,0.0,22.2,63.94,2.89
2008-12-26,0.0,22.43,58.85,2.09
2008-12-27,0.0,21.66,50.71,1.63
2008-12-28,0.0,21.23,47.43,1.6
2008-12-29,0.0,20.46,45.22,2.08
2008-12-30,0.0,20.38,47.42,2.42
2008-12-31,0.0,21.0,50.31,2.12
2009-01-01,0.0,21.24,49.77,2.0
2009-01-02,0.0,20.89,54.58,2.47
2009-01-03,0.0,21.13,57.53,2.75
2009-01-04,0.0,21.47,60.46,2.41
2009-01-05,0.0,21.75,55.01,1.86
2009-01-06,0.0,21.26,50.35,1.1
2009-01-07,0.0,21.08,53.92,1.67
2009-01-08,0.0,22.64,63.29,2.57
2009-01-09,0.0,24.5,60.06,3.03
2009-01-10,0.0,23.46,55.27,3.51
2009-01-11,0.0,23.16,57.14,3.42
2009-01-12,0.0,22.99,50.91,3.95
2009-01-13,0.0,22.21,55.31,4.69
2009-01-14,0.0,21.94,58.74,4.24
2009-01-15,0.0,21.65,51.17,4.4
2009-01-16,0.0,21.7,50.42,3.58
2009-01-17,0.0,21.69,49.01,3.27
2009-01-18,0.0,22.23,48.83,3.12
2009-01-19,0.0,22.18,44.24,3.21
2009-01-20,0.0,22.26,47.15,3.37
2009-01-21,0.0,22.97,47.94,2.67
2009-01-22,0.0,23.21,44.41,2.51
2009-01-23,0.0,23.36,37.37,2.35
2009-01-24,0.0,23.36,37.36,2.41
2009-01-25,0.0,23.55,36.68,2.91
2009-01-26,0.0,23.83,39.61,1.76
2009-01-27,0.0,24.75,46.72,1.15
2009-01-28,0.0,26.01,47.3,1.34
2009-01-29,0.0,26.75,51.9,1.81
2009-01-30,0.0,25.7,31.99,2.71
2009-01-31,0.0,24.87,33.2,2.65
2009-02-01,0.0,25.59,33.91,1.92
2009-02-02,0.0,25.49,34.14,1.67
2009-02-03,0.0,25.5,37.21,1.53
2009-02-04,0.0,25.3,49.35,1.24
2009-02-05,0.0,25.59,52.87,0.35
2009-02-06,0.0,25.66,40.54,1.17
2009-02-07,0.0,25.6,39.71,2.6
2009-02-08,0.0,25.49,40.18,2.64
2009-02-09,0.0,25.34,39.02,2.81
2009-02-10,0.0,25.31,41.73,1.78
2009-02-11,0.0,25.1,49.72,1.17
2009-02-12,0.0,24.77,50.91,1.39
2009-02-13,0.0,25.02,55.09,1.81
2009-02-14,0.0,25.62,48.95,0.84
2009-02-15,0.0,25.52,44.07,1.23
2009-02-16,0.0,25.93,32.36,2.55
2009-02-17,0.0,25.48,33.08,3.67
2009-02-18,0.0,25.57,33.95,2.72
2009-02-19,0.0,25.82,32.02,2.86
2009-02-20,0.0,26.15,30.23,4.19
2009-02-21,0.0,27.01,40.61,3.59
2009-02-22,0.0,28.29,33.07,3.03
2009-02-23,0.0,29.02,34.21,2.01
2009-02-24,0.0,28.68,41.69,1.32
2009-02-25,0.0,28.57,38.73,1.33
2009-02-26,0.0,28.64,37.07,1.39
2009-02-27,0.0,29.07,25.55,1.7
2009-02-28,0.0,28.76,35.16,1.24
2009-03-01,0.0,28.82,34.89,1.87
2009-03-02,0.0,28.32,19.53,2.91
2009-03-03,0.0,28.5,22.04,2.79
2009-03-04,0.0,28.09,39.65,1.35
2009-03-05,0.0,28.75,46.3,1.45
2009-03-06,0.0,28.9,47.34,1.43
2009-03-07,0.0,29.24,37.29,1.63
2009-03-08,0.0,28.38,44.53,2.36
2009-03-09,0.0,29.05,39.24,2.29
2009-03-10,0.0,27.93,33.82,3.54
2009-03-11,0.04,28.48,43.73,3.19
2009-03-12,10.61,27.62,53.32,2.57
2009-03-13,5.16,27.56,61.43,1.28
2009-03-14,0.74,27.27,57.93,1.23
2009-03-15,3.22,26.38,56.19,1.87
2009-03-16,0.16,27.11,56.07,1.4
2009-03-17,0.11,27.97,51.0,1.56
2009-03-18,0.01,28.16,53.08,1.45
2009-03-19,0.0,28.84,45.0,1.36
2009-03-20,0.0,28.43,47.61,2.57
2009-03-21,0.0,28.43,49.4,2.38
2009-03-22,0.0,28.49,48.1,1.6
2009-03-23,0.4,29.0,47.1,1.74
2009-03-24,0.16,28.38,48.35,1.62
2009-03-25,0.0,29.28,40.84,1.41
2009-03-26,0.0,29.78,40.98,1.61
2009-03-27,0.0,29.96,44.92,2.02
2009-03-28,0.0,30.44,46.43,1.6
2009-03-29,0.0,30.55,42.73,1.8
2009-03-30,0.18,30.66,44.19,1.48
2009-03-31,0.08,30.96,38.04,1.82
2009-04-01,0.4,30.53,39.79,1.56
2009-04-02,0.13,30.73,30.16,1.64
2009-04-03,0.0,30.03,33.2,1.29
2009-04-04,0.0,29.45,37.22,2.02
2009-04-05,0.41,29.63,35.95,1.48
2009-04-06,0.06,29.97,41.04,1.07
2009-04-07,1.04,29.76,47.51,1.94
2009-04-08,0.92,28.17,59.35,1.68
2009-04-09,0.0,30.03,45.15,3.2
2009-04-10,0.0,31.07,33.35,3.01
2009-04-11,0.0,31.46,33.24,2.09
2009-04-12,0.0,30.62,45.27,1.95
2009-04-13,0.0,29.99,51.34,2.36
2009-04-14,0.0,30.02,53.39,3.15
2009-04-15,0.0,30.59,47.76,3.27
2009-04-16,0.0,30.63,44.64,3.06
2009-04-17,0.0,30.45,51.37,3.14
2009-04-18,0.0,30.89,47.7,2.39
2009-04-19,7.91,30.24,55.63,3.07
2009-04-20,1.31,26.94,65.3,2.64
2009-04-21,0.02,29.06,60.18,3.19
2009-04-22,0.01,29.38,55.07,3.39
2009-04-23,0.0,29.49,49.65,2.49
2009-04-24,0.0,30.19,52.16,3.23
2009-04-25,3.38,30.07,54.4,2.63
2009-04-26,0.28,29.63,54.17,2.44
2009-04-27,0.15,30.68,50.96,1.78
2009-04-28,0.06,30.37,53.18,2.09
2009-04-29,0.06,29.66,55.05,2.17
2009-04-30,0.59,29.1,60.05,3.23
2009-05-01,0.94,29.41,58.78,3.44
2009-05-02,0.41,29.47,57.49,2.86
2009-05-03,0.0,29.87,54.1,3.17
2009-05-04,2.28,29.93,54.08,3.56
2009-05-05,4.52,28.44,60.51,3.49
2009-05-06,1.83,28.97,58.85,2.66
2009-05-07,1.02,28.52,56.93,2.11
2009-05-08,0.52,27.97,63.45,2.23
2009-05-09,0.07,26.14,64.41,2.85
2009-05-10,0.0,29.34,53.99,3.32
2009-05-11,0.0,30.5,48.54,3.23
2009-05-12,0.0,30.76,50.91,3.44
2009-05-13,0.0,30.02,52.51,4.39
2009-05-14,0.0,29.44,56.31,4.85
2009-05-15,0.0,29.46,56.64,4.09
2009-05-16,1.66,29.61,57.0,3.77
2009-05-17,24.71,29.2,66.52,2.52
2009-05-18,7.02,27.26,67.97,3.37
2009-05-19,11.83,26.56,75.94,2.95
2009-05-20,1.34,26.26,76.72,2.13
2009-05-21,27.05,25.96,80.96,2.45
2009-05-22,1.63,25.96,81.42,2.73
2009-05-23,6.19,25.67,84.37,4.12
2009-05-24,2.97,25.32,80.33,4.68
2009-05-25,0.23,24.21,82.92,3.38
2009-05-26,0.02,25.5,76.02,3.98
2009-05-27,0.87,25.59,74.68,3.63
2009-05-28,3.33,26.68,72.63,3.06
2009-05-29,0.59,26.37,76.32,3.57
2009-05-30,0.05,27.68,69.57,3.18
2009-05-31,0.16,26.35,74.78,3.69
2009-06-01,1.38,25.28,78.58,3.69
2009-06-02,1.07,25.71,75.94,3.54
2009-06-03,0.69,26.35,73.37,4.19
2009-06-04,4.32,26.37,75.43,4.42
2009-06-05,20.71,25.64,85.31,5.27
2009-06-06,33.99,24.14,88.17,4.87
2009-06-07,23.66,23.74,78.12,5.35
2009-06-08,26.15,23.89,84.8,4.34
2009-06-09,4.05,25.15,82.28,3.56
2009-06-10,0.24,24.99,82.77,3.2
2009-06-11,1.01,25.42,80.16,3.8
2009-06-12,3.35,25.15,80.12,4.05
2009-06-13,13.91,24.66,83.94,3.46
2009-06-14,16.55,24.56,86.76,3.11
2009-06-15,11.37,23.94,86.88,3.1
2009-06-16,13.16,24.26,81.91,3.53
2009-06-17,17.23,23.86,88.16,3.64
2009-06-18,18.72,23.89,91.43,3.4
2009-06-19,2.22,24.59,83.78,2.04
2009-06-20,6.05,24.21,87.98,2.64
2009-06-21,1.77,23.43,87.75,3.7
2009-06-22,3.34,24.39,84.17,3.99
2009-06-23,8.67,24.25,82.93,4.39
2009-06-24,8.31,24.08,86.34,4.33
2009-06-25,11.84,23.33,84.92,4.81
2009-06-26,15.28,22.29,84.98,4.73
2009-06-27,13.65,23.11,84.61,4.81
2009-06-28,4.79,23.26,84.56,4.61
2009-06-29,3.2,23.43,86.8,4.18
2009-06-30,12.27,23.52,85.04,5.07
2009-07-01,29.15,23.43,86.52,5.2
2009-07-02,54.55,23.03,89.06,5.99
2009-07-03,43.09,22.96,90.21,6.64
2009-07-04,35.44,22.87,89.4,5.72
2009-07-05,31.06,21.93,89.9,4.58
2009-07-06,25.69,22.83,89.25,5.9
2009-07-07,21.76,22.66,89.63,5.92
2009-07-08,41.23,22.8,91.26,6.06
2009-07-09,26.35,22.41,87.3,7.05
2009-07-10,8.23,22.92,88.12,5.9
2009-07-11,9.36,23.49,88.87,5.92
2009-07-12,6.46,23.67,87.92,5.72
2009-07-13,8.81,23.33,89.97,6.03
2009-07-14,21.09,23.62,88.24,7.58
2009-07-15,35.82,23.51,88.62,8.01
2009-07-16,21.98,23.89,89.33,7.87
2009-07-17,17.46,23.99,89.67,7.27
2009-07-18,17.81,23.4,88.58,6.75
2009-07-19,21.97,22.85,90.84,5.99
2009-07-20,7.19,23.05,90.44,5.82
2009-07-21,3.4,23.23,91.03,5.8
2009-07-22,4.83,23.4,89.44,6.0
2009-07-23,3.58,23.31,88.33,5.59
2009-07-24,1.98,23.06,88.55,5.16
2009-07-25,0.7,23.87,87.15,4.32
2009-07-26,3.14,23.62,86.59,4.74
2009-07-27,6.08,23.73,87.11,5.24
2009-07-28,9.18,23.73,88.36,5.63
2009-07-29,15.16,23.05,90.2,5.45
2009-07-30,4.05,22.74,88.81,4.45
2009-07-31,5.95,24.04,88.13,4.55
2009-08-01,2.58,23.93,88.2,4.14
2009-08-02,0.84,24.02,86.57,4.37
2009-08-03,1.26,23.9,86.36,4.24
2009-08-04,1.89,23.27,87.6,4.63
2009-08-05,1.12,23.71,85.95,4.82
2009-08-06,1.69,23.8,86.56,4.54
2009-08-07,1.91,23.73,86.48,4.45
2009-08-08,1.49,24.21,85.41,4.2
2009-08-09,1.66,24.13,85.34,4.53
2009-08-10,6.23,24.09,85.53,4.42
2009-08-11,4.16,23.72,86.84,3.88
2009-08-12,2.11,24.35,84.5,3.68
2009-08-13,1.05,24.12,85.73,3.46
2009-08-14,0.2,24.58,82.53,3.04
2009-08-15,1.58,23.73,84.89,3.3
2009-08-16,29.53,23.93,85.88,2.8
2009-08-17,11.21,22.9,90.43,2.47
2009-08-18,18.4,24.11,88.06,1.57
2009-08-19,21.09,24.22,89.73,3.37
2009-08-20,6.66,24.98,85.43,1.09
2009-08-21,10.08,23.83,88.78,1.43
2009-08-22,18.46,23.57,89.29,2.0
2009-08-23,17.83,23.59,89.57,3.02
2009-08-24,19.43,23.4,90.45,4.41
2009-08-25,17.72,22.75,90.81,3.93
2009-08-26,5.16,23.15,90.01,3.82
2009-08-27,7.87,23.63,88.48,3.96
2009-08-28,5.08,23.58,87.86,4.22
2009-08-29,4.74,23.51,88.4,4.2
2009-08-30,8.94,23.66,88.43,3.67
2009-08-31,16.74,23.63,90.72,3.56
2009-09-01,28.2,23.59,90.43,3.34
2009-09-02,13.55,22.31,89.13,3.55
2009-09-03,20.82,22.58,92.29,4.2
2009-09-04,29.71,23.42,92.89,4.85
2009-09-05,23.83,23.76,90.56,5.08
2009-09-06,10.33,23.58,89.44,4.58
2009-09-07,3.69,23.57,89.07,3.99
2009-09-08,1.13,23.42,88.18,3.53
2009-09-09,2.07,23.34,87.95,3.13
2009-09-10,1.27,23.44,87.94,3.1
2009-09-11,4.44,23.58,88.37,2.52
2009-09-12,1.18,24.05,86.79,2.08
2009-09-13,6.66,24.88,88.1,1.96
2009-09-14,5.69,23.64,92.03,2.47
2009-09-15,4.52,23.53,92.78,1.68
2009-09-16,3.16,24.5,86.97,1.39
2009-09-17,0.89,24.48,88.3,1.7
2009-09-18,3.47,24.08,87.97,0.54
2009-09-19,0.73,25.25,82.16,1.05
2009-09-20,7.99,25.05,85.73,0.9
2009-09-21,4.92,25.11,85.04,1.71
2009-09-22,6.7,25.12,87.11,1.63
2009-09-23,2.01,23.98,90.82,1.63
2009-09-24,6.92,23.74,88.39,2.19
2009-09-25,3.51,23.85,88.15,2.33
2009-09-26,1.87,24.25,86.72,2.29
2009-09-27,3.49,24.91,84.71,2.22
2009-09-28,6.4,24.24,87.73,2.58
2009-09-29,54.05,22.85,92.63,3.36
2009-09-30,44.35,22.75,91.07,3.91
2009-10-01,73.99,23.3,94.91,3.2
2009-10-02,29.06,23.41,92.43,3.96
2009-10-03,27.34,22.76,92.74,4.98
2009-10-04,6.05,23.06,91.57,4.53
2009-10-05,3.87,22.93,90.15,4.5
2009-10-06,2.43,23.02,90.08,3.55
2009-10-07,0.52,23.05,88.96,2.83
2009-10-08,0.07,22.55,88.46,2.16
2009-10-09,0.01,23.07,86.62,1.47
2009-10-10,0.49,23.77,85.48,1.3
2009-10-11,4.36,23.79,88.06,1.16
2009-10-12,1.36,24.16,85.05,1.53
2009-10-13,0.82,23.75,87.81,0.85
2009-10-14,0.06,23.38,84.62,2.07
2009-10-15,0.0,22.67,82.2,1.87
2009-10-16,0.0,23.67,78.56,1.39
2009-10-17,0.0,24.3,73.42,0.88
2009-10-18,0.0,23.97,74.25,1.2
2009-10-19,0.09,24.04,76.99,1.58
2009-10-20,0.09,24.06,81.39,1.31
2009-10-21,0.0,23.17,77.75,2.0
2009-10-22,0.0,22.07,74.77,2.1
2009-10-23,0.0,21.99,70.15,1.82
2009-10-24,0.0,21.42,70.25,1.53
2009-10-25,0.0,21.37,71.39,1.54
2009-10-26,0.0,21.16,70.6,1.85
2009-10-27,0.0,22.17,76.35,1.88
2009-10-28,0.19,23.4,80.38,3.05
2009-10-29,0.57,22.69,82.44,3.57
2009-10-30,0.03,22.78,79.53,3.11
2009-10-31,0.0,22.79,76.42,2.46
2009-11-01,0.0,22.08,76.87,2.57
2009-11-02,0.0,21.65,72.69,3.25
2009-11-03,0.04,22.45,77.63,3.42
2009-11-04,0.04,23.71,79.87,3.53
2009-11-05,1.5,23.6,83.2,3.78
2009-11-06,0.27,23.87,81.39,3.15
2009-11-07,0.43,23.86,80.96,3.76
2009-11-08,7.12,22.57,87.47,4.27
2009-11-09,5.86,22.21,86.99,4.45
2009-11-10,32.45,21.63,91.54,3.01
2009-11-11,18.32,22.93,88.8,3.2
2009-11-12,4.85,23.45,87.25,1.98
2009-11-13,0.66,23.77,86.47,1.05
2009-11-14,3.94,23.41,85.3,1.76
2009-11-15,14.27,22.28,88.4,1.95
2009-11-16,13.53,22.62,90.66,1.56
2009-11-17,1.89,22.26,90.85,1.61
2009-11-18,0.25,22.91,86.94,1.54
2009-11-19,3.46,23.37,86.34,0.99
2009-11-20,1.97,23.14,88.72,1.94
2009-11-21,0.92,23.65,85.52,1.88
2009-11-22,0.01,23.33,82.7,1.83
2009-11-23,0.01,23.41,82.81,2.27
2009-11-24,2.05,23.66,84.55,1.2
2009-11-25,0.8,23.98,80.76,2.01
2009-11-26,0.0,23.24,78.85,1.59
2009-11-27,0.0,21.45,79.18,2.35
2009-11-28,0.0,20.77,78.9,2.31
2009-11-29,0.0,20.64,74.21,2.02
2009-11-30,0.0,20.48,73.61,2.1
2009-12-01,0.0,21.21,75.01,2.24
2009-12-02,0.0,21.49,78.57,2.68
2009-12-03,0.82,22.32,79.78,2.36
2009-12-04,0.16,21.92,80.47,1.82
2009-12-05,0.0,21.13,80.5,2.09
2009-12-06,0.0,20.16,76.73,1.96
2009-12-07,0.0,20.18,72.16,2.17
2009-12-08,0.0,20.1,72.67,3.1
2009-12-09,0.0,20.39,72.91,3.29
2009-12-10,0.0,20.24,72.41,3.1
2009-12-11,0.0,20.28,72.55,3.14
2009-12-12,0.0,20.79,77.87,3.16
2009-12-13,0.0,22.72,77.24,3.01
2009-12-14,0.0,23.6,74.74,3.12
2009-12-15,0.0,23.01,70.9,3.07
2009-12-16,0.0,21.35,68.09,3.42
2009-12-17,0.0,22.99,75.89,1.73
2009-12-18,0.02,23.34,73.45,1.72
2009-12-19,0.0,22.98,68.44,3.28
2009-12-20,0.0,22.25,69.91,3.99
2009-12-21,0.0,21.94,74.18,3.72
2009-12-22,0.0,22.2,76.13,3.24
2009-12-23,0.0,21.99,78.27,3.0
2009-12-24,0.0,22.36,72.01,3.39
2009-12-25,0.0,22.1,67.35,2.95
2009-12-26,0.24,21.63,74.91,1.75
2009-12-27,0.44,22.43,79.94,1.2
2009-12-28,5.57,22.01,85.11,1.86
2009-12-29,11.05,22.23,84.81,1.24
2009-12-30,5.2,22.91,83.61,1.1
2009-12-31,0.63,23.78,80.59,0.67
2010-01-01,0.04,23.13,76.52,2.47
2010-01-02,0.0,22.2,69.75,2.69
2010-01-03,0.0,21.27,70.23,2.49
2010-01-04,0.0,21.48,64.08,1.99
2010-01-05,0.0,21.94,61.89,1.57
2010-01-06,0.0,21.54,65.85,2.34
2010-01-07,0.0,21.22,65.93,2.34
2010-01-08,0.0,21.9,67.86,2.36
2010-01-09,0.0,22.92,74.04,2.2
2010-01-10,0.0,23.86,79.23,2.24
2010-01-11,0.35,24.43,76.69,2.16
2010-01-12,1.58,24.07,80.49,1.94
2010-01-13,0.82,24.17,78.36,1.33
2010-01-14,0.77,23.66,79.71,2.55
2010-01-15,0.13,22.89,76.63,3.12
2010-01-16,0.0,23.15,69.97,3.6
2010-01-17,0.0,22.84,63.84,2.05
2010-01-18,0.0,23.03,65.16,1.43
2010-01-19,0.0,23.45,64.79,1.91
2010-01-20,0.0,23.15,58.17,2.51
2010-01-21,0.0,20.94,49.86,2.71
2010-01-22,0.0,20.71,49.29,2.08
2010-01-23,0.0,20.65,53.71,2.73
2010-01-24,0.0,21.02,56.36,1.74
2010-01-25,0.0,21.0,56.31,2.92
2010-01-26,0.0,21.73,52.98,2.77
2010-01-27,0.0,22.33,60.24,2.41
2010-01-28,0.0,23.42,61.02,2.38
2010-01-29,0.0,24.06,55.53,1.72
2010-01-30,0.0,23.75,52.51,2.39
2010-01-31,0.0,23.28,54.78,1.77
2010-02-01,0.0,23.48,59.25,1.05
2010-02-02,0.0,23.06,52.68,1.57
2010-02-03,0.0,23.08,51.29,2.1
2010-02-04,0.0,22.64,50.0,1.9
2010-02-05,0.0,22.34,43.39,2.87
2010-02-06,0.0,22.68,46.5,3.83
2010-02-07,0.0,23.08,50.3,3.29
2010-02-08,0.0,23.49,56.86,2.26
2010-02-09,0.0,23.96,64.02,1.54
2010-02-10,0.0,23.96,68.63,1.95
2010-02-11,0.0,25.21,65.8,1.52
2010-02-12,0.0,26.66,60.53,1.29
2010-02-13,0.0,27.0,56.36,2.09
2010-02-14,0.0,27.61,56.01,1.55
2010-02-15,0.0,27.37,55.17,1.6
2010-02-16,0.0,27.62,41.48,1.03
2010-02-17,0.0,27.04,43.09,1.42
2010-02-18,0.0,27.32,55.27,2.0
2010-02-19,0.0,27.8,59.94,1.88
2010-02-20,0.0,27.24,63.89,2.29
2010-02-21,0.0,27.53,59.15,1.32
2010-02-22,0.0,28.7,47.68,1.48
2010-02-23,0.0,27.96,52.17,2.33
2010-02-24,0.0,26.64,53.33,2.3
2010-02-25,0.0,26.22,41.63,1.87
2010-02-26,0.0,26.08,41.78,0.89
2010-02-27,0.0,27.53,37.12,1.44
2010-02-28,0.0,27.92,37.32,1.69
2010-03-01,0.0,27.63,40.88,1.12
2010-03-02,0.0,27.49,49.29,2.11
2010-03-03,0.0,28.17,56.68,1.78
2010-03-04,0.0,28.12,52.27,2.49
2010-03-05,0.0,27.45,47.84,2.38
2010-03-06,0.0,27.0,50.06,2.66
2010-03-07,0.0,27.93,47.61,1.83
2010-03-08,0.0,29.37,37.44,1.38
2010-03-09,0.0,30.45,33.26,2.17
2010-03-10,0.0,29.35,39.42,1.95
2010-03-11,0.0,29.83,33.39,3.12
2010-03-12,0.0,29.16,31.35,3.71
2010-03-13,0.0,26.71,31.19,2.02
2010-03-14,0.0,28.2,33.02,0.71
2010-03-15,0.0,28.19,44.6,1.63
2010-03-16,0.18,28.43,46.04,1.8
2010-03-17,0.11,28.57,45.48,1.38
2010-03-18,0.0,28.22,28.98,3.59
2010-03-19,0.0,28.7,27.86,2.98
2010-03-20,0.0,29.55,27.11,1.97
2010-03-21,0.0,29.72,27.18,1.36
2010-03-22,0.0,29.63,39.97,1.23
2010-03-23,0.0,29.06,49.96,1.77
2010-03-24,0.0,29.83,45.45,1.32
2010-03-25,0.0,29.94,38.87,0.93
2010-03-26,0.0,29.87,46.0,1.55
2010-03-27,0.0,30.18,46.38,1.16
2010-03-28,0.0,31.04,37.9,1.76
2010-03-29,2.48,30.91,44.8,1.58
2010-03-30,0.38,29.88,54.98,2.63
2010-03-31,0.0,29.41,46.67,3.3
2010-04-01,0.0,29.05,47.5,2.97
2010-04-02,0.0,29.29,42.87,2.4
2010-04-03,0.0,30.6,33.91,2.06
2010-04-04,0.0,30.39,49.76,1.82
2010-04-05,0.0,29.23,56.56,1.89
2010-04-06,0.0,28.97,59.0,2.31
2010-04-07,0.0,30.26,50.18,1.43
2010-04-08,0.07,30.55,44.21,2.63
2010-04-09,0.02,30.33,50.44,2.37
2010-04-10,0.0,28.73,55.92,2.88
2010-04-11,0.0,29.56,54.6,2.22
2010-04-12,4.18,28.37,63.3,3.73
2010-04-13,4.02,27.68,64.84,3.01
2010-04-14,11.43,28.57,63.74,2.27
2010-04-15,0.08,28.68,63.37,1.38
2010-04-16,1.25,28.78,64.81,1.67
2010-04-17,0.44,27.8,68.48,1.43
2010-04-18,1.08,27.06,73.56,2.73
2010-04-19,0.14,27.37,70.21,2.95
2010-04-20,0.0,29.06,62.01,3.19
2010-04-21,0.57,28.22,61.75,2.52
2010-04-22,4.1,29.73,59.78,2.07
2010-04-23,1.56,30.17,59.51,1.55
2010-04-24,1.19,28.55,62.38,1.21
2010-04-25,0.7,28.58,64.65,1.31
2010-04-26,0.43,29.7,56.36,1.44
2010-04-27,0.9,29.99,59.01,1.41
2010-04-28,3.06,28.38,64.39,1.68
2010-04-29,0.61,28.21,64.72,1.55
2010-04-30,1.56,25.81,70.81,1.43
2010-05-01,1.22,26.51,57.28,1.92
2010-05-02,3.59,27.64,55.83,1.83
2010-05-03,0.21,29.35,57.84,0.9
2010-05-04,0.0,29.76,57.18,2.65
2010-05-05,0.08,30.35,57.52,3.1
2010-05-06,0.06,31.21,53.61,2.56
2010-05-07,4.38,31.16,56.37,2.04
2010-05-08,1.55,28.51,69.89,1.89
2010-05-09,0.36,30.26,59.11,1.59
2010-05-10,0.05,29.27,62.2,2.13
2010-05-11,1.78,27.49,70.84,3.7
2010-05-12,0.14,28.81,63.37,3.17
2010-05-13,0.0,30.37,59.06,3.68
2010-05-14,0.0,29.78,60.6,3.93
2010-05-15,0.0,30.02,59.08,2.97
2010-05-16,0.0,27.5,68.24,3.22
2010-05-17,0.01,28.35,59.73,2.32
2010-05-18,8.69,29.78,63.04,3.21
2010-05-19,17.39,26.44,82.5,3.75
2010-05-20,3.87,26.47,81.77,4.19
2010-05-21,1.21,26.88,78.13,4.92
2010-05-22,5.16,26.28,79.74,4.04
2010-05-23,1.36,26.8,77.88,3.97
2010-05-24,0.22,26.96,76.5,4.6
2010-05-25,0.0,27.17,75.16,4.56
2010-05-26,0.1,26.62,80.99,4.12
2010-05-27,0.02,27.8,69.76,4.19
2010-05-28,0.0,28.47,65.7,4.06
2010-05-29,3.96,27.6,72.15,3.51
2010-05-30,9.65,26.33,75.06,4.11
2010-05-31,14.97,25.3,81.58,3.14
2010-06-01,0.49,26.35,75.34,4.0
2010-06-02,0.52,27.25,71.25,3.58
2010-06-03,3.47,27.56,69.0,3.36
2010-06-04,3.08,28.0,70.24,2.93
2010-06-05,0.97,27.1,70.98,4.62
2010-06-06,2.85,26.43,72.93,5.2
2010-06-07,7.07,25.39,75.08,5.14
2010-06-08,2.46,25.3,77.8,3.88
2010-06-09,10.42,26.23,78.19,2.83
2010-06-10,6.02,25.69,81.78,1.59
2010-06-11,6.43,27.18,73.96,1.48
2010-06-12,7.99,26.08,81.29,2.57
2010-06-13,16.62,24.93,86.4,4.59
2010-06-14,21.93,24.72,81.99,5.66
2010-06-15,26.53,23.92,87.71,5.99
2010-06-16,15.42,25.03,83.62,5.16
2010-06-17,31.61,24.24,85.38,5.91
2010-06-18,11.69,25.05,83.54,6.06
2010-06-19,11.21,25.07,85.77,4.22
2010-06-20,1.75,24.59,85.27,3.21
2010-06-21,5.89,24.82,83.6,3.25
2010-06-22,17.13,24.65,86.33,3.73
2010-06-23,15.62,24.82,84.6,4.82
2010-06-24,24.83,24.05,89.37,4.24
2010-06-25,32.02,24.28,86.74,5.58
2010-06-26,26.68,24.57,88.76,4.78
2010-06-27,5.94,24.24,86.44,4.58
2010-06-28,3.19,24.56,85.38,3.99
2010-06-29,3.91,24.88,85.69,4.27
2010-06-30,8.92,24.58,86.58,4.73
2010-07-01,43.4,23.15,88.89,4.73
2010-07-02,22.93,21.68,92.4,4.33
2010-07-03,13.81,22.83,88.93,4.84
2010-07-04,17.0,23.35,87.79,4.6
2010-07-05,21.43,22.92,88.84,5.16
2010-07-06,27.65,23.12,89.67,4.34
2010-07-07,21.0,22.8,90.86,3.96
2010-07-08,10.8,22.96,89.52,3.32
2010-07-09,2.54,22.99,86.65,2.66
2010-07-10,2.16,24.32,85.83,2.12
2010-07-11,0.79,24.91,86.25,2.42
2010-07-12,1.52,23.85,89.58,2.75
2010-07-13,2.44,22.63,88.28,3.53
2010-07-14,5.6,22.46,87.79,3.22
2010-07-15,22.36,23.01,87.78,3.76
2010-07-16,32.3,23.05,90.42,3.67
2010-07-17,20.09,22.45,89.43,5.06
2010-07-18,23.05,23.11,89.03,4.54
2010-07-19,38.0,24.08,88.8,4.97
2010-07-20,32.82,23.9,89.45,5.99
2010-07-21,31.36,23.59,92.4,5.6
2010-07-22,24.32,23.28,90.55,4.95
2010-07-23,4.91,23.53,88.93,4.95
2010-07-24,13.33,22.84,91.61,4.89
2010-07-25,20.05,23.24,92.9,5.53
2010-07-26,16.92,23.41,89.84,6.58
2010-07-27,16.11,23.81,88.44,5.83
2010-07-28,23.77,23.78,90.02,5.01
2010-07-29,55.61,22.93,92.65,5.37
2010-07-30,36.57,22.57,91.8,5.14
2010-07-31,26.86,23.2,90.17,5.06
2010-08-01,6.72,23.52,88.9,4.99
2010-08-02,4.76,23.74,88.81,5.13
2010-08-03,8.29,23.46,91.23,5.44
2010-08-04,3.53,23.74,89.76,5.13
2010-08-05,0.75,23.82,88.83,4.16
2010-08-06,5.79,23.68,89.68,3.96
2010-08-07,6.7,23.39,91.76,3.43
2010-08-08,3.23,24.07,88.57,4.09
2010-08-09,1.07,23.95,87.0,4.04
2010-08-10,7.61,23.76,86.86,3.75
2010-08-11,6.99,24.35,87.28,4.46
2010-08-12,22.1,24.07,90.44,3.65
2010-08-13,5.88,23.38,89.6,2.92
2010-08-14,7.01,23.47,90.2,2.91
2010-08-15,14.16,24.3,88.69,2.76
2010-08-16,19.46,23.74,92.05,3.31
2010-08-17,16.0,23.43,89.4,4.7
2010-08-18,13.15,23.09,89.62,4.2
2010-08-19,11.73,23.4,89.98,2.99
2010-08-20,9.78,23.01,92.04,2.68
2010-08-21,25.42,22.98,91.16,2.26
2010-08-22,4.48,23.06,91.27,2.75
2010-08-23,9.18,23.16,91.91,2.78
2010-08-24,10.37,22.95,93.03,3.87
2010-08-25,29.88,22.45,94.3,3.28
2010-08-26,14.13,23.06,90.72,3.53
2010-08-27,10.64,23.13,89.98,3.68
2010-08-28,4.98,24.0,90.22,3.8
2010-08-29,2.52,23.66,90.65,4.06
2010-08-30,26.84,23.07,93.19,3.83
2010-08-31,11.07,22.27,92.53,4.7
2010-09-01,4.65,23.02,89.54,4.34
2010-09-02,7.74,23.21,89.57,3.79
2010-09-03,12.46,22.83,91.91,3.66
2010-09-04,9.13,23.17,90.39,4.02
2010-09-05,9.4,23.34,90.87,3.76
2010-09-06,12.49,23.33,90.82,4.25
2010-09-07,10.02,23.2,91.86,4.16
2010-09-08,13.52,23.67,89.64,4.29
2010-09-09,8.99,23.79,90.14,3.67
2010-09-10,10.09,23.64,90.63,3.45
2010-09-11,2.99,23.62,89.05,3.2
2010-09-12,4.0,23.32,90.85,2.16
2010-09-13,2.37,23.2,89.71,2.49
2010-09-14,8.96,22.68,90.2,3.14
2010-09-15,16.58,22.6,89.81,3.44
2010-09-16,15.84,22.07,91.1,3.13
2010-09-17,8.45,22.47,89.98,3.57
2010-09-18,3.62,22.79,88.89,3.43
2010-09-19,1.71,22.7,88.86,2.91
2010-09-20,0.04,22.55,88.29,1.75
2010-09-21,25.37,23.61,85.36,0.98
2010-09-22,6.81,23.75,88.8,0.84
2010-09-23,29.92,25.18,84.04,0.78
2010-09-24,14.27,25.09,82.97,0.73
2010-09-25,5.66,23.91,88.77,1.81
2010-09-26,5.82,24.39,87.36,1.37
2010-09-27,18.46,24.17,87.99,2.44
2010-09-28,9.9,24.7,86.19,2.49
2010-09-29,6.85,23.85,83.7,2.18
2010-09-30,15.05,23.4,86.84,1.95
2010-10-01,6.62,23.84,87.44,1.91
2010-10-02,4.96,24.07,85.56,2.19
2010-10-03,13.45,24.44,87.12,2.07
2010-10-04,6.52,24.48,85.92,1.29
2010-10-05,3.43,25.23,83.61,0.7
2010-10-06,3.85,23.3,94.58,2.37
2010-10-07,1.79,24.26,88.58,1.97
2010-10-08,0.32,24.22,87.77,1.75
2010-10-09,0.04,23.17,91.27,1.78
2010-10-10,0.0,23.78,86.93,1.99
2010-10-11,0.0,23.17,86.56,2.23
2010-10-12,0.05,22.71,87.93,1.96
2010-10-13,10.71,23.09,88.63,1.39
2010-10-14,4.36,23.9,87.01,1.24
2010-10-15,9.33,23.59,89.61,2.22
2010-10-16,11.54,23.34,90.08,3.13
2010-10-17,3.9,22.75,88.24,3.37
2010-10-18,8.34,22.66,89.98,3.18
2010-10-19,9.36,23.25,90.05,2.55
2010-10-20,0.58,23.64,89.27,2.1
2010-10-21,18.14,23.65,90.49,2.28
2010-10-22,29.93,23.35,91.66,3.07
2010-10-23,6.78,23.12,91.77,2.27
2010-10-24,2.2,23.48,90.35,2.54
2010-10-25,0.6,23.49,87.73,1.59
2010-10-26,5.52,24.39,83.41,0.81
2010-10-27,2.51,23.98,86.65,1.4
2010-10-28,0.02,22.83,81.05,2.01
2010-10-29,0.19,22.33,85.85,2.48
2010-10-30,0.9,22.68,86.4,2.29
2010-10-31,1.01,22.51,87.82,2.34
2010-11-01,1.63,21.82,90.98,2.25
2010-11-02,36.01,22.33,93.32,3.23
2010-11-03,16.12,22.86,93.19,1.84
2010-11-04,1.75,23.29,88.52,1.95
2010-11-05,6.6,23.25,88.51,1.27
2010-11-06,1.6,23.34,87.33,0.61
2010-11-07,32.1,21.41,90.78,1.97
2010-11-08,38.34,22.47,93.55,2.15
2010-11-09,3.92,23.2,86.12,1.58
2010-11-10,3.78,23.84,86.04,0.64
2010-11-11,27.54,23.91,86.99,0.9
2010-11-12,1.98,23.79,85.26,0.9
2010-11-13,5.56,24.29,85.06,0.97
2010-11-14,10.86,23.63,87.89,1.76
2010-11-15,6.01,23.33,88.24,1.81
2010-11-16,1.54,22.91,87.31,2.45
2010-11-17,2.21,21.92,93.35,3.43
2010-11-18,1.91,23.01,87.31,3.05
2010-11-19,2.26,22.17,86.35,2.07
2010-11-20,0.33,22.64,83.65,1.46
2010-11-21,0.41,22.32,85.33,1.56
2010-11-22,3.79,22.49,84.48,1.16
2010-11-23,2.93,22.94,88.35,0.87
2010-11-24,0.5,22.56,86.08,1.89
2010-11-25,0.0,22.54,86.45,2.32
2010-11-26,0.0,21.66,84.65,2.28
2010-11-27,0.0,21.21,87.02,1.97
2010-11-28,0.0,20.95,88.08,2.31
2010-11-29,0.0,21.7,87.24,2.71
2010-11-30,0.0,21.51,85.65,3.16
2010-12-01,0.0,21.31,84.57,2.99
2010-12-02,0.01,22.15,87.07,2.8
2010-12-03,0.0,21.44,84.25,2.7
2010-12-04,0.0,20.77,83.58,2.64
2010-12-05,0.0,18.86,83.76,2.32
2010-12-06,0.01,18.97,81.82,2.06
2010-12-07,0.01,20.69,86.55,1.74
2010-12-08,0.0,22.09,86.22,1.44
2010-12-09,0.04,22.65,87.62,1.54
2010-12-10,3.01,21.66,89.75,2.16
2010-12-11,0.54,20.74,88.6,1.94
2010-12-12,0.0,19.7,87.14,1.71
2010-12-13,0.0,19.21,84.71,1.26
2010-12-14,0.0,20.39,82.31,1.1
2010-12-15,0.0,21.05,87.05,2.63
2010-12-16,0.0,20.05,87.72,2.46
2010-12-17,0.0,21.27,86.77,1.81
2010-12-18,0.0,20.67,81.66,2.2
2010-12-19,0.0,17.55,77.37,3.4
2010-12-20,0.0,19.44,82.2,3.48
2010-12-21,0.0,19.18,75.02,2.61
2010-12-22,0.0,17.62,67.02,1.78
2010-12-23,0.0,17.69,64.04,1.72
2010-12-24,0.0,17.63,73.3,2.05
2010-12-25,0.0,18.46,74.5,2.13
2010-12-26,0.0,19.52,75.71,1.9
2010-12-27,0.0,19.95,76.03,2.26
2010-12-28,0.0,19.31,75.19,2.66
2010-12-29,0.0,20.84,80.01,2.49
2010-12-30,0.02,22.44,77.26,1.73
2010-12-31,0.0,22.28,76.4,1.06
2011-01-01,0.0,22.08,79.0,0.74
2011-01-02,0.0,22.12,77.31,0.8
2011-01-03,0.0,22.44,78.05,2.86
2011-01-04,0.0,22.18,79.58,2.81
2011-01-05,0.0,21.84,79.1,2.84
2011-01-06,0.0,20.5,74.02,2.72
2011-01-07,0.0,20.1,70.42,2.34
2011-01-08,0.0,21.09,69.1,1.47
2011-01-09,0.0,21.84,68.28,1.52
2011-01-10,0.0,20.11,63.04,2.21
2011-01-11,0.0,19.28,49.51,1.97
2011-01-12,0.0,18.74,54.4,2.01
2011-01-13,0.0,19.34,60.56,2.13
2011-01-14,0.0,19.31,64.05,2.64
2011-01-15,0.0,19.57,62.88,2.62
2011-01-16,0.0,20.27,63.5,2.36
2011-01-17,0.0,21.15,59.58,1.48
2011-01-18,0.0,20.93,58.84,1.96
2011-01-19,0.0,21.74,54.69,1.25
2011-01-20,0.0,21.84,56.25,1.57
2011-01-21,0.0,20.68,59.93,2.58
2011-01-22,0.0,20.84,63.58,2.72
2011-01-23,0.0,21.15,65.61,2.91
2011-01-24,0.0,20.67,63.26,3.35
2011-01-25,0.0,20.41,60.03,3.3
2011-01-26,0.0,20.66,60.62,3.54
2011-01-27,0.0,21.16,60.37,3.37
2011-01-28,0.0,21.59,52.37,2.42
2011-01-29,0.0,21.38,53.61,2.83
2011-01-30,0.0,21.8,53.94,3.19
2011-01-31,0.0,21.54,51.68,3.59
2011-02-01,0.0,21.48,49.01,3.62
2011-02-02,0.0,22.05,48.16,3.91
2011-02-03,0.0,22.08,52.44,3.45
2011-02-04,0.0,21.73,55.77,2.55
2011-02-05,0.0,22.41,48.13,2.68
2011-02-06,0.0,22.37,46.39,3.17
2011-02-07,0.0,22.12,45.07,2.22
2011-02-08,0.0,22.27,44.0,1.81
2011-02-09,0.0,21.75,38.66,2.03
2011-02-10,0.0,21.69,35.53,2.47
2011-02-11,0.0,21.89,39.31,3.73
2011-02-12,0.0,22.69,40.61,2.72
2011-02-13,0.0,22.64,37.73,2.75
2011-02-14,0.0,22.0,48.66,2.29
2011-02-15,0.0,22.21,71.63,2.42
2011-02-16,0.0,22.67,71.07,2.16
2011-02-17,0.0,23.37,68.48,2.09
2011-02-18,0.0,22.89,70.78,2.8
2011-02-19,0.0,22.24,67.87,2.32
2011-02-20,0.0,22.49,68.82,2.61
2011-02-21,0.0,23.21,62.07,1.49
2011-02-22,0.0,25.61,58.41,1.42
2011-02-23,0.5,26.18,57.14,1.37
2011-02-24,0.09,26.0,57.87,1.42
2011-02-25,0.01,24.64,59.97,2.33
2011-02-26,0.0,24.05,59.71,1.75
2011-02-27,0.0,26.09,54.79,1.62
2011-02-28,0.0,26.46,41.25,3.24
2011-03-01,0.0,26.21,39.7,3.29
2011-03-02,0.0,26.72,44.08,2.81
2011-03-03,0.0,26.96,37.26,3.05
2011-03-04,0.0,26.66,30.82,2.36
2011-03-05,0.0,26.8,27.93,2.96
2011-03-06,0.0,26.63,23.06,3.68
2011-03-07,0.0,26.56,25.11,2.66
2011-03-08,0.0,27.44,32.13,1.65
2011-03-09,0.0,26.7,53.56,2.21
2011-03-10,0.0,27.4,50.45,1.7
2011-03-11,0.0,27.3,43.91,1.58
2011-03-12,0.0,28.04,39.64,1.52
2011-03-13,0.0,28.09,35.14,2.47
2011-03-14,0.0,27.96,36.29,1.29
2011-03-15,0.0,28.72,34.2,2.37
2011-03-16,0.0,27.78,33.52,2.98
2011-03-17,0.0,27.54,32.34,3.45
2011-03-18,0.0,26.99,25.94,3.07
2011-03-19,0.0,26.79,28.36,1.72
2011-03-20,0.0,27.49,45.98,1.49
2011-03-21,0.0,27.63,56.71,2.72
2011-03-22,0.0,28.13,54.44,2.51
2011-03-23,0.0,28.68,49.09,1.88
2011-03-24,0.0,28.2,45.05,2.86
2011-03-25,0.0,28.34,45.85,2.25
2011-03-26,0.0,29.05,47.35,2.18
2011-03-27,0.0,29.71,48.32,1.54
2011-03-28,0.0,30.12,47.21,1.66
2011-03-29,0.0,29.86,51.25,2.03
2011-03-30,0.0,30.13,49.29,1.84
2011-03-31,0.0,29.93,44.92,1.91
2011-04-01,0.0,28.66,47.75,2.58
2011-04-02,0.0,28.89,37.32,2.5
2011-04-03,0.0,27.46,49.62,3.39
2011-04-04,0.0,26.98,49.53,2.99
2011-04-05,0.0,26.89,47.28,2.81
2011-04-06,0.0,27.71,46.71,1.24
2011-04-07,0.0,29.26,45.18,1.86
2011-04-08,0.0,29.54,47.07,1.84
2011-04-09,0.01,30.55,46.7,1.82
2011-04-10,11.97,29.52,48.36,1.65
2011-04-11,1.75,29.67,50.9,1.51
2011-04-12,0.0,29.67,50.94,1.6
2011-04-13,0.73,29.69,55.08,1.89
2011-04-14,8.72,27.82,65.8,2.73
2011-04-15,19.38,25.68,73.68,2.1
2011-04-16,1.91,25.88,72.11,1.08
2011-04-17,0.66,25.93,70.35,1.02
2011-04-18,0.08,26.59,68.75,1.07
2011-04-19,3.54,25.79,72.42,2.23
2011-04-20,0.99,25.9,71.7,1.29
2011-04-21,7.51,25.62,76.41,1.52
2011-04-22,1.36,26.51,70.75,1.6
2011-04-23,3.0,25.51,71.24,1.33
2011-04-24,0.93,25.43,75.19,1.56
2011-04-25,0.13,27.79,65.8,1.95
2011-04-26,0.1,29.14,60.01,1.49
2011-04-27,0.02,29.41,58.89,1.34
2011-04-28,1.73,27.66,66.67,3.57
2011-04-29,0.34,27.54,68.37,3.63
2011-04-30,1.38,27.85,69.39,2.75
2011-05-01,0.84,26.81,74.55,2.25
2011-05-02,0.22,27.68,70.06,2.4
2011-05-03,0.03,27.97,66.8,3.49
2011-05-04,0.0,28.76,62.79,3.5
2011-05-05,0.0,29.51,56.91,3.44
2011-05-06,0.0,28.76,56.89,4.01
2011-05-07,0.0,27.72,58.69,4.22
2011-05-08,0.0,27.44,59.43,4.22
2011-05-09,0.0,28.27,58.82,3.72
2011-05-10,0.44,28.18,59.82,3.69
2011-05-11,0.16,28.62,59.33,3.61
2011-05-12,0.04,28.81,58.0,3.55
2011-05-13,0.01,29.39,56.03,3.82
2011-05-14,3.17,28.96,58.91,3.56
2011-05-15,0.42,28.89,60.35,2.66
2011-05-16,0.32,30.09,53.07,1.88
2011-05-17,5.08,28.32,59.71,2.93
2011-05-18,0.05,29.76,52.15,2.28
2011-05-19,2.11,28.79,59.2,4.02
2011-05-20,0.14,28.2,58.84,4.05
2011-05-21,0.14,28.03,61.77,4.57
2011-05-22,0.14,28.57,62.16,4.53
2011-05-23,0.0,28.53,60.81,3.94
2011-05-24,0.0,28.42,62.97,3.46
2011-05-25,1.05,28.82,58.45,3.29
2011-05-26,2.94,28.83,61.56,2.09
2011-05-27,2.13,27.72,68.78,3.26
2011-05-28,0.41,27.1,68.09,2.95
2011-05-29,4.76,27.34,71.83,3.75
2011-05-30,10.1,25.66,79.52,3.85
2011-05-31,10.73,24.39,84.62,3.16
2011-06-01,3.96,26.02,78.41,2.51
2011-06-02,34.05,24.07,83.24,3.25
2011-06-03,14.0,24.49,82.18,4.32
2011-06-04,11.17,24.95,81.39,5.08
2011-06-05,14.4,24.95,81.69,5.17
2011-06-06,11.91,25.18,82.88,5.71
2011-06-07,11.56,24.08,76.8,5.4
2011-06-08,4.91,24.83,81.39,4.93
2011-06-09,0.9,25.45,80.15,5.38
2011-06-10,0.05,25.68,80.09,6.35
2011-06-11,0.0,25.01,79.9,5.2
2011-06-12,0.0,24.8,83.87,4.61
2011-06-13,13.04,25.03,82.93,5.37
2011-06-14,10.6,23.82,80.36,5.76
2011-06-15,24.67,22.57,88.17,5.03
2011-06-16,25.46,22.92,78.27,5.85
2011-06-17,9.61,23.2,80.17,6.13
2011-06-18,2.55,24.22,85.71,6.34
2011-06-19,0.51,24.74,80.77,5.79
2011-06-20,1.16,24.73,80.26,5.64
2011-06-21,5.91,24.41,82.05,5.32
2011-06-22,19.74,24.96,82.64,5.75
2011-06-23,8.4,24.82,83.67,5.07
2011-06-24,3.16,25.39,81.93,4.82
2011-06-25,8.59,24.43,87.43,4.63
2011-06-26,4.84,24.6,85.75,5.65
2011-06-27,6.52,24.08,83.32,5.95
2011-06-28,3.58,23.53,84.75,5.91
2011-06-29,3.43,24.76,82.62,5.2
2011-06-30,10.31,24.95,83.37,4.05
2011-07-01,15.78,24.32,84.71,4.03
2011-07-02,19.73,23.36,86.92,4.45
2011-07-03,27.33,22.99,86.08,4.43
2011-07-04,8.75,23.71,85.21,4.71
2011-07-05,14.27,22.64,82.04,4.87
2011-07-06,5.87,21.79,82.78,4.63
2011-07-07,12.31,22.49,83.94,4.85
2011-07-08,8.46,23.76,84.83,4.2
2011-07-09,4.32,23.49,85.38,3.89
2011-07-10,12.99,23.55,85.82,4.23
2011-07-11,16.23,24.39,86.67,4.25
2011-07-12,10.74,23.92,88.75,4.56
2011-07-13,17.9,22.13,88.78,5.12
2011-07-14,15.15,22.42,88.14,6.14
2011-07-15,30.05,23.6,87.65,6.59
2011-07-16,39.62,23.52,91.35,6.45
2011-07-17,33.91,23.4,90.29,6.23
2011-07-18,14.59,23.5,90.22,6.2
2011-07-19,6.71,23.55,88.64,5.81
2011-07-20,8.14,23.4,89.09,5.87
2011-07-21,9.64,23.13,89.29,5.64
2011-07-22,9.74,23.09,87.75,5.29
2011-07-23,9.02,23.16,90.72,5.32
2011-07-24,2.3,24.21,86.87,5.0
2011-07-25,13.96,23.98,88.59,3.82
2011-07-26,14.69,23.2,89.36,3.11
2011-07-27,5.79,22.81,88.49,3.64
2011-07-28,10.57,22.83,88.97,4.3
2011-07-29,13.15,22.59,88.0,4.18
2011-07-30,14.9,23.1,89.31,4.64
2011-07-31,7.25,23.01,89.39,4.78
2011-08-01,5.94,23.02,87.32,5.14
2011-08-02,34.45,22.73,89.18,5.12
2011-08-03,35.36,22.68,91.98,5.28
2011-08-04,12.92,23.2,89.73,5.5
2011-08-05,5.94,23.03,89.25,5.51
2011-08-06,13.61,23.25,89.41,5.39
2011-08-07,12.16,23.7,89.19,5.12
2011-08-08,4.68,23.62,88.65,5.31
2011-08-09,2.59,23.19,88.02,5.16
2011-08-10,3.5,23.43,89.0,4.41
2011-08-11,5.97,23.77,88.55,4.48
2011-08-12,4.12,23.73,87.6,4.57
2011-08-13,3.56,23.49,88.1,4.06
2011-08-14,6.33,23.38,88.25,3.59
2011-08-15,9.41,23.52,88.78,3.35
2011-08-16,24.08,22.79,91.89,3.48
2011-08-17,12.46,23.51,87.17,3.56
2011-08-18,32.12,23.27,88.94,3.52
2011-08-19,32.28,22.91,91.45,3.29
2011-08-20,43.35,23.02,90.34,2.85
2011-08-21,19.88,22.3,88.92,3.67
2011-08-22,8.71,22.4,88.5,2.97
2011-08-23,6.88,22.71,88.74,3.21
2011-08-24,5.19,22.88,90.76,3.39
2011-08-25,3.31,22.86,90.18,3.28
2011-08-26,5.64,22.81,90.68,4.0
2011-08-27,3.68,22.66,91.99,4.06
2011-08-28,9.38,23.14,89.44,4.94
2011-08-29,15.35,23.2,89.61,5.87
2011-08-30,18.51,23.42,88.95,5.72
2011-08-31,36.43,23.06,91.48,5.23
2011-09-01,22.34,23.47,93.61,4.95
2011-09-02,28.95,23.56,90.97,5.5
2011-09-03,17.74,23.32,90.77,5.13
2011-09-04,3.82,23.39,89.31,4.63
2011-09-05,2.83,23.41,89.64,4.2
2011-09-06,7.96,23.49,89.06,4.43
2011-09-07,14.75,23.25,90.32,4.16
2011-09-08,5.0,23.19,90.58,3.89
2011-09-09,1.58,23.63,89.69,3.77
2011-09-10,1.53,23.69,88.74,3.16
2011-09-11,3.77,23.78,88.52,3.46
2011-09-12,1.97,23.82,87.9,3.11
2011-09-13,4.92,23.38,88.56,3.41
2011-09-14,15.14,23.17,89.0,3.59
2011-09-15,10.19,23.6,89.29,3.74
2011-09-16,4.68,23.47,88.49,3.32
2011-09-17,5.15,23.3,89.19,3.18
2011-09-18,13.57,23.38,89.56,3.05
2011-09-19,5.17,23.39,89.0,2.95
2011-09-20,1.99,23.27,88.59,3.01
2011-09-21,7.78,22.78,87.13,3.41
2011-09-22,1.17,22.61,85.64,2.84
2011-09-23,0.56,22.4,84.17,2.42
2011-09-24,0.25,22.67,84.67,2.42
2011-09-25,0.0,22.94,80.83,2.11
2011-09-26,0.0,23.02,79.75,2.09
2011-09-27,0.0,23.37,81.13,2.1
2011-09-28,0.93,23.6,81.43,2.34
2011-09-29,2.51,24.21,82.22,2.38
2011-09-30,1.74,23.91,85.74,1.12
2011-10-01,7.28,24.52,83.74,1.66
2011-10-02,1.06,24.62,83.89,1.59
2011-10-03,0.06,24.41,81.71,2.51
2011-10-04,0.02,23.1,80.51,2.6
2011-10-05,0.02,23.29,76.92,1.86
2011-10-06,0.53,23.08,84.44,1.93
2011-10-07,0.07,24.75,79.05,1.75
2011-10-08,3.6,24.6,82.18,1.72
2011-10-09,0.5,24.78,81.61,1.79
2011-10-10,5.89,24.75,83.27,1.01
2011-10-11,4.08,23.69,85.73,0.8
2011-10-12,8.68,24.71,78.55,0.45
2011-10-13,4.43,24.99,79.91,1.05
2011-10-14,5.68,25.83,78.09,1.02
2011-10-15,1.03,26.05,77.42,1.03
2011-10-16,2.24,24.91,82.36,1.01
2011-10-17,1.17,25.49,77.92,1.01
2011-10-18,0.01,25.85,74.6,1.17
2011-10-19,2.18,25.59,76.69,0.79
2011-10-20,0.93,24.98,80.35,0.93
2011-10-21,0.01,25.44,74.59,1.47
2011-10-22,0.0,25.71,71.8,2.39
2011-10-23,1.45,24.63,75.62,2.6
2011-10-24,0.46,24.38,77.07,2.85
2011-10-25,7.59,23.67,79.53,3.5
2011-10-26,2.21,23.49,79.15,3.95
2011-10-27,2.76,23.64,80.06,3.52
2011-10-28,0.8,23.95,76.24,3.3
2011-10-29,7.86,23.54,79.61,3.19
2011-10-30,1.72,23.59,77.65,3.5
2011-10-31,0.6,23.86,76.16,3.26
2011-11-01,1.38,24.31,77.14,3.16
2011-11-02,4.49,24.31,78.96,2.81
2011-11-03,2.79,24.47,79.99,2.51
2011-11-04,0.06,23.94,81.94,3.09
2011-11-05,0.26,24.22,74.92,3.0
2011-11-06,0.01,24.2,70.53,2.03
2011-11-07,0.05,23.36,64.82,1.47
2011-11-08,0.0,22.24,59.13,1.94
2011-11-09,0.0,21.87,61.69,2.37
2011-11-10,0.0,21.77,61.03,1.82
2011-11-11,0.0,21.85,63.11,1.53
2011-11-12,0.0,22.35,62.53,1.28
2011-11-13,0.0,23.06,58.0,1.98
2011-11-14,0.0,23.15,63.8,2.65
2011-11-15,0.0,23.35,63.37,2.8
2011-11-16,0.0,22.83,60.93,2.81
2011-11-17,0.0,22.73,61.94,2.69
2011-11-18,0.0,23.24,61.84,3.01
2011-11-19,0.0,21.89,55.85,3.4
2011-11-20,0.0,21.52,58.03,3.52
2011-11-21,0.0,21.79,60.46,3.54
2011-11-22,0.0,21.95,59.21,3.31
2011-11-23,0.0,21.83,60.19,3.58
2011-11-24,0.0,23.3,64.81,3.42
2011-11-25,0.29,24.27,72.14,4.27
2011-11-26,1.31,23.57,80.12,4.88
2011-11-27,7.65,23.83,80.69,5.29
2011-11-28,3.96,24.17,81.83,3.07
2011-11-29,1.67,23.99,78.44,2.61
2011-11-30,0.04,24.56,70.65,2.5
2011-12-01,0.0,24.49,70.54,1.82
2011-12-02,0.0,24.29,68.88,1.05
2011-12-03,0.0,24.47,67.21,0.64
2011-12-04,0.0,22.92,62.12,1.78
2011-12-05,0.0,22.72,58.5,2.3
2011-12-06,0.0,22.79,55.03,2.18
2011-12-07,0.0,22.24,61.92,2.97
2011-12-08,0.0,21.79,65.65,3.54
2011-12-09,0.0,23.52,72.01,3.14
2011-12-10,0.0,25.15,68.8,2.68
2011-12-11,0.0,24.93,64.72,2.61
2011-12-12,0.0,24.19,59.64,2.52
2011-12-13,0.0,22.85,61.69,3.32
2011-12-14,0.0,22.29,59.46,3.39
2011-12-15,0.0,22.32,59.69,3.48
2011-12-16,0.0,22.16,56.06,3.32
2011-12-17,0.0,21.49,56.76,3.31
2011-12-18,0.0,21.23,58.16,3.65
2011-12-19,0.0,21.29,53.73,3.02
2011-12-20,0.0,21.59,53.69,3.29
2011-12-21,0.0,21.38,57.64,3.01
2011-12-22,0.0,21.38,54.82,3.47
2011-12-23,0.0,20.14,56.05,3.18
2011-12-24,0.0,21.02,49.91,2.99
2011-12-25,0.0,20.85,45.14,2.58
2011-12-26,0.0,20.99,42.07,1.88
2011-12-27,0.0,21.89,36.5,1.15
2011-12-28,0.0,21.95,33.74,1.45
2011-12-29,0.0,21.73,37.25,2.61
2011-12-30,0.01,24.0,70.93,4.11
2011-12-31,0.0,22.4,63.88,4.17
2012-01-01,0.0,23.61,62.91,2.45
2012-01-02,0.0,23.78,65.68,1.76
2012-01-03,0.0,25.18,66.07,0.85
2012-01-04,0.0,25.66,61.17,0.96
2012-01-05,0.0,25.23,56.11,1.46
2012-01-06,0.0,25.0,51.84,1.39
2012-01-07,0.0,24.86,56.27,0.76
2012-01-08,0.0,23.72,51.37,1.58
2012-01-09,0.0,22.85,51.05,1.52
2012-01-10,0.0,21.66,45.87,1.76
2012-01-11,0.0,22.89,53.51,1.31
2012-01-12,0.0,23.95,59.91,2.91
2012-01-13,0.0,23.25,57.81,3.11
2012-01-14,0.0,21.48,42.49,3.12
2012-01-15,0.0,20.25,32.48,2.61
2012-01-16,0.0,20.83,30.96,2.22
2012-01-17,0.0,21.22,33.46,1.52
2012-01-18,0.0,21.18,56.19,1.83
2012-01-19,0.0,21.39,61.17,1.53
2012-01-20,0.0,21.81,55.57,1.14
2012-01-21,0.0,22.51,44.36,1.67
2012-01-22,0.0,22.75,54.48,1.31
2012-01-23,0.0,23.1,51.48,1.6
2012-01-24,0.0,22.56,45.57,1.86
2012-01-25,0.0,22.31,45.75,1.98
2012-01-26,0.0,22.09,50.48,1.16
2012-01-27,0.0,21.9,44.05,1.82
2012-01-28,0.0,22.48,60.56,0.95
2012-01-29,0.0,23.07,60.16,1.33
2012-01-30,0.0,23.79,51.51,2.3
2012-01-31,0.0,22.88,42.85,3.45
2012-02-01,0.0,23.1,45.2,4.27
2012-02-02,0.0,23.39,46.72,3.86
2012-02-03,0.0,23.52,47.43,4.12
2012-02-04,0.0,23.63,41.03,2.09
2012-02-05,0.0,24.29,37.27,1.68
2012-02-06,0.0,24.67,36.1,1.45
2012-02-07,0.0,25.02,42.45,1.5
2012-02-08,0.0,26.09,42.59,1.06
2012-02-09,0.0,26.08,39.05,1.0
2012-02-10,0.0,26.53,42.94,2.07
2012-02-11,0.0,26.69,50.95,1.6
2012-02-12,0.0,27.1,47.64,1.55
2012-02-13,0.0,27.26,45.36,0.68
2012-02-14,0.0,27.21,41.43,1.56
2012-02-15,0.0,26.38,43.92,1.31
2012-02-16,0.0,25.79,36.22,1.49
2012-02-17,0.0,27.01,33.99,1.36
2012-02-18,0.0,27.79,33.19,2.64
2012-02-19,0.0,26.17,26.51,3.52
2012-02-20,0.0,26.28,26.12,2.73
2012-02-21,0.0,26.94,25.51,2.45
2012-02-22,0.0,26.47,26.02,2.84
2012-02-23,0.0,26.56,24.78,2.63
2012-02-24,0.0,26.99,20.33,2.27
2012-02-25,0.0,26.76,19.79,2.86
2012-02-26,0.0,26.88,19.69,3.43
2012-02-27,0.0,27.49,20.63,2.79
2012-02-28,0.0,27.1,30.89,2.38
2012-02-29,0.0,26.97,48.8,2.1
2012-03-01,0.0,26.91,35.12,1.23
2012-03-02,0.0,26.49,25.85,2.12
2012-03-03,0.0,25.03,46.38,2.85
2012-03-04,0.0,26.39,43.01,1.89
2012-03-05,0.0,27.93,25.81,1.83
2012-03-06,0.0,27.61,54.35,2.53
2012-03-07,0.0,27.34,48.72,2.79
2012-03-08,0.0,25.81,50.11,3.39
2012-03-09,0.0,25.39,44.0,2.3
2012-03-10,0.0,26.83,34.4,1.15
2012-03-11,0.0,27.47,39.32,1.88
2012-03-12,0.0,28.49,42.12,1.34
2012-03-13,0.0,30.14,38.69,2.61
2012-03-14,0.0,30.67,39.15,3.21
2012-03-15,0.0,31.05,36.74,2.04
2012-03-16,0.0,30.83,41.1,1.33
2012-03-17,0.0,30.34,39.95,1.71
2012-03-18,0.0,30.19,38.04,1.34
2012-03-19,0.0,29.82,48.2,2.24
2012-03-20,0.0,29.92,42.79,1.9
2012-03-21,0.0,29.28,48.75,1.72
2012-03-22,0.0,29.76,46.58,1.46
2012-03-23,0.0,30.4,37.4,2.11
2012-03-24,0.0,30.14,20.47,3.17
2012-03-25,0.0,29.35,23.13,2.02
2012-03-26,0.0,28.58,25.16,2.5
2012-03-27,0.0,28.7,20.36,2.57
2012-03-28,0.0,29.0,23.41,2.47
2012-03-29,0.0,29.61,33.39,1.58
2012-03-30,0.01,28.48,56.28,3.52
2012-03-31,0.0,29.61,44.7,1.76
2012-04-01,0.0,31.15,35.93,1.43
2012-04-02,0.15,30.77,34.85,1.8
2012-04-03,0.06,29.72,39.66,1.34
2012-04-04,1.87,30.24,44.02,1.58
2012-04-05,1.79,30.3,51.07,2.62
2012-04-06,0.05,29.64,52.12,2.57
2012-04-07,0.45,30.09,49.15,2.35
2012-04-08,0.19,30.29,48.35,1.98
2012-04-09,0.0,30.56,47.68,2.32
2012-04-10,0.63,30.25,48.93,2.56
2012-04-11,6.74,28.83,59.22,2.63
2012-04-12,8.01,26.67,70.31,2.37
2012-04-13,0.31,27.77,63.83,1.19
2012-04-14,0.47,29.13,55.46,1.11
2012-04-15,0.16,29.39,52.09,1.21
2012-04-16,0.44,28.62,57.31,1.29
2012-04-17,0.27,28.51,61.09,2.34
2012-04-18,13.23,26.69,70.32,2.37
2012-04-19,4.57,26.35,68.47,1.94
2012-04-20,1.28,28.38,61.85,1.31
2012-04-21,0.38,27.88,66.02,2.52
2012-04-22,0.04,29.24,59.27,2.42
2012-04-23,2.78,28.14,64.73,2.53
2012-04-24,0.3,28.7,58.95,1.7
2012-04-25,8.94,28.22,65.0,1.71
2012-04-26,6.77,27.08,70.76,1.64
2012-04-27,7.27,27.23,71.21,1.84
2012-04-28,3.26,26.58,71.5,2.58
2012-04-29,0.01,28.41,61.68,2.96
2012-04-30,0.0,28.01,63.03,3.55
2012-05-01,0.0,28.21,62.15,3.3
2012-05-02,0.0,28.19,62.1,3.27
2012-05-03,0.0,28.71,59.66,3.45
2012-05-04,0.0,28.06,58.4,4.34
2012-05-05,0.0,27.39,59.31,4.04
2012-05-06,0.0,27.58,59.13,3.56
2012-05-07,0.0,29.03,55.3,2.58
2012-05-08,1.49,29.07,57.64,3.18
2012-05-09,1.63,28.3,63.5,2.98
2012-05-10,1.88,27.5,66.42,3.3
2012-05-11,5.56,27.26,71.34,3.54
2012-05-12,4.47,25.5,74.76,2.49
2012-05-13,0.2,27.37,67.92,2.05
2012-05-14,0.28,28.43,62.65,2.73
2012-05-15,0.02,27.4,67.3,2.85
2012-05-16,2.45,28.7,63.15,3.22
2012-05-17,0.45,29.04,61.18,3.43
2012-05-18,0.0,30.12,56.83,3.4
2012-05-19,0.0,30.19,55.61,3.96
2012-05-20,0.0,30.81,50.77,4.12
2012-05-21,1.26,28.94,61.03,3.79
2012-05-22,0.21,28.51,59.26,3.96
2012-05-23,0.0,28.99,58.28,4.03
2012-05-24,0.0,29.18,59.8,4.87
2012-05-25,0.0,29.56,55.63,4.99
2012-05-26,0.0,27.25,60.53,3.49
2012-05-27,0.0,28.51,60.51,3.86
2012-05-28,0.0,29.51,57.57,4.57
2012-05-29,0.0,28.78,60.9,3.92
2012-05-30,0.0,28.25,61.2,5.18
2012-05-31,0.23,28.18,62.26,5.1
2012-06-01,0.08,29.01,57.22,4.7
2012-06-02,0.7,28.94,59.14,4.89
2012-06-03,5.31,27.77,68.8,5.26
2012-06-04,22.12,26.12,75.95,4.69
2012-06-05,12.42,25.28,75.95,4.75
2012-06-06,10.2,25.2,74.89,4.33
2012-06-07,2.94,24.47,77.93,4.58
2012-06-08,5.59,25.27,72.49,4.88
2012-06-09,6.44,25.86,75.27,4.99
2012-06-10,1.39,25.94,73.92,4.71
2012-06-11,18.84,25.26,78.91,4.75
2012-06-12,8.14,24.94,78.2,4.87
2012-06-13,12.51,24.68,76.0,4.55
2012-06-14,6.53,24.59,78.22,4.35
2012-06-15,3.25,24.67,77.44,4.26
2012-06-16,5.43,24.72,80.04,4.72
2012-06-17,35.7,23.25,85.39,5.68
2012-06-18,46.25,22.8,87.41,6.17
2012-06-19,19.18,23.21,86.38,6.28
2012-06-20,8.44,24.07,84.93,5.58
2012-06-21,5.73,24.2,81.47,4.94
2012-06-22,6.66,23.73,85.06,4.37
2012-06-23,7.76,24.46,83.94,4.01
2012-06-24,17.36,24.57,84.71,4.23
2012-06-25,9.97,24.6,84.85,4.23
2012-06-26,13.39,23.39,86.01,4.29
2012-06-27,15.07,23.21,85.39,4.21
2012-06-28,13.36,23.14,84.38,4.72
2012-06-29,18.55,22.63,87.28,4.1
2012-06-30,12.79,23.11,87.16,5.11
2012-07-01,16.65,22.46,88.51,4.83
2012-07-02,28.81,22.91,89.53,5.37
2012-07-03,7.82,22.98,88.51,5.65
2012-07-04,2.31,23.06,85.14,5.28
2012-07-05,0.84,23.85,83.72,4.59
2012-07-06,2.84,24.48,84.59,4.4
2012-07-07,3.61,23.93,87.86,4.05
2012-07-08,3.77,24.45,85.71,4.03
2012-07-09,4.24,24.77,85.02,3.82
2012-07-10,16.48,23.97,85.21,4.23
2012-07-11,4.91,23.27,85.72,3.76
2012-07-12,7.05,23.81,86.18,3.92
2012-07-13,8.02,24.15,85.63,4.12
2012-07-14,7.32,23.68,88.33,3.47
2012-07-15,13.1,23.49,88.65,3.51
2012-07-16,18.32,23.85,86.1,3.48
2012-07-17,9.73,23.46,85.27,3.87
2012-07-18,8.67,22.88,88.19,4.64
2012-07-19,4.78,23.59,87.0,5.29
2012-07-20,8.8,23.47,89.66,5.66
2012-07-21,11.05,23.73,88.42,5.87
2012-07-22,6.97,23.45,89.29,5.54
2012-07-23,12.26,23.63,88.43,5.19
2012-07-24,4.64,23.86,86.79,5.02
2012-07-25,12.08,24.11,87.09,5.05
2012-07-26,10.9,23.77,89.58,4.87
2012-07-27,4.93,23.67,87.59,4.82
2012-07-28,3.86,23.54,87.39,4.97
2012-07-29,2.86,23.22,89.02,4.43
2012-07-30,1.64,23.55,85.7,4.92
2012-07-31,3.47,23.36,85.43,5.37
2012-08-01,3.62,23.57,84.86,5.09
2012-08-02,8.84,23.67,85.26,5.23
2012-08-03,10.49,23.08,88.52,5.4
2012-08-04,5.03,22.84,87.57,5.62
2012-08-05,6.9,22.92,86.92,4.95
2012-08-06,17.79,23.04,88.58,5.26
2012-08-07,13.28,23.31,88.34,5.04
2012-08-08,11.64,23.96,86.95,4.81
2012-08-09,22.94,22.91,89.3,4.83
2012-08-10,29.75,23.35,89.17,5.45
2012-08-11,21.51,22.88,90.38,5.39
2012-08-12,26.23,23.14,89.03,4.72
2012-08-13,5.45,22.61,88.77,4.69
2012-08-14,5.44,23.37,87.73,3.97
2012-08-15,4.52,23.59,87.31,4.03
2012-08-16,5.53,23.81,87.03,3.28
2012-08-17,18.83,23.69,86.75,3.59
2012-08-18,16.2,23.52,87.24,4.35
2012-08-19,5.31,22.71,89.24,4.31
2012-08-20,3.17,23.55,86.34,3.78
2012-08-21,2.4,23.8,85.69,3.34
2012-08-22,3.85,23.42,87.55,2.11
2012-08-23,9.23,23.9,85.36,1.99
2012-08-24,5.24,23.86,85.78,1.81
2012-08-25,24.24,23.53,90.6,2.69
2012-08-26,33.85,22.3,91.86,3.42
2012-08-27,17.91,22.67,91.57,4.39
2012-08-28,19.67,23.38,90.3,4.67
2012-08-29,16.04,23.55,90.68,4.67
2012-08-30,12.71,23.04,90.32,4.42
2012-08-31,22.66,21.66,91.5,4.36
2012-09-01,10.74,22.49,90.11,5.1
2012-09-02,9.88,23.55,90.95,4.26
2012-09-03,20.36,23.49,92.37,4.75
2012-09-04,14.62,23.22,92.47,4.66
2012-09-05,6.23,23.04,91.24,4.33
2012-09-06,4.01,23.63,89.19,4.08
2012-09-07,11.85,23.49,90.2,4.11
2012-09-08,6.18,23.25,90.97,3.87
2012-09-09,6.35,23.49,89.01,3.89
2012-09-10,7.52,22.67,91.05,3.89
2012-09-11,4.17,22.48,90.93,3.64
2012-09-12,4.81,22.9,89.34,3.25
2012-09-13,4.71,23.57,88.23,3.05
2012-09-14,5.96,23.45,88.2,3.27
2012-09-15,4.34,23.36,88.15,3.64
2012-09-16,1.54,23.46,87.21,3.58
2012-09-17,3.71,23.37,87.84,2.99
2012-09-18,2.19,23.42,85.87,2.75
2012-09-19,0.24,23.65,83.54,2.07
2012-09-20,0.0,23.67,83.4,2.2
2012-09-21,0.0,23.66,82.52,2.18
2012-09-22,0.0,23.09,82.59,2.52
2012-09-23,0.0,23.24,79.51,2.17
2012-09-24,0.0,22.85,82.06,2.8
2012-09-25,0.0,23.41,79.92,2.63
2012-09-26,0.16,24.25,81.03,2.24
2012-09-27,0.98,23.51,86.45,2.45
2012-09-28,4.61,24.23,84.03,2.38
2012-09-29,3.45,24.43,83.25,1.1
2012-09-30,25.18,23.34,88.84,1.87
2012-10-01,14.21,23.56,86.83,2.36
2012-10-02,22.36,22.92,90.29,3.53
2012-10-03,16.55,22.7,90.97,3.82
2012-10-04,20.97,23.22,89.47,2.99
2012-10-05,5.67,23.73,88.26,2.59
2012-10-06,0.39,23.81,86.98,2.05
2012-10-07,0.03,23.71,87.24,1.68
2012-10-08,2.37,24.28,82.82,1.11
2012-10-09,3.31,23.72,87.39,1.26
2012-10-10,0.42,24.38,73.64,1.31
2012-10-11,0.0,23.64,68.78,1.55
2012-10-12,0.0,23.97,68.16,1.22
2012-10-13,0.0,24.1,69.34,1.34
2012-10-14,0.87,24.08,67.69,1.44
2012-10-15,0.02,23.6,71.5,1.19
2012-10-16,0.01,23.52,69.88,1.92
2012-10-17,0.0,23.47,70.33,2.24
2012-10-18,0.0,23.63,67.6,2.75
2012-10-19,0.07,24.27,73.16,2.89
2012-10-20,2.08,23.53,78.17,3.53
2012-10-21,5.6,22.34,85.29,3.04
2012-10-22,3.0,24.53,77.53,3.5
2012-10-23,0.02,24.34,73.14,2.98
2012-10-24,0.0,24.6,74.12,2.48
2012-10-25,0.0,25.17,72.07,1.87
2012-10-26,0.0,24.46,71.35,1.48
2012-10-27,0.0,23.95,66.1,2.93
2012-10-28,0.0,23.21,69.57,3.57
2012-10-29,0.0,23.45,71.23,2.99
2012-10-30,0.0,23.21,71.18,2.76
2012-10-31,4.57,22.52,79.01,2.63
2012-11-01,46.92,21.47,93.77,4.58
2012-11-02,15.62,22.06,91.28,3.51
2012-11-03,5.42,22.63,89.52,2.87
2012-11-04,0.36,23.7,82.7,1.44
2012-11-05,0.41,24.04,83.26,1.32
2012-11-06,1.06,23.49,85.4,1.55
2012-11-07,0.52,24.41,77.61,1.08
2012-11-08,4.77,24.57,81.54,0.93
2012-11-09,1.94,22.58,80.87,2.34
2012-11-10,0.23,22.8,75.46,1.92
2012-11-11,0.11,23.52,76.88,1.59
2012-11-12,0.66,23.08,74.89,1.48
2012-11-13,0.15,21.98,74.45,1.99
2012-11-14,0.0,20.07,66.46,2.5
2012-11-15,0.0,19.31,66.37,2.43
2012-11-16,0.0,19.41,66.62,2.01
2012-11-17,0.0,19.68,58.52,1.43
2012-11-18,0.0,19.58,54.79,1.39
2012-11-19,0.0,20.46,50.43,1.32
2012-11-20,0.0,21.94,51.56,1.18
2012-11-21,0.0,22.97,69.26,0.97
2012-11-22,0.0,23.87,76.77,1.49
2012-11-23,0.0,24.45,78.35,2.37
2012-11-24,0.28,24.47,76.42,2.35
2012-11-25,0.0,23.99,72.0,2.62
2012-11-26,0.0,23.83,69.4,2.33
2012-11-27,0.0,23.28,71.39,2.36
2012-11-28,0.0,22.21,67.39,2.11
2012-11-29,0.0,22.21,64.84,1.68
2012-11-30,0.0,22.64,64.02,1.02
2012-12-01,0.0,22.79,65.12,0.77
2012-12-02,0.0,21.42,67.52,2.13
2012-12-03,0.02,21.89,68.49,3.2
2012-12-04,0.51,23.64,76.96,3.62
2012-12-05,0.12,24.21,76.59,4.34
2012-12-06,0.01,24.66,69.93,3.33
2012-12-07,0.0,23.29,66.87,2.3
2012-12-08,0.0,23.87,61.77,1.67
2012-12-09,0.0,23.81,58.77,1.05
2012-12-10,0.0,23.4,62.76,1.12
2012-12-11,0.0,23.69,69.24,1.04
2012-12-12,0.0,23.47,68.38,1.3
2012-12-13,0.0,22.65,70.84,1.47
2012-12-14,0.0,23.21,65.02,1.33
2012-12-15,0.0,21.9,53.77,3.32
2012-12-16,0.0,21.23,59.39,3.82
2012-12-17,0.0,22.03,63.68,4.07
2012-12-18,0.0,21.82,57.44,3.89
2012-12-19,0.0,21.26,56.78,3.38
2012-12-20,0.0,22.38,57.32,3.3
2012-12-21,0.0,23.3,58.79,3.14
2012-12-22,0.0,22.19,55.01,3.26
2012-12-23,0.0,22.35,59.59,3.13
2012-12-24,0.0,23.31,61.66,2.61
2012-12-25,0.0,22.71,57.67,2.88
2012-12-26,0.0,22.43,56.44,3.56
2012-12-27,0.0,22.63,54.7,2.55
2012-12-28,0.0,23.3,61.77,2.28
2012-12-29,0.0,24.44,68.8,3.04
2012-12-30,0.0,24.56,72.92,2.76
2012-12-31,0.0,25.73,69.14,1.73
2013-01-01,0.0,26.36,57.31,1.87
2013-01-02,0.0,24.74,55.29,1.57
2013-01-03,0.0,25.2,57.25,0.75
2013-01-04,0.0,24.69,58.23,1.15
2013-01-05,0.0,24.52,61.29,1.35
2013-01-06,0.0,23.83,61.1,1.15
2013-01-07,0.0,24.07,57.11,0.74
2013-01-08,0.0,24.34,53.08,1.11
2013-01-09,0.0,24.12,47.19,1.87
2013-01-10,0.0,23.96,46.0,1.79
2013-01-11,0.0,23.04,47.01,2.58
2013-01-12,0.0,22.68,48.1,2.63
2013-01-13,0.0,22.25,37.87,2.49
2013-01-14,0.0,22.49,32.68,2.46
2013-01-15,0.0,22.48,34.53,2.71
2013-01-16,0.0,22.5,40.08,2.51
2013-01-17,0.0,22.25,47.56,2.17
2013-01-18,0.0,22.29,51.16,1.53
2013-01-19,0.0,22.78,51.68,2.44
2013-01-20,0.0,22.9,43.09,2.29
2013-01-21,0.0,22.73,45.83,2.21
2013-01-22,0.0,23.07,44.25,3.08
2013-01-23,0.0,22.79,46.35,2.88
2013-01-24,0.0,22.8,46.92,2.18
2013-01-25,0.0,22.46,41.41,2.81
2013-01-26,0.0,22.44,43.79,2.95
2013-01-27,0.0,23.13,42.4,2.24
2013-01-28,0.0,23.07,49.87,2.33
2013-01-29,0.0,23.81,53.14,0.88
2013-01-30,0.0,23.96,50.71,1.96
2013-01-31,0.0,24.28,47.27,2.89
2013-02-01,0.0,23.58,47.45,3.69
2013-02-02,0.0,23.34,41.02,3.36
2013-02-03,0.0,23.1,37.34,2.78
2013-02-04,0.0,23.2,44.97,2.48
2013-02-05,0.0,24.75,60.79,1.3
2013-02-06,0.0,26.01,60.87,0.94
2013-02-07,0.0,26.93,56.07,1.8
2013-02-08,0.0,25.51,57.66,2.02
2013-02-09,0.0,26.68,48.78,1.97
2013-02-10,0.0,27.01,41.11,3.88
2013-02-11,0.0,26.18,43.81,4.22
2013-02-12,0.0,26.51,44.17,4.17
2013-02-13,0.0,26.88,34.05,4.1
2013-02-14,0.76,26.68,47.04,2.88
2013-02-15,1.52,26.13,63.71,1.6
2013-02-16,7.45,25.16,71.93,3.53
2013-02-17,2.14,24.9,66.39,2.31
2013-02-18,0.0,24.74,50.45,1.64
2013-02-19,0.0,25.8,48.5,2.42
2013-02-20,0.0,26.32,40.31,2.09
2013-02-21,0.0,26.07,45.45,2.62
2013-02-22,0.0,26.02,42.46,3.28
2013-02-23,0.0,26.14,39.06,2.19
2013-02-24,0.0,25.7,33.72,2.77
2013-02-25,0.0,25.52,24.08,3.18
2013-02-26,0.0,24.93,27.67,2.1
2013-02-27,0.0,25.39,44.43,0.9
2013-02-28,0.0,26.39,34.39,1.88
2013-03-01,0.0,26.23,28.19,3.35
2013-03-02,0.0,26.66,26.11,3.46
2013-03-03,0.0,26.65,28.53,3.11
2013-03-04,0.0,26.76,24.95,3.44
2013-03-05,0.0,27.23,31.22,4.0
2013-03-06,0.01,27.75,44.22,3.89
2013-03-07,0.06,28.6,50.63,3.41
2013-03-08,0.01,29.34,45.43,2.55
2013-03-09,0.0,28.9,54.08,1.63
2013-03-10,0.99,28.87,54.78,2.15
2013-03-11,1.86,28.92,53.94,1.84
2013-03-12,0.0,28.87,47.76,2.16
2013-03-13,0.0,28.88,47.62,1.95
2013-03-14,0.0,27.61,46.38,1.12
2013-03-15,0.0,29.85,31.87,1.59
2013-03-16,0.13,29.04,42.37,2.06
2013-03-17,0.01,29.57,45.03,0.85
2013-03-18,0.0,29.8,46.21,1.62
2013-03-19,0.0,30.04,43.29,1.48
2013-03-20,0.0,29.89,43.81,1.89
2013-03-21,0.0,30.3,32.46,1.72
2013-03-22,0.0,28.64,42.78,3.02
2013-03-23,0.0,28.47,49.35,2.0
2013-03-24,0.0,29.6,40.55,1.73
2013-03-25,0.0,29.09,35.88,1.81
2013-03-26,0.0,29.3,54.11,2.39
2013-03-27,0.0,30.05,49.08,1.91
2013-03-28,0.0,29.77,47.18,2.78
2013-03-29,0.0,30.17,45.3,2.42
2013-03-30,0.0,29.69,44.34,1.99
2013-03-31,0.01,29.81,47.94,2.6
2013-04-01,0.02,29.4,52.45,2.32
2013-04-02,0.0,30.09,49.96,2.57
2013-04-03,0.48,30.55,47.44,2.3
2013-04-04,0.01,30.19,45.93,3.0
2013-04-05,0.0,29.61,46.65,2.86
2013-04-06,0.0,29.16,51.18,3.53
2013-04-07,0.0,29.76,43.56,2.21
2013-04-08,0.0,30.42,35.74,1.86
2013-04-09,0.0,29.91,47.33,3.51
2013-04-10,0.0,30.23,50.13,2.43
2013-04-11,0.0,30.79,45.77,1.93
2013-04-12,0.0,31.28,42.34,1.36
2013-04-13,0.0,31.64,41.3,2.07
2013-04-14,0.0,31.11,49.34,2.21
2013-04-15,0.0,29.84,51.96,3.3
2013-04-16,0.0,29.41,48.24,3.57
2013-04-17,0.0,29.09,46.92,3.59
2013-04-18,0.0,28.19,48.53,3.62
2013-04-19,0.0,27.86,49.86,3.51
2013-04-20,0.0,27.71,49.33,3.35
2013-04-21,0.0,28.07,48.4,1.87
2013-04-22,0.0,29.22,50.35,2.35
2013-04-23,0.08,30.37,50.12,2.8
2013-04-24,10.23,29.86,55.74,2.69
2013-04-25,7.74,29.08,61.92,1.48
2013-04-26,1.08,28.05,66.71,2.04
2013-04-27,3.01,28.42,64.73,1.07
2013-04-28,0.91,28.34,65.38,2.35
2013-04-29,0.02,27.54,61.71,2.61
2013-04-30,0.02,29.92,54.42,1.57
2013-05-01,0.1,29.45,55.97,2.04
2013-05-02,8.4,28.66,66.4,2.41
2013-05-03,0.38,28.9,65.31,2.66
2013-05-04,0.0,29.4,58.43,3.33
2013-05-05,0.01,29.39,60.03,2.83
2013-05-06,0.38,29.4,60.82,2.4
2013-05-07,0.21,27.52,69.35,3.02
2013-05-08,16.09,26.77,72.84,3.31
2013-05-09,4.49,27.28,71.87,2.16
2013-05-10,0.03,27.5,69.96,3.03
2013-05-11,0.0,28.36,63.68,3.16
2013-05-12,0.01,27.39,67.04,3.02
2013-05-13,0.0,28.33,58.9,3.19
2013-05-14,0.02,28.24,62.05,4.47
2013-05-15,0.0,28.06,60.79,4.67
2013-05-16,0.0,28.27,61.25,3.85
2013-05-17,0.61,28.89,61.27,2.87
2013-05-18,10.96,27.77,69.76,3.09
2013-05-19,4.52,27.87,67.66,2.38
2013-05-20,22.08,27.75,71.66,3.55
2013-05-21,5.75,25.72,77.22,3.5
2013-05-22,0.0,27.53,70.52,4.23
2013-05-23,0.0,27.61,68.42,4.63
2013-05-24,0.0,27.65,67.23,4.28
2013-05-25,0.61,26.92,72.96,4.44
2013-05-26,3.92,27.4,71.93,4.38
2013-05-27,7.04,25.46,79.26,4.02
2013-05-28,7.98,24.7,81.88,3.75
2013-05-29,3.38,24.94,80.07,3.81
2013-05-30,14.62,25.05,82.2,3.16
2013-05-31,37.07,24.5,82.89,3.74
2013-06-01,10.45,23.98,86.73,2.72
2013-06-02,6.93,23.24,88.28,3.95
2013-06-03,3.1,24.28,85.51,3.68
2013-06-04,0.48,24.77,82.55,3.51
2013-06-05,20.65,25.26,79.84,3.85
2013-06-06,10.74,24.78,86.94,3.96
2013-06-07,24.05,24.08,91.59,3.41
2013-06-08,21.41,23.32,86.33,5.66
2013-06-09,20.81,22.88,86.94,5.84
2013-06-10,24.96,23.67,87.93,5.23
2013-06-11,13.43,23.97,86.56,4.85
2013-06-12,8.18,24.39,85.76,5.12
2013-06-13,11.48,24.05,84.36,6.16
2013-06-14,8.02,23.05,87.06,6.1
2013-06-15,7.81,24.26,85.56,6.52
2013-06-16,6.45,24.49,84.32,6.22
2013-06-17,25.35,24.42,86.19,6.7
2013-06-18,19.29,23.98,87.38,5.66
2013-06-19,12.73,23.96,87.76,5.24
2013-06-20,5.58,24.03,86.77,4.88
2013-06-21,4.55,24.13,86.7,4.52
2013-06-22,7.01,23.7,86.75,5.64
2013-06-23,8.36,23.39,88.68,4.91
2013-06-24,7.4,24.26,86.94,6.3
2013-06-25,10.01,23.81,90.33,6.06
2013-06-26,10.93,24.56,87.41,6.01
2013-06-27,9.01,24.12,87.45,5.38
2013-06-28,7.99,23.83,88.05,4.66
2013-06-29,7.99,23.75,86.98,4.79
2013-06-30,15.71,23.4,87.69,5.15
2013-07-01,14.15,22.07,88.98,5.45
2013-07-02,39.15,23.13,92.3,5.7
2013-07-03,20.93,23.36,91.31,5.67
2013-07-04,10.71,23.61,89.82,5.45
2013-07-05,6.62,23.9,88.2,4.79
2013-07-06,21.42,23.38,89.42,4.53
2013-07-07,25.37,23.22,89.92,4.96
2013-07-08,24.36,22.97,89.49,4.67
2013-07-09,12.71,22.98,89.29,4.97
2013-07-10,4.35,22.84,90.4,5.35
2013-07-11,3.54,22.69,88.7,5.34
2013-07-12,15.34,22.42,92.05,5.32
2013-07-13,13.41,23.45,88.62,4.92
2013-07-14,7.13,23.39,89.09,4.83
2013-07-15,6.63,23.67,89.26,4.64
2013-07-16,5.35,23.79,86.65,5.41
2013-07-17,6.97,23.16,89.29,5.33
2013-07-18,15.65,23.14,88.6,5.86
2013-07-19,16.93,22.87,92.45,5.41
2013-07-20,12.77,22.46,91.19,5.58
2013-07-21,15.9,22.44,91.79,5.63
2013-07-22,20.61,22.66,92.12,5.97
2013-07-23,14.79,22.41,91.7,6.26
2013-07-24,21.74,22.84,89.6,7.31
2013-07-25,23.47,22.98,88.85,7.46
2013-07-26,16.08,22.55,89.62,6.57
2013-07-27,28.0,22.7,89.97,5.6
2013-07-28,23.93,22.99,90.1,5.17
2013-07-29,9.77,22.7,88.03,5.31
2013-07-30,6.51,23.13,88.4,6.47
2013-07-31,12.82,22.78,88.87,6.77
2013-08-01,21.55,23.38,89.14,7.14
2013-08-02,12.18,23.09,88.29,6.39
2013-08-03,7.9,22.72,90.29,4.74
2013-08-04,8.22,23.39,88.19,4.94
2013-08-05,9.01,22.9,90.23,4.87
2013-08-06,9.92,22.62,90.37,4.3
2013-08-07,5.69,23.36,87.59,3.97
2013-08-08,4.59,23.27,87.95,4.04
2013-08-09,4.03,23.14,87.48,3.94
2013-08-10,4.8,22.96,89.1,3.82
2013-08-11,2.27,23.18,88.61,3.63
2013-08-12,5.61,23.17,88.38,3.96
2013-08-13,6.72,23.25,87.59,4.21
2013-08-14,2.98,22.82,88.16,4.15
2013-08-15,11.53,22.76,90.15,3.84
2013-08-16,28.21,22.88,90.02,4.06
2013-08-17,22.96,23.09,89.36,4.43
2013-08-18,18.11,23.13,91.35,4.05
2013-08-19,5.73,23.19,90.36,4.31
2013-08-20,7.87,23.41,88.75,4.67
2013-08-21,4.96,23.32,87.57,4.95
2013-08-22,6.19,23.12,88.65,4.64
2013-08-23,4.02,23.31,87.17,4.24
2013-08-24,6.75,23.39,86.69,3.85
2013-08-25,3.82,23.06,88.01,3.67
2013-08-26,3.71,23.44,85.78,3.16
2013-08-27,3.55,23.6,85.52,3.04
2013-08-28,2.82,23.92,84.66,3.02
2013-08-29,0.4,24.11,83.24,2.44
2013-08-30,0.0,24.77,81.4,2.37
2013-08-31,4.72,24.76,82.49,2.06
2013-09-01,6.82,25.22,82.48,1.27
2013-09-02,8.71,23.74,90.79,1.72
2013-09-03,1.47,23.32,88.49,2.86
2013-09-04,3.12,22.19,88.05,2.82
2013-09-05,2.62,22.63,85.7,2.73
2013-09-06,2.61,23.3,85.4,2.66
2013-09-07,8.43,23.51,85.55,2.32
2013-09-08,9.12,22.93,87.56,2.44
2013-09-09,12.29,22.65,90.55,2.63
2013-09-10,25.22,22.18,90.67,2.78
2013-09-11,8.68,22.03,91.43,2.24
2013-09-12,5.57,22.88,91.71,1.9
2013-09-13,4.34,24.66,86.29,1.08
2013-09-14,3.35,24.7,86.29,1.46
2013-09-15,3.07,24.25,88.54,2.62
2013-09-16,5.4,23.61,89.94,2.98
2013-09-17,29.8,23.37,89.8,2.83
2013-09-18,17.36,23.12,90.58,4.05
2013-09-19,13.81,23.29,90.68,4.05
2013-09-20,22.75,22.72,92.89,3.85
2013-09-21,6.32,22.56,90.99,3.68
2013-09-22,2.81,22.85,89.63,3.58
2013-09-23,5.38,22.2,88.29,3.44
2013-09-24,10.54,22.61,89.23,3.37
2013-09-25,8.49,23.4,88.26,3.41
2013-09-26,4.11,23.38,88.22,3.2
2013-09-27,5.5,23.39,87.89,2.78
2013-09-28,1.92,23.19,87.04,2.84
2013-09-29,3.23,22.82,86.85,3.22
2013-09-30,6.01,23.45,87.83,3.32
2013-10-01,6.34,23.38,87.89,3.01
2013-10-02,1.89,22.92,88.81,2.79
2013-10-03,1.81,23.0,86.64,3.27
2013-10-04,9.51,22.57,87.03,3.46
2013-10-05,19.42,22.31,89.35,3.65
2013-10-06,4.82,23.65,86.98,2.68
2013-10-07,0.09,24.01,85.78,1.65
2013-10-08,0.86,23.62,87.89,1.92
2013-10-09,1.89,23.71,86.79,2.5
2013-10-10,0.59,23.58,85.35,2.64
2013-10-11,0.46,22.91,83.78,2.87
2013-10-12,3.37,22.92,86.34,3.27
2013-10-13,4.15,23.7,85.89,3.09
2013-10-14,1.23,24.32,84.09,2.41
2013-10-15,0.6,24.66,85.45,2.24
2013-10-16,1.93,24.8,85.22,1.83
2013-10-17,0.72,24.97,80.84,2.18
2013-10-18,3.76,24.81,82.03,1.89
2013-10-19,1.31,24.95,75.39,1.73
2013-10-20,0.38,23.74,70.18,2.01
2013-10-21,0.84,23.95,75.81,1.62
2013-10-22,6.98,23.66,83.72,1.64
2013-10-23,4.65,23.93,84.57,1.48
2013-10-24,8.44,24.21,83.53,1.72
2013-10-25,8.9,24.12,86.4,1.61
2013-10-26,14.31,23.43,87.89,2.44
2013-10-27,2.76,22.68,88.66,2.29
2013-10-28,1.86,23.24,85.76,1.5
2013-10-29,0.0,24.49,77.76,1.42
2013-10-30,0.0,22.97,71.85,1.95
2013-10-31,0.0,22.8,73.79,1.7
2013-11-01,0.0,24.15,78.35,2.42
2013-11-02,9.05,24.56,81.29,2.22
2013-11-03,1.87,23.86,81.61,2.63
2013-11-04,0.07,23.94,76.56,3.14
2013-11-05,0.0,23.59,77.18,3.02
2013-11-06,0.0,23.81,74.51,2.58
2013-11-07,0.0,23.23,71.46,2.66
2013-11-08,0.0,22.73,71.51,2.56
2013-11-09,0.0,21.76,68.65,2.63
2013-11-10,0.0,21.68,70.39,2.67
2013-11-11,0.0,21.76,69.13,2.39
2013-11-12,0.0,21.89,72.11,1.78
2013-11-13,0.26,22.07,69.86,1.9
2013-11-14,0.1,21.63,70.05,2.0
2013-11-15,0.0,20.36,63.93,2.78
2013-11-16,0.0,21.4,72.5,3.22
2013-11-17,0.13,22.62,79.08,4.27
2013-11-18,0.01,23.37,74.78,3.43
2013-11-19,0.0,23.72,72.33,2.01
2013-11-20,0.0,23.03,66.07,2.01
2013-11-21,0.0,22.69,63.61,1.41
2013-11-22,0.0,22.99,63.86,1.32
2013-11-23,0.03,23.63,69.19,1.32
2013-11-24,0.01,24.72,72.69,1.13
2013-11-25,0.17,25.22,70.4,1.29
2013-11-26,3.09,25.28,70.18,1.44
2013-11-27,1.31,22.9,72.39,1.93
2013-11-28,0.0,21.78,57.74,2.0
2013-11-29,0.05,22.31,61.33,1.69
2013-11-30,0.03,23.42,68.45,1.37
2013-12-01,0.18,24.75,67.6,1.7
2013-12-02,0.07,24.91,67.51,1.57
2013-12-03,0.0,24.61,64.94,2.58
2013-12-04,0.0,23.73,62.55,3.76
2013-12-05,0.0,22.65,59.03,3.42
2013-12-06,0.0,21.84,54.69,2.1
2013-12-07,0.0,21.03,52.74,2.55
2013-12-08,0.0,22.12,60.27,1.56
2013-12-09,0.0,21.8,52.29,1.64
2013-12-10,0.0,20.63,38.64,1.48
2013-12-11,0.0,20.37,38.03,1.95
2013-12-12,0.0,20.78,51.67,3.45
2013-12-13,0.0,22.65,59.8,3.46
2013-12-14,0.0,23.64,65.74,2.52
2013-12-15,0.0,22.39,50.81,1.99
2013-12-16,0.0,20.26,40.8,2.43
2013-12-17,0.0,19.71,51.98,2.68
2013-12-18,0.0,20.06,56.53,2.55
2013-12-19,0.0,20.93,55.85,1.48
2013-12-20,0.0,20.65,51.1,1.42
2013-12-21,0.0,20.83,59.17,1.58
2013-12-22,0.0,20.75,58.58,2.55
2013-12-23,0.0,21.04,61.58,3.74
2013-12-24,0.0,21.42,61.77,3.64
2013-12-25,0.0,21.77,61.13,2.86
2013-12-26,0.0,21.26,54.99,2.78
2013-12-27,0.0,20.67,55.57,2.34
2013-12-28,0.0,21.0,60.9,1.89
2013-12-29,0.0,21.28,60.44,1.74
2013-12-30,0.0,21.31,52.56,2.61
2013-12-31,0.0,21.68,60.79,3.38
2014-01-01,0.0,21.83,60.66,3.51
2014-01-02,0.0,21.86,57.72,3.16
2014-01-03,0.0,21.84,55.87,2.97
2014-01-04,0.0,22.72,56.6,1.95
2014-01-05,0.0,22.27,55.73,1.82
2014-01-06,0.0,22.47,52.77,1.51
2014-01-07,0.0,22.18,48.85,3.17
2014-01-08,0.0,22.23,50.4,3.55
2014-01-09,0.0,22.89,52.34,2.36
2014-01-10,0.0,22.49,60.71,1.99
2014-01-11,0.0,22.82,62.84,1.73
2014-01-12,0.0,23.68,61.6,1.55
2014-01-13,0.0,23.32,49.09,2.46
2014-01-14,0.0,23.4,50.85,2.3
2014-01-15,0.0,23.66,55.75,2.03
2014-01-16,0.0,23.87,58.4,1.8
2014-01-17,0.0,23.9,63.26,1.87
2014-01-18,0.0,24.4,59.0,1.16
2014-01-19,0.0,23.98,53.09,3.14
2014-01-20,0.0,23.89,54.1,3.84
2014-01-21,0.0,23.6,50.12,3.76
2014-01-22,0.0,23.92,54.16,2.68
2014-01-23,0.0,23.87,50.53,2.63
2014-01-24,0.0,23.81,51.52,2.05
2014-01-25,0.0,24.43,49.75,3.46
2014-01-26,0.0,23.81,53.29,3.82
2014-01-27,0.0,23.29,54.29,4.26
2014-01-28,0.0,23.11,56.16,3.24
2014-01-29,0.0,23.74,51.97,2.97
2014-01-30,0.0,23.58,48.67,3.23
2014-01-31,0.0,23.34,47.36,3.31
2014-02-01,0.0,23.34,47.38,3.4
2014-02-02,0.0,24.27,51.1,3.66
2014-02-03,0.0,25.07,44.35,2.63
2014-02-04,0.0,24.47,37.07,1.75
2014-02-05,0.0,24.63,35.78,1.07
2014-02-06,0.0,24.68,31.97,1.96
2014-02-07,0.0,24.53,32.37,1.69
2014-02-08,0.0,24.06,46.31,1.93
2014-02-09,0.0,24.19,56.33,1.48
2014-02-10,0.0,23.61,46.38,2.5
2014-02-11,0.0,23.38,36.11,1.16
2014-02-12,0.0,23.56,53.49,2.32
2014-02-13,0.0,23.08,66.47,2.3
2014-02-14,0.0,23.41,65.98,2.7
2014-02-15,0.0,22.76,62.26,2.52
2014-02-16,0.0,22.65,62.31,2.67
2014-02-17,0.0,24.2,49.52,1.16
2014-02-18,0.0,26.66,48.04,2.89
2014-02-19,0.0,26.44,54.1,2.35
2014-02-20,0.0,26.02,57.88,2.29
2014-02-21,0.0,26.0,62.3,1.87
2014-02-22,0.0,26.16,59.52,1.61
2014-02-23,0.0,27.09,48.74,2.41
2014-02-24,0.0,26.12,30.91,3.82
2014-02-25,0.0,26.83,39.38,2.72
2014-02-26,0.82,27.25,50.43,2.27
2014-02-27,1.93,26.55,60.07,2.25
2014-02-28,0.14,26.26,59.43,2.87
2014-03-01,0.01,26.08,53.31,2.56
2014-03-02,0.0,24.46,43.87,2.11
2014-03-03,0.51,25.37,52.28,2.41
2014-03-04,0.29,25.18,60.89,2.35
2014-03-05,0.49,25.39,56.98,2.01
2014-03-06,0.16,25.53,52.19,1.82
2014-03-07,1.9,25.74,54.49,2.66
2014-03-08,4.12,26.69,50.41,2.55
2014-03-09,0.05,26.47,54.65,2.05
2014-03-10,0.0,27.6,52.8,0.53
2014-03-11,0.54,28.09,44.76,1.51
2014-03-12,0.0,27.16,40.66,2.76
2014-03-13,0.0,27.34,33.51,3.66
2014-03-14,0.0,27.78,32.27,3.77
2014-03-15,0.0,27.68,28.35,3.01
2014-03-16,0.0,28.0,28.3,3.5
2014-03-17,0.0,28.32,30.89,2.78
2014-03-18,0.0,28.81,24.9,3.02
2014-03-19,0.0,28.77,25.83,3.14
2014-03-20,0.0,29.37,28.46,1.88
2014-03-21,0.0,29.91,40.09,1.19
2014-03-22,0.0,30.67,35.49,1.64
2014-03-23,0.0,29.99,40.76,2.36
2014-03-24,0.0,29.82,42.91,1.46
2014-03-25,0.0,29.51,37.44,1.14
2014-03-26,0.0,30.31,26.18,2.8
2014-03-27,0.0,29.64,35.24,2.25
2014-03-28,0.0,29.51,36.91,1.9
2014-03-29,0.0,30.44,21.23,2.38
2014-03-30,0.0,30.46,39.42,1.79
2014-03-31,0.0,29.65,53.94,2.44
2014-04-01,0.24,30.09,53.08,2.37
2014-04-02,0.24,30.83,38.8,1.86
2014-04-03,0.93,31.97,31.87,2.21
2014-04-04,0.03,31.62,26.83,2.36
2014-04-05,0.0,30.91,24.45,2.09
2014-04-06,0.0,30.63,35.65,1.87
2014-04-07,0.0,29.92,52.47,2.46
2014-04-08,0.42,29.42,54.09,2.47
2014-04-09,1.48,29.13,48.4,2.86
2014-04-10,0.19,30.51,43.4,2.03
2014-04-11,0.56,30.11,48.52,2.09
2014-04-12,0.04,30.57,32.79,2.96
2014-04-13,0.12,29.75,40.05,2.03
2014-04-14,8.13,29.28,48.14,1.56
2014-04-15,1.26,28.9,55.43,1.22
2014-04-16,0.02,29.48,53.01,1.72
2014-04-17,7.34,28.82,60.12,2.0
2014-04-18,0.73,28.12,62.63,2.04
2014-04-19,0.08,28.6,58.35,1.38
2014-04-20,0.01,29.19,49.39,1.56
2014-04-21,0.0,27.95,54.44,1.11
2014-04-22,0.0,29.61,39.84,1.49
2014-04-23,0.0,30.12,36.12,1.8
2014-04-24,0.0,30.68,52.48,1.81
2014-04-25,0.21,30.75,52.64,1.94
2014-04-26,1.14,29.74,57.98,1.83
2014-04-27,1.35,30.94,50.93,1.7
2014-04-28,0.29,28.87,60.89,2.5
2014-04-29,2.04,29.13,58.94,1.68
2014-04-30,1.65,28.35,64.53,1.67
2014-05-01,9.28,27.98,66.62,1.86
2014-05-02,2.16,28.98,64.42,1.96
2014-05-03,6.39,29.04,63.97,1.41
2014-05-04,1.25,29.47,61.99,1.8
2014-05-05,5.0,29.06,60.84,1.1
2014-05-06,2.9,29.14,60.78,2.14
2014-05-07,9.01,27.34,66.54,2.95
2014-05-08,46.4,24.85,79.42,3.18
2014-05-09,6.53,25.23,78.21,4.76
2014-05-10,0.04,26.26,75.96,3.21
2014-05-11,0.0,26.91,67.09,2.37
2014-05-12,0.0,26.9,62.61,2.25
2014-05-13,0.0,27.1,62.95,2.59
2014-05-14,0.0,27.24,63.54,3.19
2014-05-15,0.0,26.97,64.93,3.18
2014-05-16,0.02,27.63,63.93,2.9
2014-05-17,0.04,28.27,65.06,2.55
2014-05-18,0.04,29.18,62.55,2.04
2014-05-19,13.93,28.21,71.57,1.95
2014-05-20,4.08,25.75,80.64,2.42
2014-05-21,6.3,24.39,79.68,2.52
2014-05-22,1.16,25.78,80.69,3.46
2014-05-23,0.0,28.09,67.54,3.57
2014-05-24,0.0,27.43,68.85,3.82
2014-05-25,0.0,28.36,66.08,4.07
2014-05-26,2.25,28.13,68.4,3.29
2014-05-27,3.38,27.59,70.01,2.91
2014-05-28,13.78,27.63,74.43,1.88
2014-05-29,8.5,26.71,79.33,3.13
2014-05-30,4.74,27.66,73.25,3.16
2014-05-31,0.51,28.28,70.15,3.28
2014-06-01,0.01,28.71,65.51,3.22
2014-06-02,14.95,27.96,71.72,3.16
2014-06-03,10.99,26.85,76.97,2.09
2014-06-04,4.41,26.83,78.71,2.7
2014-06-05,4.17,26.09,83.53,2.78
2014-06-06,8.6,26.32,83.22,3.59
2014-06-07,1.55,25.81,85.87,3.34
2014-06-08,1.74,26.24,79.7,3.85
2014-06-09,3.78,25.41,79.71,4.81
2014-06-10,8.06,25.49,83.19,4.6
2014-06-11,14.64,25.31,82.72,4.46
2014-06-12,14.48,25.35,81.47,4.64
2014-06-13,13.79,24.85,80.88,4.48
2014-06-14,15.7,25.12,82.59,4.11
2014-06-15,3.01,24.86,82.09,4.69
2014-06-16,19.66,25.14,83.69,4.77
2014-06-17,11.67,25.31,83.51,4.52
2014-06-18,9.62,24.64,86.99,5.3
2014-06-19,13.5,24.85,85.37,5.45
2014-06-20,17.71,24.71,86.24,5.38
2014-06-21,12.51,24.5,87.98,5.39
2014-06-22,6.74,24.26,88.86,5.33
2014-06-23,1.27,24.64,86.47,4.37
2014-06-24,0.51,25.07,81.5,4.32
2014-06-25,0.02,25.22,78.75,4.41
2014-06-26,0.0,25.58,76.93,3.43
2014-06-27,0.0,25.93,79.23,2.92
2014-06-28,0.01,25.04,83.65,2.56
2014-06-29,0.05,25.36,80.78,3.19
2014-06-30,1.11,25.88,78.8,3.59
2014-07-01,8.24,25.56,79.88,3.76
2014-07-02,4.41,24.94,80.76,3.8
2014-07-03,2.4,24.97,80.15,4.03
2014-07-04,5.92,24.73,82.68,3.53
2014-07-05,9.87,23.94,86.31,3.54
2014-07-06,8.1,23.27,85.55,3.96
2014-07-07,8.21,22.26,85.11,3.58
2014-07-08,11.22,23.65,80.26,4.58
2014-07-09,26.85,22.64,86.9,4.23
2014-07-10,21.41,23.41,84.46,4.88
2014-07-11,14.56,23.82,86.37,5.2
2014-07-12,33.21,24.23,86.84,5.87
2014-07-13,33.02,24.34,86.51,6.37
2014-07-14,19.72,24.25,86.37,6.16
2014-07-15,26.06,23.5,90.79,5.82
2014-07-16,11.15,23.8,87.92,6.41
2014-07-17,4.25,24.04,86.93,6.05
2014-07-18,10.87,23.62,88.44,5.81
2014-07-19,11.08,24.01,86.78,6.74
2014-07-20,11.88,23.4,89.74,5.95
2014-07-21,14.08,23.15,89.46,5.77
2014-07-22,13.82,23.38,89.09,5.96
2014-07-23,22.29,23.28,89.43,6.82
2014-07-24,16.45,23.72,88.7,6.17
2014-07-25,15.38,24.03,87.52,5.25
2014-07-26,9.56,23.95,87.89,4.65
2014-07-27,7.58,23.92,87.97,4.53
2014-07-28,6.17,23.44,89.17,5.36
2014-07-29,6.27,23.41,88.29,5.48
2014-07-30,39.9,23.01,91.47,5.53
2014-07-31,30.85,23.69,91.64,5.51
2014-08-01,17.49,24.05,89.69,5.56
2014-08-02,15.54,23.76,90.09,5.38
2014-08-03,11.16,23.73,90.27,5.67
2014-08-04,17.86,23.65,90.16,5.77
2014-08-05,30.51,23.2,89.95,5.73
2014-08-06,34.33,23.38,89.56,5.15
2014-08-07,20.27,23.49,89.87,4.47
2014-08-08,15.28,23.55,88.76,4.45
2014-08-09,15.99,23.27,90.01,4.45
2014-08-10,17.71,23.15,90.14,4.3
2014-08-11,11.35,23.5,89.4,3.97
2014-08-12,7.58,23.07,89.31,3.88
2014-08-13,8.78,22.61,89.85,3.78
2014-08-14,3.2,22.79,90.7,3.86
2014-08-15,4.39,22.56,90.44,3.96
2014-08-16,8.62,22.73,90.31,3.15
2014-08-17,4.93,23.43,88.7,3.13
2014-08-18,33.41,23.46,89.58,2.31
2014-08-19,11.89,23.5,90.57,2.14
2014-08-20,8.7,24.07,89.76,2.17
2014-08-21,24.68,25.27,85.13,0.97
2014-08-22,13.48,25.62,83.22,2.75
2014-08-23,9.4,25.43,82.65,2.25
2014-08-24,13.96,24.05,90.63,3.36
2014-08-25,35.88,23.31,92.2,3.82
2014-08-26,27.72,22.91,92.68,4.06
2014-08-27,16.43,22.7,93.67,3.38
2014-08-28,40.33,22.06,91.08,3.75
2014-08-29,29.14,22.26,90.58,4.28
2014-08-30,16.78,21.57,92.1,5.12
2014-08-31,12.59,21.81,89.83,5.38
2014-09-01,8.36,22.29,89.47,4.75
2014-09-02,9.71,23.57,89.79,4.41
2014-09-03,12.01,23.56,90.15,4.46
2014-09-04,15.0,23.33,89.98,4.55
2014-09-05,8.25,23.03,90.55,4.46
2014-09-06,8.26,22.69,92.33,3.94
2014-09-07,2.78,22.36,90.48,3.69
2014-09-08,2.86,23.09,89.02,4.22
2014-09-09,2.42,22.99,88.5,4.02
2014-09-10,1.52,23.18,87.76,3.57
2014-09-11,1.73,23.18,87.89,2.97
2014-09-12,1.73,23.29,88.13,3.14
2014-09-13,3.18,23.08,90.82,2.66
2014-09-14,5.63,23.64,89.0,2.89
2014-09-15,4.27,22.74,90.99,2.8
2014-09-16,3.45,22.93,88.73,3.16
2014-09-17,1.57,23.03,88.49,2.94
2014-09-18,3.63,22.87,89.47,2.33
2014-09-19,2.44,22.93,89.05,3.05
2014-09-20,0.61,23.25,88.94,3.01
2014-09-21,0.26,22.86,87.6,2.16
2014-09-22,0.01,23.86,87.85,1.73
2014-09-23,1.09,24.76,87.27,1.24
2014-09-24,7.32,24.98,87.04,1.16
2014-09-25,9.59,25.1,84.32,1.14
2014-09-26,12.67,24.14,88.29,2.2
2014-09-27,1.9,24.34,86.4,2.48
2014-09-28,2.25,24.56,83.85,2.51
2014-09-29,4.26,24.7,83.48,1.93
2014-09-30,14.45,24.45,86.09,1.96
2014-10-01,3.28,24.45,83.65,1.88
2014-10-02,0.24,24.35,77.59,1.55
2014-10-03,1.38,24.75,78.13,1.15
2014-10-04,0.19,24.63,79.9,0.89
2014-10-05,5.69,24.4,83.73,0.81
2014-10-06,2.46,23.77,88.95,1.23
2014-10-07,12.22,23.75,85.96,1.3
2014-10-08,3.66,23.81,85.93,1.18
2014-10-09,0.53,24.43,83.82,0.94
2014-10-10,3.69,25.05,84.97,1.13
2014-10-11,4.12,25.29,85.65,1.57
2014-10-12,1.25,24.65,81.47,1.97
2014-10-13,0.0,23.1,84.77,1.59
2014-10-14,0.0,24.58,76.63,0.75
2014-10-15,0.01,24.28,78.47,2.28
2014-10-16,0.0,24.66,82.28,2.22
2014-10-17,0.3,24.11,74.9,2.18
2014-10-18,0.57,23.71,78.23,2.33
2014-10-19,0.96,23.73,77.82,2.5
2014-10-20,1.27,23.18,79.07,3.1
2014-10-21,0.08,23.1,72.67,3.2
2014-10-22,0.01,23.44,73.49,2.8
2014-10-23,2.81,22.96,74.43,2.25
2014-10-24,8.8,23.35,82.17,1.99
2014-10-25,33.2,22.38,91.34,1.86
2014-10-26,43.54,22.01,89.38,1.68
2014-10-27,4.4,22.37,88.11,1.45
2014-10-28,0.9,22.81,84.9,1.67
2014-10-29,0.0,22.01,80.4,1.98
2014-10-30,0.0,20.52,76.86,2.4
2014-10-31,0.0,20.12,76.91,2.04
2014-11-01,0.0,21.08,78.13,2.19
2014-11-02,0.19,22.73,79.38,1.87
2014-11-03,0.01,22.01,75.8,2.15
2014-11-04,0.0,22.78,65.46,1.26
2014-11-05,0.0,22.76,58.53,1.1
2014-11-06,0.0,23.05,61.09,1.0
2014-11-07,0.0,23.34,63.05,1.29
2014-11-08,0.0,22.29,68.95,1.98
2014-11-09,0.0,23.03,61.94,1.36
2014-11-10,0.04,22.97,80.31,1.22
2014-11-11,0.03,24.26,78.8,1.56
2014-11-12,0.18,23.63,75.47,2.79
2014-11-13,12.71,22.34,82.64,3.99
2014-11-14,8.57,21.76,89.93,3.13
2014-11-15,6.22,23.08,83.69,2.48
2014-11-16,0.0,21.74,77.01,2.78
2014-11-17,0.0,21.34,77.25,2.86
2014-11-18,0.0,21.51,76.46,3.31
2014-11-19,0.0,21.74,75.25,2.69
2014-11-20,0.0,21.91,80.55,2.56
2014-11-21,0.0,21.9,73.64,2.23
2014-11-22,0.0,21.64,72.5,1.9
2014-11-23,0.11,21.24,72.84,2.57
2014-11-24,0.0,20.65,72.15,3.01
2014-11-25,0.0,20.61,73.84,2.86
2014-11-26,0.0,20.01,69.92,2.82
2014-11-27,0.0,19.68,67.44,2.27
2014-11-28,0.0,19.49,63.05,2.25
2014-11-29,0.0,19.19,66.67,2.2
2014-11-30,0.0,20.01,62.84,2.71
2014-12-01,0.0,20.66,61.4,3.09
2014-12-02,0.0,21.61,65.66,2.5
2014-12-03,0.0,21.33,61.99,1.77
2014-12-04,0.0,20.45,60.66,2.02
2014-12-05,0.0,19.79,61.4,2.42
2014-12-06,0.0,19.99,68.6,2.58
2014-12-07,0.0,22.17,66.43,1.7
2014-12-08,0.0,23.1,65.33,1.71
2014-12-09,0.17,23.86,68.75,1.64
2014-12-10,0.22,23.52,70.28,2.56
2014-12-11,1.75,21.88,80.79,2.03
2014-12-12,7.47,22.0,82.09,2.36
2014-12-13,1.52,21.69,75.62,2.18
2014-12-14,0.56,22.26,78.92,1.43
2014-12-15,0.65,23.41,73.71,1.88
2014-12-16,0.14,22.98,71.54,3.55
2014-12-17,0.0,22.41,75.67,3.28
2014-12-18,0.0,22.5,74.82,3.91
2014-12-19,0.0,22.39,73.09,3.94
2014-12-20,0.0,21.04,68.43,2.63
2014-12-21,0.0,21.16,62.98,2.35
2014-12-22,0.0,20.49,60.99,2.91
2014-12-23,0.0,20.97,66.84,2.57
2014-12-24,0.0,21.33,64.85,2.65
2014-12-25,0.0,20.68,61.4,2.21
2014-12-26,0.0,19.53,58.19,2.56
2014-12-27,0.0,19.58,58.32,2.54
2014-12-28,0.0,20.76,69.01,2.99
2014-12-29,0.0,23.08,70.13,2.02
2014-12-30,0.0,23.26,71.5,1.7
2014-12-31,0.01,23.26,76.04,1.65
2015-01-01,0.24,22.28,77.99,2.45
2015-01-02,0.07,21.66,76.59,2.27
2015-01-03,0.0,21.59,74.58,1.83
2015-01-04,0.0,22.31,68.38,1.18
2015-01-05,0.0,23.07,64.89,2.4
2015-01-06,0.0,22.7,59.71,1.64
2015-01-07,0.0,22.47,59.33,0.95
2015-01-08,0.0,22.39,64.99,0.77
2015-01-09,0.0,21.58,55.4,2.18
2015-01-10,0.0,19.99,38.55,2.47
2015-01-11,0.0,18.68,36.02,2.86
2015-01-12,0.0,18.89,43.2,2.59
2015-01-13,0.0,19.47,42.19,2.35
2015-01-14,0.0,20.14,40.93,1.89
2015-01-15,0.0,20.05,47.55,2.29
2015-01-16,0.0,20.85,52.77,2.37
2015-01-17,0.0,22.04,51.76,1.96
2015-01-18,0.0,22.62,49.4,1.55
2015-01-19,0.0,22.78,51.62,1.49
2015-01-20,0.0,22.48,58.2,2.01
2015-01-21,0.0,22.79,58.59,1.89
2015-01-22,0.0,22.08,52.75,1.97
2015-01-23,0.0,22.05,50.44,2.33
2015-01-24,0.0,21.77,55.12,2.5
2015-01-25,0.0,22.75,45.7,3.15
2015-01-26,0.0,22.32,44.39,3.45
2015-01-27,0.0,22.13,48.99,2.97
2015-01-28,0.0,23.01,53.44,2.21
2015-01-29,0.0,23.6,52.18,1.59
2015-01-30,0.0,24.21,47.88,2.76
2015-01-31,0.0,23.67,45.53,3.08
2015-02-01,0.0,23.46,44.65,2.36
2015-02-02,0.0,23.13,44.83,3.49
2015-02-03,0.0,22.92,46.84,3.73
2015-02-04,0.0,21.59,44.78,3.88
2015-02-05,0.0,22.43,35.79,3.3
2015-02-06,0.0,22.46,37.82,2.32
2015-02-07,0.0,23.19,43.14,2.25
2015-02-08,0.0,22.65,42.84,1.33
2015-02-09,0.0,23.11,43.77,2.5
2015-02-10,0.0,23.37,37.19,3.16
2015-02-11,0.0,22.89,43.66,3.0
2015-02-12,0.0,24.04,37.13,2.28
2015-02-13,0.0,24.22,35.1,1.55
2015-02-14,0.0,24.53,44.43,1.2
2015-02-15,0.0,25.77,32.13,1.14
2015-02-16,0.0,25.66,32.97,1.61
2015-02-17,0.0,25.23,35.51,1.27
2015-02-18,0.0,25.59,45.67,1.57
2015-02-19,0.0,25.72,56.25,1.74
2015-02-20,0.0,25.79,48.71,1.52
2015-02-21,0.0,25.11,34.27,3.21
2015-02-22,0.0,25.18,32.8,3.48
2015-02-23,0.0,25.63,28.65,2.87
2015-02-24,0.0,24.83,25.13,2.73
2015-02-25,0.0,24.47,27.86,1.83
2015-02-26,0.0,25.38,57.41,1.81
2015-02-27,0.0,25.78,56.06,1.93
2015-02-28,0.6,25.11,55.83,2.18
2015-03-01,1.34,24.83,66.17,3.16
2015-03-02,6.43,24.49,70.99,2.91
2015-03-03,0.44,24.12,64.26,2.64
2015-03-04,0.16,23.47,63.55,2.5
2015-03-05,0.0,25.23,59.62,2.15
2015-03-06,0.03,26.92,55.1,1.38
2015-03-07,0.24,27.94,51.02,0.91
2015-03-08,2.97,27.25,57.06,1.82
2015-03-09,8.82,26.13,68.71,1.22
2015-03-10,0.04,26.32,56.66,2.51
2015-03-11,0.0,25.21,42.71,3.31
2015-03-12,0.0,26.13,44.14,3.32
2015-03-13,0.0,27.45,40.28,2.52
2015-03-14,0.0,27.08,44.24,2.0
2015-03-15,0.0,27.46,61.3,1.81
2015-03-16,0.0,28.2,57.95,1.68
2015-03-17,0.0,29.01,51.11,0.99
2015-03-18,0.0,28.98,46.92,1.09
2015-03-19,0.0,28.52,46.17,1.07
2015-03-20,0.0,28.07,31.05,2.42
2015-03-21,0.0,28.36,25.53,2.61
2015-03-22,0.0,28.65,27.43,1.71
2015-03-23,0.03,29.17,39.82,1.34
2015-03-24,0.03,30.15,45.74,1.97
2015-03-25,0.02,30.46,31.27,2.5
2015-03-26,0.01,29.45,34.44,2.8
2015-03-27,0.0,29.09,30.1,3.06
2015-03-28,0.0,28.83,29.83,1.95
2015-03-29,0.32,29.39,40.84,1.67
2015-03-30,0.45,28.26,52.85,1.47
2015-03-31,1.75,27.35,60.53,1.15
2015-04-01,0.51,29.41,52.34,1.61
2015-04-02,0.04,29.54,48.67,2.85
2015-04-03,0.0,29.24,50.38,2.73
2015-04-04,0.0,29.61,46.58,2.82
2015-04-05,0.0,30.24,34.63,1.72
2015-04-06,0.0,29.83,46.65,2.46
2015-04-07,0.01,29.72,48.68,2.36
2015-04-08,0.0,29.87,48.82,1.98
2015-04-09,0.02,28.72,54.02,2.56
2015-04-10,3.62,28.43,56.28,2.76
2015-04-11,1.21,25.79,61.89,1.77
2015-04-12,5.62,26.82,61.73,1.43
2015-04-13,3.86,25.92,67.9,1.12
2015-04-14,0.63,26.7,59.12,1.03
2015-04-15,0.06,27.29,56.41,1.53
2015-04-16,0.01,28.34,51.63,1.59
2015-04-17,0.02,28.93,50.72,1.3
2015-04-18,0.01,29.58,48.26,1.72
2015-04-19,0.0,30.4,44.63,2.13
2015-04-20,0.0,30.91,44.86,2.28
2015-04-21,0.13,31.14,46.54,1.74
2015-04-22,1.55,29.99,57.1,2.7
2015-04-23,8.75,27.95,68.09,2.75
2015-04-24,4.46,26.87,71.52,1.56
2015-04-25,3.08,25.94,73.03,2.1
2015-04-26,0.58,28.4,59.17,1.3
2015-04-27,0.75,28.94,55.49,1.45
2015-04-28,0.02,29.55,55.03,1.63
2015-04-29,0.64,30.01,54.99,2.52
2015-04-30,0.25,29.55,55.18,2.87
2015-05-01,0.01,30.03,54.42,2.95
2015-05-02,0.43,29.56,56.64,3.27
2015-05-03,0.08,29.66,53.65,3.25
2015-05-04,3.68,30.22,52.96,1.84
2015-05-05,3.97,28.89,62.27,1.57
2015-05-06,0.49,29.32,60.46,2.01
2015-05-07,5.32,27.73,67.93,2.21
2015-05-08,6.71,27.26,72.5,2.05
2015-05-09,0.11,27.52,71.38,2.76
2015-05-10,0.23,26.39,74.9,1.72
2015-05-11,1.27,26.44,75.95,2.13
2015-05-12,5.58,26.39,74.67,1.27
2015-05-13,20.23,25.26,82.11,2.09
2015-05-14,0.24,28.16,61.1,2.15
2015-05-15,1.15,26.98,64.82,1.53
2015-05-16,8.2,28.2,67.53,1.41
2015-05-17,7.11,27.53,72.95,1.75
2015-05-18,2.88,26.64,76.25,3.35
2015-05-19,0.49,26.32,78.08,3.8
2015-05-20,0.06,27.66,69.57,4.15
2015-05-21,0.0,27.35,73.06,4.34
2015-05-22,0.0,25.24,70.18,4.16
2015-05-23,0.0,26.26,69.22,4.34
2015-05-24,0.0,27.2,73.56,4.04
2015-05-25,0.0,27.89,69.88,4.4
2015-05-26,0.0,28.39,67.42,4.26
2015-05-27,1.36,27.96,69.08,4.4
2015-05-28,1.33,26.72,74.65,3.04
2015-05-29,22.35,26.29,78.53,3.3
2015-05-30,12.76,26.71,76.59,2.28
2015-05-31,12.86,24.91,85.01,2.61
2015-06-01,5.43,25.89,80.16,3.16
2015-06-02,3.13,25.43,80.84,3.36
2015-06-03,0.53,26.55,74.38,2.73
2015-06-04,8.16,26.47,77.57,1.51
2015-06-05,3.52,25.61,80.79,1.99
2015-06-06,0.02,26.82,72.52,2.36
2015-06-07,1.15,26.41,75.0,3.74
2015-06-08,5.22,25.4,76.17,3.56
2015-06-09,5.75,24.31,83.58,2.95
2015-06-10,2.68,25.19,78.74,3.76
2015-06-11,3.67,25.34,80.84,4.12
2015-06-12,3.21,23.99,83.84,4.34
2015-06-13,5.58,24.2,80.44,4.55
2015-06-14,8.54,23.57,79.87,4.56
2015-06-15,6.72,23.57,79.98,4.53
2015-06-16,5.68,22.94,83.5,4.7
2015-06-17,7.43,23.7,79.68,5.14
2015-06-18,6.34,23.23,83.72,5.84
2015-06-19,7.01,23.96,84.74,5.47
2015-06-20,9.99,24.69,82.44,6.92
2015-06-21,8.67,24.46,83.72,7.73
2015-06-22,10.62,24.7,85.27,7.25
2015-06-23,2.15,25.63,80.41,7.85
2015-06-24,4.46,25.06,82.01,7.04
2015-06-25,4.99,25.48,81.02,7.1
2015-06-26,3.02,25.14,82.93,7.32
2015-06-27,0.45,25.3,80.74,6.92
2015-06-28,0.29,25.08,81.75,5.08
2015-06-29,0.47,25.21,81.07,4.27
2015-06-30,2.05,25.11,81.25,4.28
2015-07-01,5.11,24.66,81.62,4.05
2015-07-02,3.48,25.45,79.12,3.91
2015-07-03,1.34,24.95,82.02,4.19
2015-07-04,0.34,25.17,80.27,4.54
2015-07-05,0.08,25.6,77.86,4.55
2015-07-06,0.05,24.73,79.57,5.47
2015-07-07,0.37,24.95,78.7,5.65
2015-07-08,1.78,24.97,81.16,5.48
2015-07-09,13.1,25.11,82.54,5.65
2015-07-10,7.85,25.08,81.94,6.15
2015-07-11,2.3,24.63,81.36,5.9
2015-07-12,2.11,25.09,80.78,5.11
2015-07-13,1.66,25.64,78.37,4.16
2015-07-14,1.5,25.29,80.6,3.62
2015-07-15,1.9,25.24,81.28,4.33
2015-07-16,1.57,24.89,80.94,5.44
2015-07-17,1.32,25.35,78.75,6.24
2015-07-18,4.53,24.46,84.43,5.9
2015-07-19,9.86,24.65,82.28,7.15
2015-07-20,5.66,24.22,85.16,5.74
2015-07-21,4.28,24.83,81.84,5.27
2015-07-22,4.88,25.02,81.7,5.05
2015-07-23,4.49,24.97,82.24,5.26
2015-07-24,3.06,24.65,80.52,5.22
2015-07-25,4.53,23.11,82.22,5.0
2015-07-26,5.57,23.41,82.92,4.7
2015-07-27,3.64,23.87,80.75,4.76
2015-07-28,1.31,23.57,83.02,4.24
2015-07-29,0.81,24.57,79.77,4.59
2015-07-30,1.26,24.42,79.16,4.5
2015-07-31,5.1,24.28,81.07,4.46
2015-08-01,2.33,23.97,81.53,4.44
2015-08-02,1.42,24.48,81.11,4.2
2015-08-03,2.76,24.2,82.52,4.17
2015-08-04,3.73,24.31,82.43,4.98
2015-08-05,6.68,24.44,81.82,5.14
2015-08-06,3.2,24.35,82.41,5.09
2015-08-07,2.46,24.46,82.0,5.1
2015-08-08,1.62,24.07,83.55,4.68
2015-08-09,5.85,25.13,80.84,4.84
2015-08-10,8.15,24.47,83.36,4.52
2015-08-11,3.83,23.77,84.9,4.31
2015-08-12,2.69,24.08,83.55,4.4
2015-08-13,7.82,24.3,84.54,4.64
2015-08-14,4.32,24.75,81.73,4.51
2015-08-15,6.97,24.94,81.17,4.03
2015-08-16,2.16,24.76,82.05,3.88
2015-08-17,20.81,24.62,83.0,2.64
2015-08-18,4.41,25.47,81.94,1.29
2015-08-19,5.41,26.38,79.82,1.72
2015-08-20,15.24,24.29,86.58,3.09
2015-08-21,6.37,24.56,84.15,2.78
2015-08-22,1.59,24.09,82.52,3.7
2015-08-23,14.26,24.16,82.95,3.87
2015-08-24,5.05,24.18,83.32,3.59
2015-08-25,1.24,24.28,81.9,3.61
2015-08-26,5.39,24.42,82.62,4.04
2015-08-27,7.34,23.99,85.41,3.68
2015-08-28,3.42,24.18,84.12,3.88
2015-08-29,13.95,24.25,85.28,3.39
2015-08-30,14.22,24.36,84.64,3.35
2015-08-31,3.18,24.25,83.65,3.14
2015-09-01,0.06,24.31,81.96,2.96
2015-09-02,0.23,24.44,81.74,2.92
2015-09-03,2.44,25.07,78.8,2.02
2015-09-04,5.06,25.43,82.49,1.29
2015-09-05,2.57,25.91,80.06,1.07
2015-09-06,31.09,23.63,91.7,1.78
2015-09-07,11.28,22.81,90.09,2.38
2015-09-08,7.19,23.17,86.26,3.14
2015-09-09,2.39,22.58,88.21,1.93
2015-09-10,2.82,23.5,86.15,3.08
2015-09-11,7.38,23.04,88.95,3.75
2015-09-12,4.92,23.32,85.99,2.7
2015-09-13,8.57,23.68,86.02,2.9
2015-09-14,10.69,23.24,89.85,3.97
2015-09-15,8.34,22.65,88.76,3.63
2015-09-16,10.74,22.33,88.98,4.37
2015-09-17,4.49,23.04,89.71,3.58
2015-09-18,2.99,24.34,87.23,3.37
2015-09-19,0.6,24.65,84.98,2.95
2015-09-20,1.39,24.19,84.76,2.98
2015-09-21,0.37,23.81,84.18,2.46
2015-09-22,0.01,23.65,82.65,2.2
2015-09-23,0.01,25.05,76.97,1.32
2015-09-24,6.29,25.3,82.48,1.23
2015-09-25,3.78,25.01,84.46,2.16
2015-09-26,0.57,24.45,86.34,1.81
2015-09-27,5.66,23.96,88.91,1.43
2015-09-28,1.55,24.85,79.04,1.33
2015-09-29,0.42,24.8,73.83,2.0
2015-09-30,3.71,24.87,78.83,3.17
2015-10-01,6.12,24.8,83.0,1.82
2015-10-02,6.16,24.06,88.23,1.69
2015-10-03,5.45,24.05,88.26,1.86
2015-10-04,5.91,24.36,85.68,2.08
2015-10-05,18.35,24.33,86.81,0.97
2015-10-06,3.3,24.06,84.09,1.13
2015-10-07,4.4,24.51,83.76,0.87
2015-10-08,1.95,24.06,84.56,1.16
2015-10-09,0.32,24.57,83.48,1.39
2015-10-10,1.67,24.34,85.23,2.32
2015-10-11,4.52,24.6,84.74,1.59
2015-10-12,1.79,23.91,82.21,1.33
2015-10-13,0.26,24.74,73.97,1.58
2015-10-14,0.01,24.07,65.92,2.02
2015-10-15,0.0,24.42,63.86,1.35
2015-10-16,0.0,24.97,67.94,1.35
2015-10-17,0.0,25.15,71.35,1.91
2015-10-18,0.0,25.3,73.53,1.92
2015-10-19,0.0,25.66,69.97,1.93
2015-10-20,0.06,24.95,69.23,1.99
2015-10-21,0.0,24.52,66.29,2.36
2015-10-22,0.5,23.98,66.37,2.18
2015-10-23,0.0,24.18,62.72,2.1
2015-10-24,0.0,23.68,56.94,2.79
2015-10-25,0.0,23.62,62.12,3.08
2015-10-26,0.0,23.85,71.75,2.85
2015-10-27,0.0,24.11,70.08,2.27
2015-10-28,0.88,24.12,67.79,1.18
2015-10-29,0.66,25.29,74.1,0.91
2015-10-30,0.01,25.84,68.59,1.54
2015-10-31,0.22,25.69,72.9,2.01
2015-11-01,1.47,25.75,75.4,2.05
2015-11-02,9.71,23.19,87.01,1.18
2015-11-03,0.67,24.05,81.36,1.23
2015-11-04,0.61,24.56,80.57,1.69
2015-11-05,0.36,25.25,71.29,2.03
2015-11-06,0.02,24.65,68.53,1.97
2015-11-07,0.0,23.97,70.32,2.51
2015-11-08,0.0,24.61,69.97,2.94
2015-11-09,0.72,24.55,68.65,2.95
2015-11-10,0.99,22.18,77.59,2.43
2015-11-11,0.47,23.39,80.16,4.03
2015-11-12,0.32,25.13,76.77,2.96
2015-11-13,0.06,23.69,66.48,2.34
2015-11-14,0.0,21.73,59.99,2.5
2015-11-15,0.42,22.61,63.84,2.85
2015-11-16,1.59,22.39,73.41,2.95
2015-11-17,0.11,22.56,72.78,2.79
2015-11-18,0.26,24.05,74.4,3.55
2015-11-19,2.01,24.73,77.99,3.95
2015-11-20,7.73,24.52,77.35,3.37
2015-11-21,3.91,24.41,78.08,3.12
2015-11-22,3.19,24.12,79.05,3.29
2015-11-23,5.75,23.8,83.23,2.48
2015-11-24,1.94,23.68,79.35,2.83
2015-11-25,0.09,23.22,71.58,2.88
2015-11-26,0.0,22.3,62.0,1.98
2015-11-27,0.0,22.65,69.41,1.56
2015-11-28,0.0,22.6,63.03,2.16
2015-11-29,0.04,22.06,72.43,3.21
2015-11-30,0.42,24.06,76.4,2.93
2015-12-01,0.03,24.26,73.43,3.13
2015-12-02,1.91,23.66,75.96,3.09
2015-12-03,0.4,24.0,72.41,2.96
2015-12-04,0.0,23.06,66.12,3.37
2015-12-05,0.0,22.6,67.14,3.88
2015-12-06,0.0,22.68,67.59,3.93
2015-12-07,0.0,23.43,66.76,3.57
2015-12-08,0.0,22.77,65.04,3.12
2015-12-09,0.0,23.22,65.85,3.06
2015-12-10,0.0,25.7,70.14,2.11
2015-12-11,0.0,25.4,73.44,1.57
2015-12-12,0.0,26.65,66.01,1.1
2015-12-13,0.01,26.09,70.21,1.02
2015-12-14,0.01,26.31,66.79,0.81
2015-12-15,0.0,26.16,61.43,0.73
2015-12-16,0.0,25.34,56.41,0.92
2015-12-17,0.0,24.29,60.34,1.56
2015-12-18,0.0,24.92,64.89,0.79
2015-12-19,0.0,24.74,60.39,1.25
2015-12-20,0.0,24.21,60.4,1.61
2015-12-21,0.0,24.29,64.39,1.2
2015-12-22,0.0,24.93,63.2,0.77
2015-12-23,0.0,24.06,58.22,1.22
2015-12-24,0.0,23.79,53.65,1.57
2015-12-25,0.0,23.07,55.03,3.01
2015-12-26,0.0,21.74,56.36,3.53
2015-12-27,0.0,22.8,60.31,3.62
2015-12-28,0.0,21.98,55.74,3.58
2015-12-29,0.0,22.16,52.22,3.5
2015-12-30,0.0,22.35,49.96,3.51
2015-12-31,0.0,21.99,53.84,3.85
2016-01-01,0.0,22.01,56.75,4.17
2016-01-02,0.0,21.94,51.16,3.18
2016-01-03,0.0,22.15,44.5,2.75
2016-01-04,0.0,22.37,46.99,3.1
2016-01-05,0.0,22.08,51.06,2.6
2016-01-06,0.0,22.22,48.22,2.4
2016-01-07,0.0,21.66,50.45,2.75
2016-01-08,0.0,20.58,50.71,2.76
2016-01-09,0.0,22.02,43.09,2.77
2016-01-10,0.0,21.89,46.96,2.84
2016-01-11,0.0,22.34,42.85,3.0
2016-01-12,0.0,22.13,45.04,2.0
2016-01-13,0.0,22.4,51.29,1.58
2016-01-14,0.0,22.71,59.94,1.31
2016-01-15,0.0,22.59,60.12,1.58
2016-01-16,0.0,22.75,66.61,2.32
2016-01-17,0.0,22.81,66.41,1.43
2016-01-18,0.01,22.77,66.69,1.74
2016-01-19,1.05,23.65,68.61,1.69
2016-01-20,0.12,23.79,68.38,1.06
2016-01-21,0.01,24.93,61.33,1.47
2016-01-22,0.0,25.19,60.11,3.23
2016-01-23,0.0,25.03,60.7,3.43
2016-01-24,0.0,25.43,59.66,1.81
2016-01-25,0.0,25.82,56.65,1.78
2016-01-26,0.0,25.05,49.9,1.41
2016-01-27,0.0,25.22,51.88,0.71
2016-01-28,0.0,25.63,44.03,0.86
2016-01-29,0.0,25.54,39.96,1.73
2016-01-30,0.0,25.07,39.56,2.81
2016-01-31,0.0,25.35,34.76,2.89
2016-02-01,0.0,25.65,28.75,2.3
2016-02-02,0.0,26.21,29.08,2.2
2016-02-03,0.0,25.78,28.84,2.38
2016-02-04,0.0,26.05,30.32,1.86
2016-02-05,0.0,25.41,37.89,1.59
2016-02-06,0.0,24.68,55.31,2.63
2016-02-07,0.0,25.78,61.6,1.44
2016-02-08,0.0,27.27,51.7,1.22
2016-02-09,0.0,27.22,55.7,1.68
2016-02-10,0.0,26.78,58.63,2.11
2016-02-11,0.0,25.88,63.33,2.58
2016-02-12,0.0,25.91,62.41,2.29
2016-02-13,0.0,25.93,55.67,1.96
2016-02-14,0.0,26.76,46.79,1.35
2016-02-15,0.0,26.56,40.08,1.41
2016-02-16,0.0,26.83,44.67,1.49
2016-02-17,0.0,26.89,32.66,3.48
2016-02-18,0.0,27.4,42.11,3.91
2016-02-19,0.0,27.66,29.84,2.07
2016-02-20,0.0,28.45,35.06,1.71
2016-02-21,0.0,28.73,41.6,1.49
2016-02-22,0.0,29.39,45.34,1.12
2016-02-23,0.0,29.12,37.58,2.29
2016-02-24,0.0,28.44,59.64,3.03
2016-02-25,0.0,28.59,51.04,2.11
2016-02-26,0.0,29.95,41.61,1.06
2016-02-27,0.0,29.0,38.32,1.54
2016-02-28,0.0,29.22,37.46,1.36
2016-02-29,0.0,29.3,41.43,2.05
2016-03-01,0.0,27.46,43.0,1.94
2016-03-02,0.0,28.73,38.39,2.8
2016-03-03,0.0,28.67,34.43,3.48
2016-03-04,0.0,28.66,35.85,2.51
2016-03-05,0.0,29.3,28.81,2.39
2016-03-06,0.0,29.35,32.35,1.21
2016-03-07,0.0,29.46,37.05,1.46
2016-03-08,0.0,29.05,46.45,1.51
2016-03-09,0.0,28.81,45.54,1.12
2016-03-10,0.0,30.15,30.79,1.3
2016-03-11,0.0,29.68,47.67,1.11
2016-03-12,0.0,29.66,54.06,2.6
2016-03-13,0.0,29.1,50.54,3.2
2016-03-14,0.0,29.27,37.79,1.95
2016-03-15,0.0,28.03,41.4,2.82
2016-03-16,0.02,27.56,52.2,2.81
2016-03-17,0.0,28.55,51.26,2.79
2016-03-18,0.0,30.2,40.25,1.48
2016-03-19,0.0,30.11,48.04,2.14
2016-03-20,0.0,30.82,43.6,1.9
2016-03-21,0.0,31.09,38.11,2.13
2016-03-22,0.0,29.96,51.09,2.69
2016-03-23,0.0,30.33,43.48,1.62
2016-03-24,0.0,30.16,45.43,1.79
2016-03-25,0.0,30.83,43.14,1.79
2016-03-26,0.0,30.68,40.0,1.53
2016-03-27,0.0,29.97,49.59,2.33
2016-03-28,0.07,30.41,48.09,1.45
2016-03-29,0.04,30.28,51.03,1.85
2016-03-30,0.01,30.88,49.58,2.05
2016-03-31,0.51,30.54,48.81,2.63
2016-04-01,0.34,30.71,46.27,2.16
2016-04-02,0.09,31.2,46.5,2.52
2016-04-03,0.64,30.75,50.03,2.75
2016-04-04,0.02,31.44,45.81,1.62
2016-04-05,0.13,30.75,51.06,2.51
2016-04-06,0.18,30.63,52.97,2.55
2016-04-07,0.01,31.5,45.99,2.11
2016-04-08,0.0,31.63,47.34,2.33
2016-04-09,3.66,30.13,53.8,3.3
2016-04-10,1.4,29.93,53.61,2.63
2016-04-11,0.0,30.79,48.64,2.31
2016-04-12,0.0,31.59,50.0,2.43
2016-04-13,0.0,30.77,50.16,3.38
2016-04-14,0.0,31.41,45.41,2.28
2016-04-15,0.12,31.72,50.75,2.54
2016-04-16,1.47,31.28,52.2,3.61
2016-04-17,0.18,31.12,47.62,2.65
2016-04-18,0.0,32.06,44.21,1.68
2016-04-19,0.0,31.94,49.1,2.15
2016-04-20,0.0,31.86,51.1,2.78
2016-04-21,0.03,31.13,55.22,3.43
2016-04-22,0.0,30.93,52.56,4.08
2016-04-23,0.0,31.12,44.66,3.41
2016-04-24,0.0,31.1,43.75,3.27
2016-04-25,0.0,31.33,39.8,2.19
2016-04-26,0.0,31.78,43.05,2.23
2016-04-27,0.0,31.8,48.31,2.37
2016-04-28,0.02,30.86,50.7,2.83
2016-04-29,0.32,30.27,55.1,2.81
2016-04-30,0.07,31.33,46.37,1.38
2016-05-01,0.31,31.31,51.94,3.45
2016-05-02,0.06,31.63,47.54,2.87
2016-05-03,5.48,31.65,53.22,2.99
2016-05-04,8.4,29.77,57.99,2.25
2016-05-05,0.0,30.17,55.67,1.86
2016-05-06,3.26,29.66,56.4,2.24
2016-05-07,2.81,29.4,56.42,1.56
2016-05-08,0.01,29.67,50.1,2.16
2016-05-09,0.0,30.36,45.5,1.8
2016-05-10,0.3,31.22,47.63,2.41
2016-05-11,0.55,31.61,45.66,1.99
2016-05-12,3.4,30.01,55.99,2.65
2016-05-13,3.22,29.29,63.9,2.9
2016-05-14,2.0,30.84,60.43,2.58
2016-05-15,2.5,30.77,60.65,2.04
2016-05-16,4.52,30.05,62.37,2.04
2016-05-17,5.35,27.43,75.25,2.47
2016-05-18,2.32,27.36,73.65,4.17
2016-05-19,3.48,27.29,73.34,4.5
2016-05-20,4.31,26.95,74.35,4.83
2016-05-21,0.04,28.45,67.09,4.9
2016-05-22,0.0,28.82,65.61,4.55
2016-05-23,0.01,29.19,65.38,4.8
2016-05-24,0.01,29.47,63.29,4.7
2016-05-25,0.02,28.92,63.37,5.0
2016-05-26,0.4,28.05,68.22,4.29
2016-05-27,0.08,28.47,62.13,4.12
2016-05-28,4.31,28.15,66.0,3.57
2016-05-29,2.75,27.13,69.54,3.75
2016-05-30,8.47,27.28,73.01,3.93
2016-05-31,2.1,27.37,69.94,3.41
2016-06-01,2.32,27.77,70.74,3.24
2016-06-02,3.13,24.74,83.03,3.29
2016-06-03,2.95,26.73,75.64,2.59
2016-06-04,6.22,25.46,82.6,1.97
2016-06-05,3.14,26.51,75.92,2.81
2016-06-06,1.12,25.89,78.34,3.35
2016-06-07,1.99,25.88,79.43,3.28
2016-06-08,11.77,25.31,78.97,3.5
2016-06-09,6.9,24.61,79.15,3.08
2016-06-10,7.57,24.72,83.52,3.98
2016-06-11,3.2,24.82,77.06,4.15
2016-06-12,2.39,24.84,74.96,4.61
2016-06-13,5.9,24.07,75.3,4.93
2016-06-14,1.76,25.44,77.28,4.86
2016-06-15,1.28,25.27,77.82,4.85
2016-06-16,1.76,25.99,77.3,3.9
2016-06-17,3.47,26.12,75.65,4.06
2016-06-18,12.68,25.47,78.97,4.32
2016-06-19,2.52,24.65,77.91,4.48
2016-06-20,4.84,24.39,80.74,3.96
2016-06-21,6.05,23.53,85.18,4.14
2016-06-22,11.94,22.86,82.92,4.62
2016-06-23,5.15,22.99,83.23,5.46
2016-06-24,3.88,23.3,84.48,4.15
2016-06-25,5.91,23.18,82.01,5.32
2016-06-26,6.6,23.93,85.67,4.52
2016-06-27,8.4,24.56,83.28,5.04
2016-06-28,23.06,24.6,85.0,5.8
2016-06-29,19.41,24.11,87.16,6.07
2016-06-30,4.18,24.57,84.31,6.17
2016-07-01,4.61,24.63,83.11,6.35
2016-07-02,6.74,24.94,82.01,6.73
2016-07-03,7.12,24.87,81.4,6.72
2016-07-04,13.66,24.65,83.71,5.32
2016-07-05,9.64,24.17,87.04,5.04
2016-07-06,7.05,24.4,86.77,4.79
2016-07-07,1.88,24.74,83.97,5.01
2016-07-08,1.45,24.51,83.78,5.48
2016-07-09,2.85,24.32,85.76,6.75
2016-07-10,5.45,24.72,83.43,7.34
2016-07-11,2.37,24.75,82.36,7.18
2016-07-12,2.57,24.68,82.33,6.07
2016-07-13,2.31,24.66,82.19,5.65
2016-07-14,1.03,24.77,80.87,4.22
2016-07-15,0.98,24.86,80.84,3.56
2016-07-16,2.01,24.62,81.01,3.51
2016-07-17,2.59,23.95,83.61,2.92
2016-07-18,5.29,23.76,85.1,3.39
2016-07-19,1.99,23.36,84.2,3.79
2016-07-20,15.27,23.42,85.11,4.09
2016-07-21,10.99,23.4,85.92,4.55
2016-07-22,8.85,22.81,87.81,4.45
2016-07-23,14.16,23.22,87.3,3.98
2016-07-24,12.02,23.63,84.67,3.62
2016-07-25,2.95,23.76,82.54,3.0
2016-07-26,3.31,23.74,82.81,2.9
2016-07-27,9.53,23.06,88.11,2.62
2016-07-28,8.74,23.41,88.34,3.37
2016-07-29,5.18,22.47,88.83,3.46
2016-07-30,6.18,23.0,88.38,4.18
2016-07-31,2.6,22.6,86.93,4.64
2016-08-01,2.09,22.99,84.36,5.61
2016-08-02,1.24,23.5,85.27,5.99
2016-08-03,3.25,23.25,85.99,5.68
2016-08-04,5.89,23.39,86.85,5.79
2016-08-05,4.52,24.12,83.97,6.06
2016-08-06,4.23,24.15,83.42,5.96
2016-08-07,2.16,23.83,84.3,5.15
2016-08-08,1.77,23.89,84.04,4.61
2016-08-09,0.94,23.96,83.82,4.62
2016-08-10,1.15,23.81,83.47,4.74
2016-08-11,1.38,24.14,82.78,4.15
2016-08-12,1.61,24.36,83.01,4.36
2016-08-13,0.94,24.54,81.51,4.33
2016-08-14,0.99,24.14,81.77,4.59
2016-08-15,2.47,23.92,82.95,4.85
2016-08-16,2.44,24.12,82.37,5.34
2016-08-17,1.18,24.48,81.7,4.99
2016-08-18,1.21,24.42,81.34,4.26
2016-08-19,1.04,24.56,80.43,4.02
2016-08-20,0.31,24.65,79.36,3.26
2016-08-21,2.07,24.97,80.0,3.5
2016-08-22,2.46,24.96,79.46,3.8
2016-08-23,5.26,24.67,81.36,3.74
2016-08-24,3.38,23.92,85.13,3.42
2016-08-25,4.88,24.69,83.27,3.33
2016-08-26,0.93,24.15,82.12,3.34
2016-08-27,1.63,24.27,81.62,3.42
2016-08-28,3.55,23.57,85.13,3.37
2016-08-29,2.96,24.13,84.66,3.45
2016-08-30,6.12,23.33,88.42,3.3
2016-08-31,7.3,23.57,84.43,3.34
2016-09-01,2.27,23.56,82.07,3.63
2016-09-02,1.56,23.68,82.51,3.6
2016-09-03,1.32,23.4,82.61,3.23
2016-09-04,0.57,23.58,81.97,3.1
2016-09-05,0.18,24.03,79.6,3.42
2016-09-06,1.58,23.72,78.65,3.36
2016-09-07,2.46,23.42,79.44,3.21
2016-09-08,0.67,23.63,77.66,3.06
2016-09-09,0.09,24.26,75.31,3.02
2016-09-10,0.33,24.26,77.47,3.22
2016-09-11,0.34,24.09,78.8,2.93
2016-09-12,1.25,23.99,78.64,2.84
2016-09-13,3.85,24.08,80.47,2.85
2016-09-14,10.86,24.46,82.22,3.38
2016-09-15,4.72,23.19,85.97,3.25
2016-09-16,3.51,23.94,82.57,3.83
2016-09-17,2.49,23.77,82.69,4.37
2016-09-18,1.55,23.27,84.28,4.0
2016-09-19,1.04,24.05,81.35,3.6
2016-09-20,1.39,23.57,82.82,3.75
2016-09-21,7.76,23.19,84.61,3.74
2016-09-22,1.38,22.72,84.53,4.25
2016-09-23,6.4,22.6,89.17,3.92
2016-09-24,4.49,23.33,86.58,4.54
2016-09-25,7.44,23.21,84.95,3.59
2016-09-26,4.57,23.93,85.27,3.11
2016-09-27,1.01,24.5,83.85,2.96
2016-09-28,1.94,24.58,84.66,2.46
2016-09-29,0.58,24.94,81.09,2.83
2016-09-30,0.09,24.45,80.26,3.09
2016-10-01,0.0,23.96,79.73,3.1
2016-10-02,0.08,23.92,78.16,2.79
2016-10-03,0.02,24.0,78.37,2.72
2016-10-04,0.04,23.81,79.49,3.01
2016-10-05,0.3,22.73,83.29,2.82
2016-10-06,0.15,22.78,79.36,2.7
2016-10-07,0.65,23.55,78.31,2.59
2016-10-08,1.06,24.03,79.57,3.28
2016-10-09,3.59,23.91,81.38,3.52
2016-10-10,5.21,24.16,81.8,3.31
2016-10-11,17.96,23.72,88.7,2.11
2016-10-12,5.78,24.68,84.3,1.18
2016-10-13,3.3,25.22,78.06,1.82
2016-10-14,0.06,24.11,65.67,2.73
2016-10-15,0.0,23.14,64.0,1.84
2016-10-16,0.0,22.9,66.5,1.97
2016-10-17,0.0,23.09,68.4,1.6
2016-10-18,0.0,23.37,68.9,1.42
2016-10-19,0.0,23.33,70.22,1.31
2016-10-20,0.0,23.01,68.25,1.26
2016-10-21,0.0,22.89,67.75,1.37
2016-10-22,0.0,22.93,67.29,1.34
2016-10-23,0.0,22.89,64.15,1.63
2016-10-24,0.0,24.0,71.72,1.7
2016-10-25,0.0,24.11,69.71,1.12
2016-10-26,0.0,23.64,61.45,1.84
2016-10-27,0.0,23.49,60.19,2.23
2016-10-28,0.0,23.52,58.6,1.77
2016-10-29,0.0,24.1,65.15,1.11
2016-10-30,0.02,26.06,65.52,1.32
2016-10-31,0.03,26.76,62.37,2.59
2016-11-01,0.01,26.28,66.99,2.52
2016-11-02,0.03,25.83,64.13,2.34
2016-11-03,0.0,26.44,60.03,1.97
2016-11-04,0.0,24.59,64.59,1.88
2016-11-05,0.0,22.57,67.51,1.9
2016-11-06,0.0,22.27,68.92,1.57
2016-11-07,0.0,23.14,62.37,1.39
2016-11-08,0.0,22.16,41.18,2.38
2016-11-09,0.0,21.54,42.38,1.81
2016-11-10,0.0,21.65,40.45,1.55
2016-11-11,0.0,22.08,45.05,1.15
2016-11-12,0.0,23.88,46.68,1.28
2016-11-13,0.0,24.82,53.15,1.43
2016-11-14,0.53,26.11,62.72,1.69
2016-11-15,1.33,26.58,60.88,2.41
2016-11-16,0.13,26.14,58.79,2.98
2016-11-17,0.01,26.24,61.1,3.35
2016-11-18,0.0,25.54,59.6,3.01
2016-11-19,0.0,24.83,49.73,2.19
2016-11-20,0.0,24.41,48.34,1.68
2016-11-21,0.0,24.53,42.86,2.17
2016-11-22,0.0,23.65,43.9,1.65
2016-11-23,0.0,23.05,38.28,1.87
2016-11-24,0.0,22.81,37.15,2.16
2016-11-25,0.0,22.59,39.46,2.41
2016-11-26,0.0,22.66,37.05,1.95
2016-11-27,0.0,23.05,31.02,1.93
2016-11-28,0.0,23.55,26.86,2.06
2016-11-29,0.0,23.67,28.69,1.78
2016-11-30,0.0,23.35,35.44,2.08
2016-12-01,0.0,23.78,40.29,2.43
2016-12-02,2.3,24.53,56.89,3.01
2016-12-03,0.9,24.9,67.63,3.39
2016-12-04,0.86,24.88,67.29,2.97
2016-12-05,0.18,24.95,65.57,2.2
2016-12-06,0.0,23.58,55.98,2.87
2016-12-07,0.0,22.85,50.22,2.63
2016-12-08,0.0,23.67,51.88,1.68
2016-12-09,0.0,21.74,36.56,1.51
2016-12-10,0.0,20.45,34.78,1.62
2016-12-11,0.0,20.26,33.38,1.68
2016-12-12,0.36,22.72,41.73,2.44
2016-12-13,5.61,22.7,71.09,4.54
2016-12-14,2.11,23.24,78.18,3.1
2016-12-15,0.06,23.48,67.88,3.14
2016-12-16,0.0,23.58,69.61,2.94
2016-12-17,0.0,23.98,64.69,2.11
2016-12-18,0.0,23.15,55.48,2.09
2016-12-19,0.0,22.41,46.48,2.22
2016-12-20,0.0,21.61,41.79,2.54
2016-12-21,0.0,22.28,44.33,1.75
2016-12-22,0.0,22.27,34.75,2.02
2016-12-23,0.0,22.43,26.77,1.77
2016-12-24,0.0,21.64,29.63,2.07
2016-12-25,0.0,21.87,37.6,1.27
2016-12-26,0.0,22.32,36.12,2.05
2016-12-27,0.0,22.04,39.06,2.91
2016-12-28,0.0,21.98,36.26,2.62
2016-12-29,0.0,21.9,47.14,2.97
2016-12-30,0.0,21.99,49.6,2.66
2016-12-31,0.0,22.05,50.67,2.6
2017-01-01,0.0,21.58,41.99,2.5
2017-01-02,0.0,21.81,44.68,2.0
2017-01-03,0.0,22.56,40.09,2.24
2017-01-04,0.0,22.34,39.52,1.98
2017-01-05,0.0,22.03,35.18,2.18
2017-01-06,0.0,22.02,35.4,1.15
2017-01-07,0.0,22.34,44.68,0.91
2017-01-08,0.0,22.28,47.29,0.73
2017-01-09,0.0,22.05,52.4,1.55
2017-01-10,0.0,22.29,59.45,1.25
2017-01-11,0.0,22.33,49.4,1.34
2017-01-12,0.0,22.63,42.96,1.15
2017-01-13,0.0,23.0,53.48,0.97
2017-01-14,0.0,23.81,53.23,1.74
2017-01-15,0.0,23.69,46.49,2.57
2017-01-16,0.0,23.16,43.6,2.17
2017-01-17,0.0,22.99,36.54,2.63
2017-01-18,0.0,22.63,34.42,3.65
2017-01-19,0.0,21.65,46.41,3.85
2017-01-20,0.0,22.68,45.07,3.57
2017-01-21,0.0,24.84,51.98,3.85
2017-01-22,0.0,25.75,41.35,4.01
2017-01-23,0.0,24.82,38.98,3.59
2017-01-24,0.0,24.55,41.97,3.6
2017-01-25,0.0,24.6,45.18,3.82
2017-01-26,0.0,25.4,39.65,3.01
2017-01-27,0.01,25.39,53.51,2.66
2017-01-28,0.0,26.19,52.52,3.52
2017-01-29,0.0,26.86,46.26,2.88
2017-01-30,0.0,25.53,36.44,2.78
2017-01-31,0.0,25.32,26.88,1.84
2017-02-01,0.0,25.04,26.72,2.16
2017-02-02,0.0,24.29,25.39,2.58
2017-02-03,0.0,24.0,37.31,2.49
2017-02-04,0.0,24.53,31.58,2.21
2017-02-05,0.0,24.56,32.28,1.37
2017-02-06,0.0,24.53,42.62,1.14
2017-02-07,0.0,24.82,33.85,0.88
2017-02-08,0.0,25.13,27.43,1.53
2017-02-09,0.0,25.34,26.1,1.25
2017-02-10,0.0,24.96,26.41,1.46
2017-02-11,0.0,24.7,39.16,0.79
2017-02-12,0.0,24.38,27.28,2.73
2017-02-13,0.0,24.14,33.95,4.25
2017-02-14,0.0,25.1,36.32,4.33
2017-02-15,0.0,25.36,38.13,3.83
2017-02-16,0.0,24.66,37.46,4.52
2017-02-17,0.0,24.6,34.11,3.82
2017-02-18,0.0,25.45,34.56,3.26
2017-02-19,0.0,26.18,25.59,2.05
2017-02-20,0.0,26.42,49.44,1.79
2017-02-21,0.0,27.38,48.52,1.92
2017-02-22,0.0,27.14,42.65,1.27
2017-02-23,0.0,27.75,26.31,2.24
2017-02-24,0.0,28.01,23.8,2.75
2017-02-25,0.0,28.26,25.19,2.3
2017-02-26,0.0,27.14,22.39,3.0
2017-02-27,0.0,26.74,24.99,3.53
2017-02-28,0.0,26.61,25.68,3.43
2017-03-01,0.0,26.96,22.19,3.26
2017-03-02,0.0,26.42,20.59,2.84
2017-03-03,0.0,27.35,21.46,2.0
2017-03-04,0.0,27.26,43.3,1.45
2017-03-05,0.0,27.32,49.43,2.16
2017-03-06,0.0,28.03,46.19,1.78
2017-03-07,0.0,27.38,47.94,2.54
2017-03-08,0.01,27.4,47.98,2.12
2017-03-09,0.0,27.87,42.07,2.21
2017-03-10,0.0,26.9,44.26,3.28
2017-03-11,0.0,25.79,45.63,2.9
2017-03-12,0.0,24.92,46.18,1.94
2017-03-13,0.0,26.08,51.98,1.87
2017-03-14,0.0,27.47,49.26,1.36
2017-03-15,2.58,28.13,54.05,1.87
2017-03-16,3.3,27.4,56.31,1.91
2017-03-17,0.0,28.25,46.35,2.09
2017-03-18,0.0,28.13,39.75,2.19
2017-03-19,0.0,28.35,46.23,2.03
2017-03-20,0.0,28.46,42.64,2.02
2017-03-21,0.28,28.67,46.34,2.07
2017-03-22,0.26,30.37,36.82,1.95
2017-03-23,0.0,29.83,35.83,1.87
2017-03-24,0.0,29.38,44.15,1.75
2017-03-25,0.0,29.55,42.1,1.22
2017-03-26,0.0,30.19,37.31,2.05
2017-03-27,0.0,30.72,26.52,2.52
2017-03-28,0.0,30.18,37.94,1.59
2017-03-29,0.0,30.24,46.28,1.71
2017-03-30,0.0,30.25,45.1,1.67
2017-03-31,0.0,30.96,41.16,1.26
2017-04-01,0.0,29.26,55.65,3.0
2017-04-02,0.0,30.55,50.12,1.93
2017-04-03,0.03,30.36,46.06,2.69
2017-04-04,1.25,30.43,45.07,2.39
2017-04-05,0.44,30.18,47.99,2.67
2017-04-06,0.0,30.63,48.55,2.5
2017-04-07,0.0,30.14,47.87,2.52
2017-04-08,0.0,31.32,43.18,2.11
2017-04-09,0.0,31.96,41.37,2.28
2017-04-10,0.0,31.01,46.92,2.19
2017-04-11,0.0,30.98,45.3,2.63
2017-04-12,0.0,30.8,40.29,1.96
2017-04-13,0.0,30.55,35.57,1.72
2017-04-14,0.0,30.36,47.68,1.92
2017-04-15,0.0,30.42,48.79,2.79
2017-04-16,0.0,29.78,52.43,4.02
2017-04-17,0.0,29.96,52.99,3.93
2017-04-18,0.03,30.69,51.21,3.05
2017-04-19,0.0,30.28,52.33,3.44
2017-04-20,0.0,30.39,52.76,3.38
2017-04-21,0.02,29.67,52.4,3.81
2017-04-22,0.23,29.71,49.87,3.31
2017-04-23,0.0,29.72,49.23,3.04
2017-04-24,0.0,30.19,48.31,3.16
2017-04-25,0.0,30.28,44.18,2.71
2017-04-26,0.07,30.46,41.3,2.21
2017-04-27,7.29,30.98,47.57,2.47
2017-04-28,7.88,28.77,60.49,1.97
2017-04-29,1.53,28.87,58.31,2.07
2017-04-30,3.28,28.78,54.61,1.45
2017-05-01,0.05,29.85,44.1,1.5
2017-05-02,0.47,29.65,52.36,2.68
2017-05-03,0.51,30.15,51.9,2.01
2017-05-04,0.11,30.82,49.71,1.95
2017-05-05,0.04,31.53,49.65,2.07
2017-05-06,2.6,30.41,55.65,2.35
2017-05-07,7.28,28.65,63.8,2.51
2017-05-08,0.26,27.73,66.15,2.51
2017-05-09,0.65,27.92,63.02,2.63
2017-05-10,0.86,28.05,64.07,2.01
2017-05-11,2.12,28.07,63.08,2.18
2017-05-12,0.59,28.87,62.15,1.12
2017-05-13,0.04,28.46,64.56,2.69
2017-05-14,5.12,28.66,65.25,3.37
2017-05-15,3.65,27.46,70.39,3.21
2017-05-16,0.01,29.17,63.59,3.07
2017-05-17,0.0,29.28,58.87,3.9
2017-05-18,1.48,28.49,64.27,3.95
2017-05-19,0.97,27.66,65.97,4.03
2017-05-20,0.01,28.3,62.6,3.81
2017-05-21,0.06,28.83,59.62,3.77
2017-05-22,0.02,29.11,57.98,3.11
2017-05-23,0.66,29.29,59.74,2.91
2017-05-24,1.28,29.03,62.98,4.01
2017-05-25,0.0,29.96,59.36,4.61
2017-05-26,0.5,28.71,62.09,4.2
2017-05-27,1.32,29.02,61.07,4.23
2017-05-28,0.26,28.51,62.53,4.83
2017-05-29,1.43,28.56,66.02,5.06
2017-05-30,0.98,27.96,69.46,5.16
2017-05-31,1.39,27.92,70.07,5.13
2017-06-01,5.67,27.17,71.38,3.81
2017-06-02,3.81,26.61,69.97,3.83
2017-06-03,1.92,26.69,71.17,4.65
2017-06-04,1.2,26.55,70.81,3.81
2017-06-05,3.62,26.8,73.15,4.55
2017-06-06,7.63,26.49,73.67,4.67
2017-06-07,8.59,24.86,69.68,4.37
2017-06-08,2.57,24.55,77.9,4.57
2017-06-09,8.48,24.0,82.2,4.57
2017-06-10,8.42,23.96,81.07,5.63
2017-06-11,6.89,24.98,80.77,6.06
2017-06-12,9.62,24.63,85.62,5.14
2017-06-13,3.58,25.71,78.39,4.54
2017-06-14,2.1,25.66,80.24,3.6
2017-06-15,5.08,25.3,81.57,4.07
2017-06-16,5.11,24.98,82.44,4.03
2017-06-17,10.22,24.08,78.82,4.39
2017-06-18,4.34,25.01,76.72,3.4
2017-06-19,4.84,24.19,80.88,3.87
2017-06-20,2.75,25.13,80.22,4.02
2017-06-21,1.13,24.98,80.12,4.13
2017-06-22,0.62,25.52,79.07,4.47
2017-06-23,1.05,25.79,78.37,4.99
2017-06-24,2.04,25.36,82.5,5.85
2017-06-25,3.22,24.91,82.4,5.89
2017-06-26,1.16,25.07,82.8,5.83
2017-06-27,1.2,25.06,80.52,5.88
2017-06-28,3.18,25.02,79.5,6.47
2017-06-29,2.09,24.92,79.06,5.86
2017-06-30,2.64,25.36,80.17,5.45
2017-07-01,3.61,24.87,81.29,5.39
2017-07-02,3.12,25.54,79.5,4.96
2017-07-03,6.92,24.63,83.74,4.67
2017-07-04,2.06,24.24,81.31,5.57
2017-07-05,3.73,25.24,79.41,4.67
2017-07-06,2.23,25.09,78.98,4.77
2017-07-07,2.66,23.82,84.22,3.91
2017-07-08,4.92,24.34,80.34,3.88
2017-07-09,6.33,24.24,80.33,3.69
2017-07-10,0.77,24.3,79.72,3.84
2017-07-11,6.0,23.92,81.93,4.43
2017-07-12,2.76,24.41,79.45,4.36
2017-07-13,4.09,24.37,79.57,4.74
2017-07-14,4.52,24.0,82.85,5.44
2017-07-15,6.02,24.34,82.91,5.15
2017-07-16,3.65,24.0,81.33,5.2
2017-07-17,2.76,24.29,83.22,5.33
2017-07-18,12.59,23.97,87.56,5.67
2017-07-19,12.42,24.71,83.61,6.95
2017-07-20,16.55,23.87,83.28,6.84
2017-07-21,11.28,24.42,84.63,6.17
2017-07-22,1.0,24.56,81.31,5.24
2017-07-23,2.0,24.52,81.68,5.0
2017-07-24,2.11,24.66,81.26,5.27
2017-07-25,0.96,24.69,81.63,4.87
2017-07-26,0.41,24.75,80.39,4.98
2017-07-27,0.44,24.76,79.99,5.0
2017-07-28,0.69,25.07,79.37,4.65
2017-07-29,1.5,24.94,80.02,4.08
2017-07-30,1.03,24.71,81.95,3.58
2017-07-31,1.06,25.23,79.16,3.49
2017-08-01,0.34,25.17,78.32,3.85
2017-08-02,0.72,25.02,78.7,4.07
2017-08-03,6.19,24.5,82.38,4.69
2017-08-04,5.72,24.78,81.49,5.03
2017-08-05,1.74,25.09,79.95,4.83
2017-08-06,4.2,25.08,80.35,4.04
2017-08-07,6.39,25.21,80.2,3.71
2017-08-08,1.91,25.26,80.18,3.54
2017-08-09,2.05,24.39,82.25,3.21
2017-08-10,1.24,24.58,80.99,3.02
2017-08-11,6.83,24.22,83.14,3.13
2017-08-12,2.83,24.15,82.14,2.9
2017-08-13,0.84,23.87,81.97,2.42
2017-08-14,0.19,24.17,79.96,2.27
2017-08-15,3.04,24.65,79.44,2.38
2017-08-16,1.86,24.37,80.86,3.24
2017-08-17,1.48,24.83,81.21,3.43
2017-08-18,1.26,24.28,83.38,3.58
2017-08-19,6.67,23.85,83.74,4.25
2017-08-20,5.72,23.74,81.91,4.38
2017-08-21,2.5,24.19,81.61,4.04
2017-08-22,1.99,24.57,81.66,3.44
2017-08-23,2.4,25.07,80.98,3.35
2017-08-24,4.02,24.52,83.46,3.78
2017-08-25,10.26,24.06,85.86,3.87
2017-08-26,5.68,24.38,84.17,4.15
2017-08-27,5.74,24.24,84.84,4.96
2017-08-28,11.01,23.91,87.96,4.42
2017-08-29,6.44,24.6,84.84,4.81
2017-08-30,1.7,24.48,84.54,4.25
2017-08-31,0.26,24.49,82.91,3.2
2017-09-01,0.09,25.23,79.82,2.59
2017-09-02,0.14,25.07,77.81,2.62
2017-09-03,0.34,25.35,79.16,2.43
2017-09-04,3.66,25.73,78.94,2.24
2017-09-05,6.05,25.12,84.33,1.95
2017-09-06,4.39,24.68,85.12,1.81
2017-09-07,7.08,24.35,86.19,1.48
2017-09-08,10.12,25.36,83.22,1.17
2017-09-09,21.87,25.98,82.37,0.86
2017-09-10,14.15,25.33,82.97,1.92
2017-09-11,0.51,25.98,81.16,2.14
2017-09-12,0.6,25.86,81.9,2.04
2017-09-13,4.74,26.44,77.34,1.18
2017-09-14,6.66,25.25,82.94,1.21
2017-09-15,5.18,24.34,85.07,2.56
2017-09-16,10.05,23.62,86.44,2.12
2017-09-17,9.92,22.28,87.97,3.82
2017-09-18,1.92,22.93,85.95,4.62
2017-09-19,1.21,23.08,87.55,4.92
2017-09-20,3.09,23.42,85.0,4.77
2017-09-21,1.6,22.92,83.91,3.74
2017-09-22,0.72,23.5,82.96,2.81
2017-09-23,0.59,24.5,79.95,1.88
2017-09-24,2.25,24.42,82.97,1.99
2017-09-25,10.1,23.77,88.1,1.88
2017-09-26,3.73,24.01,85.28,1.43
2017-09-27,9.39,24.48,82.39,0.87
2017-09-28,12.22,24.13,87.04,1.96
2017-09-29,6.96,24.38,85.17,1.41
2017-09-30,4.15,24.62,84.96,0.97
2017-10-01,20.33,24.08,85.11,0.84
2017-10-02,8.14,24.56,84.97,0.96
2017-10-03,5.43,24.45,87.96,1.4
2017-10-04,3.2,24.07,88.86,0.82
2017-10-05,2.22,24.53,83.22,1.04
2017-10-06,19.27,24.05,86.67,1.48
2017-10-07,2.64,23.34,90.75,1.74
2017-10-08,2.91,23.7,90.37,1.98
2017-10-09,0.42,23.94,89.35,1.46
2017-10-10,0.29,24.71,86.56,1.15
2017-10-11,33.16,24.34,86.63,0.94
2017-10-12,3.74,24.16,85.88,1.18
2017-10-13,6.46,23.91,87.36,1.64
2017-10-14,18.27,23.62,88.06,2.54
2017-10-15,7.07,23.14,90.15,2.26
2017-10-16,0.2,23.49,89.93,0.9
2017-10-17,0.01,24.42,84.2,0.93
2017-10-18,0.0,24.61,78.41,1.35
2017-10-19,0.0,23.44,74.85,1.27
2017-10-20,0.0,22.66,86.77,1.82
2017-10-21,0.0,22.54,83.82,1.8
2017-10-22,0.09,21.69,83.34,2.14
2017-10-23,0.79,22.57,85.2,1.55
2017-10-24,3.88,23.41,88.79,2.02
2017-10-25,0.72,24.59,84.24,2.4
2017-10-26,0.85,24.29,81.04,2.5
2017-10-27,0.06,23.23,78.31,2.3
2017-10-28,0.0,22.96,79.33,2.27
2017-10-29,0.0,23.12,78.13,2.38
2017-10-30,0.0,21.94,77.57,2.67
2017-10-31,0.0,22.27,77.91,2.63
2017-11-01,0.0,22.24,77.89,2.88
2017-11-02,0.0,21.89,73.83,2.35
2017-11-03,0.0,20.59,70.89,2.63
2017-11-04,0.0,21.94,79.06,2.98
2017-11-05,0.03,22.96,79.64,3.38
2017-11-06,3.27,23.23,81.26,3.17
2017-11-07,0.42,23.4,79.93,2.7
2017-11-08,0.0,23.46,77.27,2.77
2017-11-09,0.0,22.19,74.51,2.25
2017-11-10,0.0,21.06,69.95,2.08
2017-11-11,0.0,20.46,69.18,2.06
2017-11-12,0.0,20.91,63.66,1.54
2017-11-13,0.0,22.2,72.72,1.0
2017-11-14,0.0,22.69,75.29,0.89
2017-11-15,0.12,22.67,77.39,1.78
2017-11-16,0.09,23.22,77.76,1.45
2017-11-17,0.0,22.88,70.94,1.4
2017-11-18,0.6,23.29,78.18,1.84
2017-11-19,0.37,24.31,79.3,1.82
2017-11-20,0.27,24.56,75.63,1.86
2017-11-21,0.01,24.71,74.61,2.38
2017-11-22,0.0,24.4,73.63,2.39
2017-11-23,0.0,24.23,63.71,1.69
2017-11-24,0.0,24.14,63.87,1.51
2017-11-25,0.0,23.43,72.01,2.31
2017-11-26,0.0,22.74,65.54,2.59
2017-11-27,0.0,22.95,66.76,1.9
2017-11-28,0.0,22.41,62.86,2.3
2017-11-29,0.0,22.54,62.96,2.72
2017-11-30,0.0,22.96,70.26,3.87
2017-12-01,0.01,23.92,73.77,5.03
2017-12-02,0.02,22.44,72.58,4.34
2017-12-03,0.0,22.38,74.15,3.09
2017-12-04,0.0,24.56,69.0,2.2
2017-12-05,0.38,23.85,74.24,2.28
2017-12-06,0.08,23.89,74.17,1.55
2017-12-07,0.26,24.63,68.61,1.3
2017-12-08,0.01,23.63,53.85,1.74
2017-12-09,0.0,22.83,50.62,2.09
2017-12-10,0.0,22.68,53.95,2.05
2017-12-11,0.0,23.38,57.24,1.06
2017-12-12,0.0,23.52,67.32,0.88
2017-12-13,0.0,24.17,67.1,0.85
2017-12-14,0.0,24.32,61.02,1.64
2017-12-15,0.0,23.34,61.7,2.76
2017-12-16,0.0,22.97,62.34,3.44
2017-12-17,0.0,22.29,63.14,4.2
2017-12-18,0.0,21.59,62.4,3.37
2017-12-19,0.0,20.91,62.92,3.33
2017-12-20,0.0,21.96,59.17,3.35
2017-12-21,0.0,21.16,50.23,3.08
2017-12-22,0.0,21.88,57.46,3.07
2017-12-23,0.0,21.82,55.73,3.1
2017-12-24,0.0,21.77,55.69,3.04
2017-12-25,0.0,21.44,55.01,2.93
2017-12-26,0.0,21.52,52.49,2.76
2017-12-27,0.0,20.95,50.14,3.11
2017-12-28,0.0,20.81,53.34,3.03
2017-12-29,0.0,20.31,51.76,2.93
2017-12-30,0.0,21.55,56.02,2.44
2017-12-31,0.0,21.9,50.98,2.06
2018-01-01,0.0,21.76,56.98,1.5
2018-01-02,1.99,21.8,57.87,0.81
2018-01-03,0.0,22.57,55.32,1.38
2018-01-04,0.0,22.83,60.62,1.0
2018-01-05,0.0,22.34,47.83,2.22
2018-01-06,0.0,21.52,42.71,1.66
2018-01-07,0.0,21.32,42.98,1.68
2018-01-08,0.0,20.86,44.29,2.52
2018-01-09,0.0,21.89,54.34,3.16
2018-01-10,0.0,23.75,58.31,3.34
2018-01-11,0.0,25.63,56.89,2.4
2018-01-12,0.0,25.82,55.79,2.62
2018-01-13,0.0,25.39,48.03,2.48
2018-01-14,0.0,24.79,42.43,2.75
2018-01-15,0.0,24.81,48.11,2.62
2018-01-16,0.0,25.35,44.87,1.68
2018-01-17,0.0,24.87,41.82,1.84
2018-01-18,0.0,23.3,40.16,2.75
2018-01-19,0.0,22.21,38.25,2.41
2018-01-20,0.0,22.14,37.48,1.97
2018-01-21,0.0,21.99,34.74,2.32
2018-01-22,0.0,22.13,43.39,1.44
2018-01-23,0.0,22.65,59.82,1.55
2018-01-24,0.0,23.18,53.81,1.88
2018-01-25,0.0,23.37,35.8,1.49
2018-01-26,0.0,23.3,34.96,2.15
2018-01-27,0.0,23.71,43.73,1.01
2018-01-28,0.0,24.03,46.98,1.71
2018-01-29,0.0,23.82,37.44,2.98
2018-01-30,0.0,22.87,38.95,2.95
2018-01-31,0.0,23.14,31.89,2.62
2018-02-01,0.0,23.1,19.53,2.4
2018-02-02,0.0,23.29,20.5,2.19
2018-02-03,0.0,23.78,24.59,2.72
2018-02-04,0.0,23.1,28.14,2.97
2018-02-05,0.0,22.8,25.6,2.97
2018-02-06,0.0,24.46,36.79,1.6
2018-02-07,0.01,23.41,38.53,1.19
2018-02-08,0.0,26.22,47.59,1.78
2018-02-09,0.22,25.87,42.06,1.71
2018-02-10,0.02,26.69,37.49,2.01
2018-02-11,0.93,27.32,46.84,1.88
2018-02-12,0.0,27.39,43.51,0.63
2018-02-13,0.0,27.52,40.6,1.49
2018-02-14,0.0,26.74,36.87,3.76
2018-02-15,0.0,26.22,37.08,3.46
2018-02-16,0.0,25.96,35.66,2.97
2018-02-17,0.0,26.15,26.35,2.11
2018-02-18,0.0,25.92,23.17,2.15
2018-02-19,0.0,25.71,27.1,2.37
2018-02-20,0.0,25.74,30.93,2.47
2018-02-21,0.0,26.03,31.83,3.14
2018-02-22,0.0,26.35,29.21,2.46
2018-02-23,0.0,26.35,29.62,3.12
2018-02-24,0.0,25.79,24.95,3.72
2018-02-25,0.0,24.8,22.4,3.47
2018-02-26,0.0,25.46,22.16,3.08
2018-02-27,0.0,25.4,18.39,3.56
2018-02-28,0.0,26.25,21.25,3.44
2018-03-01,0.0,26.21,24.43,2.76
2018-03-02,0.0,26.45,21.3,2.52
2018-03-03,0.0,27.06,23.0,1.53
2018-03-04,0.0,27.01,32.1,1.26
2018-03-05,0.0,26.9,26.96,1.64
2018-03-06,0.0,27.49,18.1,2.39
2018-03-07,0.0,27.02,21.78,2.47
2018-03-08,0.0,26.9,23.64,1.94
2018-03-09,0.0,27.83,32.81,1.8
2018-03-10,0.0,28.21,26.09,2.99
2018-03-11,0.0,28.51,27.71,2.96
2018-03-12,0.0,28.63,29.32,3.6
2018-03-13,0.0,28.54,30.65,3.66
2018-03-14,0.79,28.18,41.89,2.29
2018-03-15,5.01,26.22,59.8,1.23
2018-03-16,11.56,26.24,68.18,1.08
2018-03-17,0.78,27.05,66.76,0.74
2018-03-18,0.92,27.28,64.26,1.38
2018-03-19,0.24,27.24,61.84,1.25
2018-03-20,0.0,28.44,50.5,1.04
2018-03-21,0.0,28.13,49.22,1.96
2018-03-22,0.0,28.14,48.4,2.24
2018-03-23,0.0,27.98,40.84,2.05
2018-03-24,0.0,28.68,31.56,2.12
2018-03-25,0.0,30.21,32.49,2.4
2018-03-26,0.0,30.14,33.36,2.5
2018-03-27,0.0,28.18,41.94,1.78
2018-03-28,0.0,28.61,55.23,2.13
2018-03-29,0.01,29.4,53.82,2.71
2018-03-30,0.03,29.67,52.15,2.74
2018-03-31,0.08,29.47,50.26,2.66
2018-04-01,0.0,29.55,45.15,1.59
2018-04-02,0.7,29.5,46.75,1.72
2018-04-03,2.8,29.42,46.16,1.99
2018-04-04,0.0,30.71,38.86,1.59
2018-04-05,0.5,30.49,45.94,1.84
2018-04-06,0.87,29.5,50.44,1.7
2018-04-07,0.31,29.77,48.62,1.61
2018-04-08,0.01,30.63,37.19,1.7
2018-04-09,0.0,30.38,33.94,2.43
2018-04-10,0.04,30.63,36.27,1.52
2018-04-11,0.06,31.06,41.42,1.32
2018-04-12,0.04,31.57,40.56,1.85
2018-04-13,3.97,30.7,46.03,1.96
2018-04-14,0.26,30.9,49.24,1.98
2018-04-15,1.05,30.85,49.88,1.9
2018-04-16,0.12,31.62,44.93,2.21
2018-04-17,0.24,31.8,45.9,2.16
2018-04-18,0.02,31.39,49.43,2.4
2018-04-19,4.09,29.09,59.97,2.75
2018-04-20,8.26,28.64,62.15,2.64
2018-04-21,0.03,29.85,51.39,2.11
2018-04-22,6.3,29.62,58.58,2.27
2018-04-23,5.41,28.87,59.15,2.17
2018-04-24,0.0,28.86,56.23,1.85
2018-04-25,0.0,29.34,54.12,1.98
2018-04-26,0.0,29.17,45.52,2.35
2018-04-27,0.0,29.74,45.87,1.58
2018-04-28,0.0,30.79,49.05,1.93
2018-04-29,0.24,30.88,53.09,3.19
2018-04-30,0.56,30.5,52.41,3.42
2018-05-01,0.0,30.84,51.76,3.0
2018-05-02,0.0,30.79,49.34,3.12
2018-05-03,0.03,30.99,49.66,2.39
2018-05-04,0.2,31.72,47.37,2.09
2018-05-05,0.01,31.55,46.52,2.04
2018-05-06,0.56,31.24,50.88,2.47
2018-05-07,1.07,29.82,56.99,3.55
2018-05-08,0.37,29.86,54.83,3.63
2018-05-09,3.13,28.36,60.48,2.98
2018-05-10,8.48,27.57,67.68,1.63
2018-05-11,2.77,26.46,74.39,2.02
2018-05-12,0.79,26.55,71.3,3.07
2018-05-13,2.7,27.1,70.77,1.85
2018-05-14,18.5,25.26,81.22,1.65
2018-05-15,6.81,27.41,63.99,1.61
2018-05-16,0.05,28.36,64.16,1.33
2018-05-17,3.23,27.92,68.15,2.29
2018-05-18,6.44,25.68,79.36,2.17
2018-05-19,1.65,27.43,68.96,2.79
2018-05-20,4.12,27.94,68.54,3.0
2018-05-21,2.54,27.76,67.26,3.49
2018-05-22,6.32,25.69,76.35,1.75
2018-05-23,0.67,27.89,67.98,3.07
2018-05-24,8.02,26.24,75.09,3.02
2018-05-25,0.27,27.7,68.43,3.52
2018-05-26,0.47,28.05,68.77,2.63
2018-05-27,1.42,29.14,67.28,2.27
2018-05-28,2.38,26.75,78.52,2.6
2018-05-29,3.77,26.9,79.04,3.95
2018-05-30,5.75,25.96,79.59,3.04
2018-05-31,5.09,27.23,75.5,3.04
2018-06-01,8.08,26.99,78.17,1.64
2018-06-02,10.36,26.26,79.3,1.73
2018-06-03,17.65,25.12,80.42,2.39
2018-06-04,15.58,25.02,82.12,3.04
2018-06-05,0.65,25.18,74.28,3.81
2018-06-06,0.9,25.51,78.23,3.6
2018-06-07,12.94,24.66,84.86,5.72
2018-06-08,12.59,24.36,85.25,6.45
2018-06-09,6.85,23.98,84.58,6.06
2018-06-10,12.78,25.12,85.39,5.95
2018-06-11,2.94,24.95,88.35,6.11
2018-06-12,1.48,25.17,86.15,5.98
2018-06-13,1.11,25.25,84.56,5.31
2018-06-14,3.57,24.54,83.97,4.77
2018-06-15,1.21,24.92,79.27,4.18
2018-06-16,1.54,24.64,77.41,3.89
2018-06-17,3.25,24.23,79.44,4.59
2018-06-18,2.29,24.47,83.64,5.24
2018-06-19,2.89,24.18,84.12,4.8
2018-06-20,5.78,24.41,81.47,5.18
2018-06-21,1.84,24.11,85.74,5.11
2018-06-22,1.33,23.89,82.25,4.42
2018-06-23,2.85,24.13,82.05,3.35
2018-06-24,5.39,23.69,83.76,4.35
2018-06-25,3.78,23.85,84.43,4.37
2018-06-26,2.18,24.18,85.92,5.22
2018-06-27,3.28,24.62,84.73,5.8
2018-06-28,4.85,24.49,84.81,5.47
2018-06-29,3.88,23.99,83.53,3.86
2018-06-30,0.76,23.98,74.37,3.89
2018-07-01,1.36,23.92,76.92,3.51
2018-07-02,4.82,23.84,79.39,4.2
2018-07-03,1.29,24.01,82.14,4.17
2018-07-04,1.15,24.12,82.33,4.69
2018-07-05,2.97,23.86,84.21,5.05
2018-07-06,6.46,24.04,85.24,4.25
2018-07-07,10.85,23.95,85.64,4.81
2018-07-08,6.0,23.75,83.18,5.18
2018-07-09,7.26,24.15,81.71,4.84
2018-07-10,7.47,24.35,81.95,5.6
2018-07-11,7.44,24.55,83.63,5.89
2018-07-12,4.15,23.88,85.46,6.6
2018-07-13,4.01,24.71,82.19,6.54
2018-07-14,2.56,24.27,84.78,6.17
2018-07-15,2.3,24.53,81.58,7.04
2018-07-16,3.38,23.87,84.12,7.16
2018-07-17,3.24,24.69,80.46,7.24
2018-07-18,3.28,24.67,80.82,6.1
2018-07-19,2.7,24.67,81.14,6.01
2018-07-20,5.88,24.47,82.65,6.22
2018-07-21,5.25,24.49,81.82,6.28
2018-07-22,1.64,24.5,81.58,5.88
2018-07-23,3.09,24.53,81.95,5.5
2018-07-24,3.29,24.7,80.22,5.48
2018-07-25,1.68,24.45,81.21,5.18
2018-07-26,0.91,24.36,81.01,4.91
2018-07-27,1.16,23.85,82.28,5.15
2018-07-28,0.6,24.34,81.59,5.12
2018-07-29,0.48,24.16,83.27,4.49
2018-07-30,1.76,23.99,83.16,4.46
2018-07-31,1.49,24.17,82.73,4.95
2018-08-01,2.26,24.16,81.93,4.84
2018-08-02,0.77,24.29,81.85,4.58
2018-08-03,1.0,24.13,80.6,4.61
2018-08-04,0.82,23.79,81.56,4.6
2018-08-05,0.9,24.04,80.57,5.17
2018-08-06,1.33,23.41,82.63,5.63
2018-08-07,3.98,23.56,81.89,5.85
2018-08-08,2.02,23.21,86.09,5.52
2018-08-09,3.32,24.04,81.66,5.33
2018-08-10,2.24,23.89,82.16,4.84
2018-08-11,3.58,23.27,85.04,5.29
2018-08-12,10.7,23.39,84.45,6.09
2018-08-13,7.49,23.31,81.29,6.83
2018-08-14,6.85,24.32,82.4,6.66
2018-08-15,7.26,24.2,84.59,6.17
2018-08-16,4.53,23.26,85.48,6.82
2018-08-17,1.19,24.14,81.68,6.73
2018-08-18,2.05,24.22,81.03,5.86
2018-08-19,1.68,24.28,80.61,5.4
2018-08-20,2.52,23.58,83.41,4.98
2018-08-21,6.29,23.89,82.66,5.13
2018-08-22,4.17,23.89,81.27,4.88
2018-08-23,1.2,23.88,80.48,4.4
2018-08-24,1.48,23.78,81.5,3.95
2018-08-25,1.58,23.35,83.63,3.66
2018-08-26,0.93,23.78,80.35,4.17
2018-08-27,2.48,23.56,82.89,4.36
2018-08-28,2.26,23.29,84.61,3.98
2018-08-29,5.72,24.2,81.51,3.89
2018-08-30,3.9,24.15,81.51,3.96
2018-08-31,2.03,23.57,83.42,3.39
2018-09-01,2.47,23.44,83.5,3.16
2018-09-02,1.12,23.88,80.27,3.5
2018-09-03,0.32,24.0,78.64,3.14
2018-09-04,0.04,24.09,77.81,3.1
2018-09-05,0.09,24.0,77.76,3.73
2018-09-06,0.91,23.35,81.12,3.79
2018-09-07,1.08,23.6,80.21,3.84
2018-09-08,0.93,23.78,77.38,3.15
2018-09-09,0.09,24.17,73.39,2.74
2018-09-10,0.0,24.51,74.1,2.22
2018-09-11,0.47,25.55,72.25,2.28
2018-09-12,0.38,24.96,70.26,2.43
2018-09-13,0.0,24.64,70.46,2.44
2018-09-14,0.0,24.99,72.38,2.46
2018-09-15,0.01,25.65,71.79,2.55
2018-09-16,0.62,25.82,72.83,3.0
2018-09-17,9.77,24.36,80.21,2.97
2018-09-18,1.31,24.43,78.5,3.01
2018-09-19,2.27,23.87,76.38,3.12
2018-09-20,7.6,23.54,84.41,2.05
2018-09-21,1.21,23.77,80.54,3.13
2018-09-22,0.0,23.67,77.6,2.86
2018-09-23,0.18,23.94,76.64,1.61
2018-09-24,0.05,25.06,73.21,1.34
2018-09-25,3.82,24.07,81.61,2.08
2018-09-26,2.42,24.8,81.03,0.91
2018-09-27,1.57,26.28,73.15,1.24
2018-09-28,4.24,26.47,73.65,1.48
2018-09-29,0.59,26.61,71.77,2.06
2018-09-30,1.51,27.03,70.57,1.57
2018-10-01,0.64,27.01,69.02,2.32
2018-10-02,0.12,27.32,65.32,1.69
2018-10-03,0.03,27.69,61.15,1.99
2018-10-04,0.13,27.38,64.15,2.42
2018-10-05,4.21,25.25,72.69,2.93
2018-10-06,4.11,26.03,73.25,3.06
2018-10-07,0.11,26.33,59.44,2.75
2018-10-08,0.02,26.39,61.73,1.77
2018-10-09,0.08,26.29,69.44,1.8
2018-10-10,0.01,26.3,64.7,1.89
2018-10-11,0.0,26.66,69.62,2.5
2018-10-12,0.0,27.31,65.71,1.95
2018-10-13,0.01,27.42,65.48,1.94
2018-10-14,0.04,27.38,65.77,2.09
2018-10-15,0.57,26.63,68.06,1.25
2018-10-16,10.81,26.35,71.1,1.06
2018-10-17,19.2,23.31,85.43,1.53
2018-10-18,0.41,23.93,79.16,0.63
2018-10-19,0.74,24.8,73.37,1.28
2018-10-20,0.0,24.43,61.66,2.2
2018-10-21,0.01,24.23,59.96,2.03
2018-10-22,0.0,24.58,58.43,2.07
2018-10-23,0.0,24.94,58.84,1.21
2018-10-24,0.0,25.37,61.39,1.57
2018-10-25,0.0,24.8,60.85,2.16
2018-10-26,0.0,24.59,60.87,2.86
2018-10-27,0.0,23.91,59.21,2.65
2018-10-28,0.0,23.33,51.53,3.15
2018-10-29,0.0,23.24,46.27,2.55
2018-10-30,0.0,23.14,47.77,1.63
2018-10-31,0.0,24.6,49.92,1.77
2018-11-01,0.0,25.83,61.64,2.24
2018-11-02,0.0,26.49,64.56,2.65
2018-11-03,0.48,27.13,61.19,2.54
2018-11-04,0.05,27.52,56.13,2.68
2018-11-05,0.0,26.43,59.41,2.01
2018-11-06,0.0,26.93,53.75,2.26
2018-11-07,0.0,26.36,48.88,2.75
2018-11-08,0.0,25.55,41.42,2.92
2018-11-09,0.0,25.26,48.35,2.59
2018-11-10,0.0,24.98,46.56,2.24
2018-11-11,0.0,24.79,40.72,1.8
2018-11-12,0.0,24.39,34.75,1.77
2018-11-13,0.0,23.76,32.38,1.44
2018-11-14,0.0,23.92,30.17,1.57
2018-11-15,0.0,24.0,36.47,2.43
2018-11-16,0.07,26.32,63.17,3.37
2018-11-17,0.01,27.3,59.82,2.21
2018-11-18,4.78,26.86,65.33,0.85
2018-11-19,1.34,25.01,75.41,1.92
2018-11-20,0.0,26.22,60.43,2.85
2018-11-21,0.0,25.25,58.78,3.33
2018-11-22,0.0,24.77,66.36,4.11
2018-11-23,0.23,25.14,67.13,3.47
2018-11-24,0.01,25.76,61.03,2.13
2018-11-25,0.0,25.5,54.11,1.79
2018-11-26,0.0,24.22,48.78,2.3
2018-11-27,0.0,22.9,45.26,2.67
2018-11-28,0.0,22.27,50.43,3.02
2018-11-29,0.0,23.4,53.6,2.75
2018-11-30,0.0,24.03,49.33,2.52
2018-12-01,0.0,22.83,49.71,2.09
2018-12-02,0.0,22.72,52.79,2.41
2018-12-03,0.0,24.43,52.79,2.65
2018-12-04,0.0,24.78,56.86,2.69
2018-12-05,0.09,24.3,68.98,2.28
2018-12-06,0.0,25.67,61.11,1.64
2018-12-07,0.0,26.33,55.69,2.45
2018-12-08,0.0,26.5,51.81,2.12
2018-12-09,0.0,26.07,52.12,1.7
2018-12-10,0.0,25.97,57.15,1.11
2018-12-11,0.0,24.65,51.08,1.47
2018-12-12,0.0,23.96,54.01,0.88
2018-12-13,0.0,24.07,52.15,1.38
2018-12-14,0.0,24.98,47.5,2.69
2018-12-15,0.0,23.79,50.03,3.81
2018-12-16,0.0,22.68,45.81,3.14
2018-12-17,0.0,21.78,46.88,1.9
2018-12-18,0.0,21.38,51.11,2.75
2018-12-19,0.0,22.05,53.31,2.92
2018-12-20,0.0,23.41,52.66,2.0
2018-12-21,0.0,24.33,52.55,1.6
2018-12-22,0.0,24.96,52.69,2.19
2018-12-23,0.0,25.74,53.26,2.97
2018-12-24,0.0,25.7,53.13,2.7
2018-12-25,0.0,25.82,47.72,2.07
2018-12-26,0.0,26.23,44.24,1.08
2018-12-27,0.0,25.92,48.24,1.41
2018-12-28,0.0,23.32,32.76,2.4
2018-12-29,0.0,22.76,26.6,2.99
2018-12-30,0.0,21.76,37.07,3.11
2018-12-31,0.0,21.42,43.79,3.18
2019-01-01,0.0,20.82,32.13,3.06
2019-01-02,0.0,20.92,31.45,3.2
2019-01-03,0.0,21.42,30.26,3.13
2019-01-04,0.0,21.57,32.39,2.97
2019-01-05,0.0,22.29,35.74,2.68
2019-01-06,0.0,22.67,36.09,2.33
2019-01-07,0.0,22.52,39.27,2.99
2019-01-08,0.0,22.44,36.63,2.3
2019-01-09,0.0,22.83,30.47,2.41
2019-01-10,0.0,22.76,27.68,2.2
2019-01-11,0.0,23.22,34.03,1.58
2019-01-12,0.0,23.46,33.99,1.84
2019-01-13,0.0,23.66,35.32,2.3
2019-01-14,0.0,22.71,33.57,2.95
2019-01-15,0.0,22.63,31.29,2.94
2019-01-16,0.0,22.73,35.54,2.77
2019-01-17,0.0,23.07,37.92,2.63
2019-01-18,0.0,23.21,38.77,2.75
2019-01-19,0.0,23.1,36.45,2.86
2019-01-20,0.0,22.82,33.25,2.9
2019-01-21,0.0,23.25,34.34,1.59
2019-01-22,0.0,23.22,61.41,1.55
2019-01-23,0.0,23.9,54.96,1.34
2019-01-24,0.0,24.2,47.47,1.38
2019-01-25,0.0,23.54,63.69,2.41
2019-01-26,0.0,23.08,62.41,2.25
2019-01-27,0.07,23.79,57.48,1.17
2019-01-28,0.24,24.4,58.45,2.47
2019-01-29,0.0,23.97,53.67,3.87
2019-01-30,0.0,22.85,40.26,3.5
2019-01-31,0.0,23.49,34.16,2.88
2019-02-01,0.0,23.65,46.84,2.28
2019-02-02,0.0,24.29,39.75,2.68
2019-02-03,0.0,24.87,35.75,3.17
2019-02-04,0.0,25.31,42.95,3.58
2019-02-05,0.0,25.74,42.61,3.12
2019-02-06,0.0,26.71,41.37,1.86
2019-02-07,0.0,26.99,49.12,2.06
2019-02-08,0.0,26.37,45.51,1.77
2019-02-09,0.0,26.16,39.34,1.69
2019-02-10,0.66,27.48,44.52,1.39
2019-02-11,0.0,28.03,47.95,3.11
2019-02-12,0.0,27.5,43.27,3.73
2019-02-13,0.0,26.65,41.46,3.62
2019-02-14,0.0,27.33,37.13,2.14
2019-02-15,0.0,27.2,48.31,2.27
2019-02-16,0.0,26.62,42.29,1.63
2019-02-17,0.0,24.9,40.67,2.89
2019-02-18,0.0,25.57,42.08,1.05
2019-02-19,0.0,26.89,46.89,1.33
2019-02-20,0.0,28.64,37.81,2.6
2019-02-21,0.0,28.04,30.85,3.1
2019-02-22,0.0,28.1,27.73,3.51
2019-02-23,0.0,27.9,19.47,3.0
2019-02-24,0.0,28.07,19.01,2.04
2019-02-25,0.0,28.1,26.59,1.74
2019-02-26,0.0,27.26,37.4,2.45
2019-02-27,0.0,25.63,45.55,2.77
2019-02-28,0.0,25.76,40.58,2.06
2019-03-01,0.0,26.5,31.83,0.92
2019-03-02,0.03,27.54,38.56,2.16
2019-03-03,0.0,27.64,41.71,2.09
2019-03-04,0.0,27.51,52.48,2.27
2019-03-05,0.0,27.11,52.25,2.97
2019-03-06,0.0,26.61,50.48,2.9
2019-03-07,0.0,26.25,37.85,2.04
2019-03-08,0.0,27.21,20.58,1.9
2019-03-09,0.0,27.8,40.66,1.37
2019-03-10,0.0,28.65,38.24,1.42
2019-03-11,0.0,29.36,46.47,1.68
2019-03-12,0.0,29.77,38.21,1.87
2019-03-13,0.0,29.79,36.67,1.42
2019-03-14,0.0,29.6,31.8,1.42
2019-03-15,0.0,29.38,31.26,1.55
2019-03-16,0.0,29.87,21.41,2.2
2019-03-17,0.0,28.98,27.22,1.74
2019-03-18,0.0,28.98,28.59,1.22
2019-03-19,0.0,28.81,41.06,1.73
2019-03-20,0.0,28.94,43.26,2.07
2019-03-21,0.0,29.16,36.86,1.7
2019-03-22,0.0,29.16,34.48,1.82
2019-03-23,0.0,30.05,26.84,1.56
2019-03-24,0.0,30.31,43.17,1.79
2019-03-25,0.21,31.86,32.13,2.16
2019-03-26,0.1,31.42,31.08,1.65
2019-03-27,0.04,30.76,45.98,2.05
2019-03-28,0.14,31.78,44.7,1.62
2019-03-29,1.55,31.57,45.42,2.48
2019-03-30,0.08,30.73,47.69,2.08
2019-03-31,0.38,30.58,48.4,2.12
2019-04-01,0.53,30.87,49.17,2.19
2019-04-02,0.0,30.89,43.48,2.24
2019-04-03,0.02,31.48,39.97,1.48
2019-04-04,0.1,31.26,40.15,2.05
2019-04-05,0.07,30.63,46.2,2.0
2019-04-06,0.0,31.07,39.46,1.75
2019-04-07,0.0,32.14,38.73,1.92
2019-04-08,0.25,31.79,43.93,2.04
2019-04-09,0.78,31.23,44.28,2.51
2019-04-10,7.1,30.76,49.86,1.87
2019-04-11,2.99,29.86,53.84,1.59
2019-04-12,0.36,30.63,51.76,1.87
2019-04-13,0.35,31.25,44.98,1.28
2019-04-14,2.53,31.07,39.97,1.69
2019-04-15,0.08,30.44,49.4,2.08
2019-04-16,0.01,30.06,51.34,2.77
2019-04-17,0.0,30.75,45.35,2.2
2019-04-18,0.0,30.94,38.77,1.79
2019-04-19,0.72,30.65,39.75,2.23
2019-04-20,0.0,31.05,41.35,2.36
2019-04-21,0.01,29.11,47.26,2.27
2019-04-22,0.0,30.71,43.53,2.62
2019-04-23,0.37,31.49,40.49,2.32
2019-04-24,0.05,31.89,36.51,2.85
2019-04-25,0.0,32.28,26.78,2.6
2019-04-26,0.0,32.58,36.12,1.57
2019-04-27,0.01,32.97,40.7,2.05
2019-04-28,0.74,32.12,44.56,2.32
2019-04-29,1.17,30.75,53.56,2.86
2019-04-30,0.34,30.03,55.95,4.16
2019-05-01,1.77,29.08,54.79,4.32
2019-05-02,0.0,29.17,53.44,4.69
2019-05-03,0.0,28.83,52.22,4.83
2019-05-04,0.0,28.59,51.76,3.8
2019-05-05,0.0,30.14,48.06,2.56
2019-05-06,0.01,31.05,48.25,2.62
2019-05-07,0.1,29.54,57.64,4.44
2019-05-08,0.27,29.14,55.96,4.83
2019-05-09,0.01,29.31,51.57,3.85
2019-05-10,0.0,30.77,49.63,3.08
2019-05-11,0.0,30.47,49.58,3.22
2019-05-12,0.01,31.4,49.16,3.05
2019-05-13,0.0,30.62,51.23,3.67
2019-05-14,0.0,30.69,48.86,3.55
2019-05-15,0.01,30.88,47.45,3.0
2019-05-16,0.04,31.27,45.27,2.8
2019-05-17,0.0,31.36,46.58,3.25
2019-05-18,0.05,31.77,47.35,2.71
2019-05-19,0.72,31.99,47.37,2.55
2019-05-20,1.29,32.05,46.52,3.09
2019-05-21,2.33,31.55,48.09,3.24
2019-05-22,1.57,30.86,52.21,2.35
2019-05-23,4.85,30.17,57.66,3.51
2019-05-24,7.35,29.23,64.25,2.38
2019-05-25,3.67,29.41,63.23,3.72
2019-05-26,0.15,28.36,62.95,3.82
2019-05-27,0.01,29.6,58.56,2.83
2019-05-28,5.65,30.2,57.39,3.1
2019-05-29,2.55,29.55,59.27,3.98
2019-05-30,0.53,29.94,60.28,3.93
2019-05-31,0.05,28.84,61.42,3.96
2019-06-01,0.0,29.47,58.68,2.94
2019-06-02,3.89,29.54,59.73,4.16
2019-06-03,21.14,25.75,74.62,3.4
2019-06-04,0.0,26.99,66.17,3.51
2019-06-05,4.6,28.34,70.53,2.52
2019-06-06,3.68,28.54,69.13,2.91
2019-06-07,0.34,28.31,68.21,2.39
2019-06-08,0.05,28.56,66.51,2.13
2019-06-09,1.09,29.13,65.49,2.87
2019-06-10,0.21,27.5,67.01,2.95
2019-06-11,1.6,27.05,69.75,5.14
2019-06-12,4.97,26.76,74.21,6.59
2019-06-13,5.17,25.97,73.94,6.09
2019-06-14,2.58,26.22,70.18,4.72
2019-06-15,2.45,26.9,74.38,4.77
2019-06-16,0.19,27.57,70.31,4.55
2019-06-17,0.15,26.72,71.85,4.46
2019-06-18,5.85,26.2,75.37,4.29
2019-06-19,6.42,26.86,76.63,4.58
2019-06-20,3.6,26.4,75.27,4.67
2019-06-21,2.27,25.01,79.33,4.29
2019-06-22,3.01,24.88,76.5,4.06
2019-06-23,5.14,24.22,80.82,4.66
2019-06-24,4.37,24.71,77.37,4.37
2019-06-25,7.48,25.55,75.04,4.28
2019-06-26,2.1,25.34,77.58,4.75
2019-06-27,5.01,25.73,78.72,5.43
2019-06-28,5.91,25.47,79.39,5.38
2019-06-29,11.43,24.0,84.19,5.19
2019-06-30,18.16,25.05,82.4,5.07
2019-07-01,5.1,25.3,82.48,4.86
2019-07-02,4.42,25.7,80.89,5.22
2019-07-03,4.83,25.04,84.97,5.42
2019-07-04,4.31,25.36,84.15,5.65
2019-07-05,4.42,25.61,80.35,6.71
2019-07-06,3.29,25.26,80.74,6.66
2019-07-07,4.24,25.3,80.68,6.4
2019-07-08,4.16,25.15,81.02,6.02
2019-07-09,12.2,25.27,82.24,5.74
2019-07-10,10.86,23.62,83.8,5.89
2019-07-11,6.14,23.18,85.69,4.77
2019-07-12,2.76,24.12,80.94,4.05
2019-07-13,2.43,25.16,81.28,3.97
2019-07-14,5.84,24.76,84.58,3.84
2019-07-15,4.56,24.01,83.01,4.25
2019-07-16,5.14,23.27,81.33,3.85
2019-07-17,0.86,23.49,82.99,3.63
2019-07-18,2.61,23.39,81.9,4.27
2019-07-19,4.49,24.2,83.07,3.83
2019-07-20,7.73,24.4,88.44,4.22
2019-07-21,3.58,24.82,83.61,5.53
2019-07-22,10.75,24.79,85.41,5.59
2019-07-23,11.03,24.2,84.41,5.58
2019-07-24,5.65,23.96,85.54,4.84
2019-07-25,3.04,24.15,84.84,4.12
2019-07-26,7.18,23.69,85.89,4.32
2019-07-27,4.16,23.73,85.04,5.05
2019-07-28,3.77,23.78,85.75,5.36
2019-07-29,6.7,23.93,86.98,5.4
2019-07-30,3.39,23.76,85.38,5.18
2019-07-31,3.94,24.57,82.38,4.79
2019-08-01,1.49,24.94,81.14,5.36
2019-08-02,2.66,23.76,86.25,5.49
2019-08-03,10.35,23.94,84.34,6.21
2019-08-04,8.4,23.9,82.4,6.63
2019-08-05,19.25,24.5,83.3,6.98
2019-08-06,19.24,23.22,87.61,6.56
2019-08-07,17.73,23.74,86.67,7.35
2019-08-08,27.5,24.26,88.15,7.92
2019-08-09,14.42,24.49,86.67,7.47
2019-08-10,11.72,23.87,86.26,6.55
2019-08-11,4.24,23.83,86.39,5.02
2019-08-12,6.07,23.81,86.84,4.74
2019-08-13,10.89,24.03,87.14,4.66
2019-08-14,12.29,23.86,87.51,4.56
2019-08-15,6.51,23.64,89.73,4.26
2019-08-16,3.01,24.34,86.58,3.88
2019-08-17,2.25,23.8,87.61,3.34
2019-08-18,5.09,23.69,87.98,2.98
2019-08-19,3.03,23.79,87.44,2.84
2019-08-20,1.73,23.87,87.03,3.26
2019-08-21,4.77,22.74,88.44,3.8
2019-08-22,4.56,23.39,85.53,4.28
2019-08-23,4.23,23.84,85.77,4.51
2019-08-24,17.31,23.71,88.23,4.15
2019-08-25,2.07,23.82,86.12,3.67
2019-08-26,1.82,23.82,84.62,3.8
2019-08-27,0.92,23.6,85.85,3.31
2019-08-28,1.67,24.26,85.86,3.69
2019-08-29,4.33,24.67,85.27,3.64
2019-08-30,7.1,24.15,86.13,4.04
2019-08-31,7.61,24.01,87.4,4.24
2019-09-01,7.97,23.38,87.73,3.9
2019-09-02,5.91,23.54,86.48,4.03
2019-09-03,3.78,23.53,86.98,4.59
2019-09-04,9.5,23.19,89.05,4.9
2019-09-05,6.77,23.29,88.83,5.32
2019-09-06,7.48,24.22,87.79,5.56
2019-09-07,7.85,23.86,89.08,5.3
2019-09-08,3.54,23.69,88.25,5.23
2019-09-09,3.45,24.4,85.81,4.8
2019-09-10,1.55,24.61,85.11,4.08
2019-09-11,1.46,24.34,85.51,3.65
2019-09-12,3.69,24.08,87.15,3.95
2019-09-13,3.46,24.01,87.29,3.38
2019-09-14,2.99,24.66,84.52,3.35
2019-09-15,10.81,24.46,85.49,2.94
2019-09-16,5.51,24.25,85.31,3.34
2019-09-17,5.41,23.35,88.8,2.63
2019-09-18,5.4,23.76,91.06,2.68
2019-09-19,5.11,22.97,88.65,2.78
2019-09-20,0.85,23.75,83.99,2.78
2019-09-21,1.95,24.47,83.77,2.76
2019-09-22,1.99,25.03,84.0,1.91
2019-09-23,3.6,25.03,81.69,2.1
2019-09-24,15.39,24.41,85.35,1.93
2019-09-25,25.55,23.81,88.72,2.07
2019-09-26,14.71,23.31,91.61,2.06
2019-09-27,2.94,23.95,87.03,1.88
2019-09-28,5.06,24.34,85.08,1.19
2019-09-29,17.76,22.85,88.72,1.57
2019-09-30,5.96,23.72,84.98,1.25
2019-10-01,9.78,24.39,84.45,1.25
2019-10-02,1.66,24.39,86.78,1.36
2019-10-03,3.77,24.25,80.6,0.95
2019-10-04,7.72,24.55,82.24,0.87
2019-10-05,10.01,24.7,85.62,0.96
2019-10-06,5.82,23.74,88.28,0.59
2019-10-07,1.78,24.24,86.11,0.97
2019-10-08,0.8,24.74,84.52,0.89
2019-10-09,5.99,24.42,86.15,0.88
2019-10-10,6.29,24.73,84.39,0.69
2019-10-11,8.68,24.26,88.58,0.92
2019-10-12,3.98,23.79,88.58,1.29
2019-10-13,3.27,25.05,84.0,1.38
2019-10-14,2.59,24.9,85.96,1.88
2019-10-15,2.19,24.64,86.78,2.25
2019-10-16,2.34,23.79,91.37,2.58
2019-10-17,7.01,23.53,88.13,2.66
2019-10-18,18.43,23.43,88.47,2.25
2019-10-19,21.18,23.86,89.05,2.25
2019-10-20,24.45,23.31,89.68,1.66
2019-10-21,23.22,23.36,87.18,1.42
2019-10-22,35.04,23.08,91.2,1.4
2019-10-23,11.07,22.39,91.94,2.0
2019-10-24,19.34,22.31,91.14,2.95
2019-10-25,11.89,23.11,89.43,4.13
2019-10-26,9.89,22.91,90.41,2.58
2019-10-27,3.68,22.62,90.42,1.59
2019-10-28,7.88,23.71,87.41,1.74
2019-10-29,0.56,22.8,87.08,2.57
2019-10-30,3.85,22.6,88.51,3.11
2019-10-31,4.71,23.18,89.33,3.85
2019-11-01,0.68,22.98,86.58,2.32
2019-11-02,0.01,23.55,84.57,0.81
2019-11-03,0.0,23.86,86.14,1.35
2019-11-04,0.36,23.87,85.66,1.17
2019-11-05,1.07,24.38,82.94,1.09
2019-11-06,8.93,24.47,81.05,0.68
2019-11-07,5.58,23.49,88.94,1.06
2019-11-08,0.48,23.51,87.21,1.51
2019-11-09,0.08,23.81,81.19,1.32
2019-11-10,0.0,23.41,80.32,1.17
2019-11-11,0.0,22.69,82.8,1.57
2019-11-12,0.0,22.36,85.02,2.26
2019-11-13,0.0,22.0,85.53,2.71
2019-11-14,0.15,22.49,85.61,2.57
2019-11-15,1.17,23.68,86.73,2.42
2019-11-16,0.56,22.86,86.49,2.44
2019-11-17,0.37,21.85,87.22,2.24
2019-11-18,0.0,22.45,84.35,2.39
2019-11-19,0.13,23.87,85.21,2.16
2019-11-20,0.02,23.68,83.76,2.57
2019-11-21,0.01,23.37,82.61,3.17
2019-11-22,0.0,21.43,81.06,3.09
2019-11-23,0.0,20.47,77.13,2.94
2019-11-24,0.0,21.09,78.94,2.67
2019-11-25,0.0,21.7,78.84,2.99
2019-11-26,0.0,21.61,77.9,3.57
2019-11-27,0.01,22.08,80.88,3.24
2019-11-28,0.03,23.88,81.78,3.44
2019-11-29,0.01,23.84,78.76,3.12
2019-11-30,1.64,23.55,81.71,3.31
2019-12-01,11.76,23.35,88.06,3.79
2019-12-02,1.1,22.43,86.33,2.91
2019-12-03,0.32,22.33,82.71,3.63
2019-12-04,0.0,22.52,80.54,3.72
2019-12-05,0.0,22.06,80.31,3.74
2019-12-06,0.0,21.14,77.99,3.53
2019-12-07,0.0,21.26,78.92,3.03
2019-12-08,0.0,22.74,80.35,2.98
2019-12-09,0.0,22.38,78.55,3.08
2019-12-10,0.0,22.2,77.31,2.61
2019-12-11,0.0,22.24,76.84,2.25
2019-12-12,0.0,22.26,72.38,2.02
2019-12-13,0.0,22.59,74.02,2.1
2019-12-14,0.0,23.21,78.68,2.76
2019-12-15,0.0,23.35,76.59,2.78
2019-12-16,0.0,22.88,75.25,2.99
2019-12-17,0.0,23.0,75.62,3.58
2019-12-18,0.0,21.83,72.45,3.29
2019-12-19,0.0,22.2,72.77,3.34
2019-12-20,0.01,21.78,74.41,2.59
2019-12-21,1.6,23.21,75.16,2.55
2019-12-22,0.0,23.37,75.04,2.67
2019-12-23,0.0,23.12,73.4,2.62
2019-12-24,0.0,23.12,71.97,2.41
2019-12-25,0.0,23.7,71.93,2.3
2019-12-26,0.0,24.5,70.62,1.14
2019-12-27,0.0,25.05,68.77,1.09
2019-12-28,0.0,24.07,69.66,2.83
2019-12-29,0.0,23.95,70.13,2.78
2019-12-30,0.0,23.76,70.9,1.66
2019-12-31,0.0,24.05,70.49,1.18
2020-01-01,0.0,23.76,74.42,1.72
2020-01-02,0.0,24.46,71.75,0.89
2020-01-03,0.0,23.85,72.5,1.57
2020-01-04,0.0,22.45,72.85,2.0
2020-01-05,0.0,22.85,67.84,1.72
2020-01-06,0.0,23.93,73.49,3.82
2020-01-07,0.0,25.03,66.6,2.77
2020-01-08,0.0,24.11,71.09,2.01
2020-01-09,0.0,24.5,72.5,1.02
2020-01-10,0.0,24.28,68.4,2.76
2020-01-11,0.0,23.51,66.56,2.98
2020-01-12,0.0,22.83,63.52,2.71
2020-01-13,0.0,22.77,65.19,1.48
2020-01-14,0.0,23.08,65.04,0.47
2020-01-15,0.0,22.49,62.02,1.81
2020-01-16,0.0,21.65,62.64,1.43
2020-01-17,0.01,22.19,65.79,1.19
2020-01-18,0.71,23.5,66.22,1.58
2020-01-19,0.0,24.71,63.53,1.48
2020-01-20,0.0,25.2,55.64,2.33
2020-01-21,0.0,24.13,52.44,3.01
2020-01-22,0.0,23.34,53.9,3.68
2020-01-23,0.0,24.17,54.03,3.3
2020-01-24,0.0,23.79,48.76,2.96
2020-01-25,0.0,24.05,43.48,2.34
2020-01-26,0.0,24.66,43.47,1.61
2020-01-27,0.0,24.2,60.15,2.32
2020-01-28,0.0,23.32,75.41,2.57
2020-01-29,0.0,22.85,69.13,1.95
2020-01-30,0.0,23.36,66.9,1.72
2020-01-31,0.0,23.16,66.86,1.98
2020-02-01,0.0,23.56,70.01,2.27
2020-02-02,0.0,24.68,62.55,1.63
2020-02-03,0.0,25.29,55.17,1.3
2020-02-04,0.0,24.67,55.28,1.6
2020-02-05,0.0,24.88,57.94,1.86
2020-02-06,0.0,24.26,66.71,2.29
2020-02-07,0.0,23.13,70.95,2.49
2020-02-08,0.0,21.48,67.64,2.42
2020-02-09,0.0,23.39,59.6,1.29
2020-02-10,0.0,25.53,55.43,3.02
2020-02-11,0.0,25.5,50.91,3.73
2020-02-12,0.0,25.22,48.21,3.65
2020-02-13,0.0,25.21,46.06,2.8
2020-02-14,0.0,25.74,40.47,1.17
2020-02-15,0.0,26.18,32.43,0.65
2020-02-16,0.0,25.62,32.2,2.23
2020-02-17,0.0,25.62,31.65,2.87
2020-02-18,0.0,25.64,34.44,2.89
2020-02-19,0.0,26.28,35.48,2.04
2020-02-20,0.0,26.47,38.99,2.62
2020-02-21,0.0,25.69,33.49,3.36
2020-02-22,0.0,25.53,35.98,3.57
2020-02-23,0.0,25.95,40.89,3.56
2020-02-24,0.0,26.92,39.48,2.51
2020-02-25,0.0,27.19,36.87,1.42
2020-02-26,0.0,28.32,41.44,2.64
2020-02-27,0.0,28.39,44.59,2.29
2020-02-28,0.0,28.4,43.29,1.63
2020-02-29,0.79,28.41,46.04,1.73
2020-03-01,0.73,28.11,53.1,1.51
2020-03-02,0.23,28.22,53.3,1.72
2020-03-03,0.16,27.42,54.37,3.07
2020-03-04,0.0,26.01,55.01,2.9
2020-03-05,0.0,24.99,61.87,2.99
2020-03-06,0.01,24.64,63.63,3.22
2020-03-07,0.0,25.34,59.35,2.47
2020-03-08,0.0,27.16,57.55,2.1
2020-03-09,0.0,27.65,56.58,2.27
2020-03-10,0.0,27.84,54.84,2.39
2020-03-11,0.0,27.22,59.84,2.81
2020-03-12,0.0,27.24,58.41,2.5
2020-03-13,0.0,28.31,50.12,1.79
2020-03-14,0.0,29.0,44.58,1.43
2020-03-15,0.0,30.26,35.73,1.15
2020-03-16,0.0,30.69,35.73,1.54
2020-03-17,0.0,30.64,34.02,2.35
2020-03-18,0.07,29.94,45.05,1.68
2020-03-19,0.03,30.3,45.02,2.35
2020-03-20,0.0,29.55,38.03,2.83
2020-03-21,0.0,28.22,36.05,1.99
2020-03-22,0.0,28.41,46.78,1.58
2020-03-23,0.0,29.45,46.92,1.17
2020-03-24,0.04,30.57,42.78,1.36
2020-03-25,0.06,30.16,45.72,1.55
2020-03-26,0.01,30.61,40.28,2.35
2020-03-27,0.0,30.34,32.42,1.86
2020-03-28,0.0,29.99,24.45,2.91
2020-03-29,0.0,29.6,23.86,2.38
2020-03-30,0.0,29.92,40.31,2.1
2020-03-31,0.0,30.18,26.12,2.15
2020-04-01,0.0,30.52,29.93,1.79
2020-04-02,0.0,30.73,45.47,2.17
2020-04-03,0.0,31.51,45.1,1.87
2020-04-04,0.0,31.29,45.45,1.66
2020-04-05,0.49,30.11,53.44,2.6
2020-04-06,1.24,30.37,52.35,1.83
2020-04-07,10.42,28.46,61.03,2.11
2020-04-08,16.71,27.35,67.44,1.57
2020-04-09,0.09,27.48,54.96,2.04
2020-04-10,0.06,28.99,54.9,1.55
2020-04-11,0.16,28.2,51.62,2.19
2020-04-12,0.03,29.18,45.5,2.34
2020-04-13,0.0,29.38,43.25,2.5
2020-04-14,0.0,29.57,33.43,3.17
2020-04-15,0.0,29.74,35.24,2.52
2020-04-16,0.2,29.97,45.15,1.9
2020-04-17,0.26,30.83,49.38,1.5
2020-04-18,4.5,30.3,53.75,1.79
2020-04-19,1.97,30.53,52.83,2.51
2020-04-20,1.09,30.8,43.88,1.9
2020-04-21,2.18,30.33,53.32,1.92
2020-04-22,0.0,30.73,51.68,2.3
2020-04-23,0.57,30.58,54.25,3.22
2020-04-24,1.44,29.34,59.39,3.05
2020-04-25,1.01,29.64,59.64,3.15
2020-04-26,0.0,30.81,50.72,2.28
2020-04-27,0.0,30.84,45.13,3.39
2020-04-28,0.98,31.35,49.88,2.27
2020-04-29,0.65,29.4,55.46,2.36
2020-04-30,1.86,30.07,55.74,2.14
2020-05-01,4.68,29.45,61.29,2.0
2020-05-02,2.97,29.74,61.56,1.81
2020-05-03,2.82,29.9,62.39,1.59
2020-05-04,3.78,30.15,61.71,1.3
2020-05-05,0.35,30.46,56.43,1.68
2020-05-06,0.91,30.56,58.5,2.17
2020-05-07,6.58,27.65,69.44,1.75
2020-05-08,1.07,28.75,66.28,1.45
2020-05-09,0.01,29.78,62.04,1.5
2020-05-10,1.35,30.16,56.76,1.35
2020-05-11,2.08,30.29,51.28,2.06
2020-05-12,0.67,30.67,56.16,1.92
2020-05-13,1.0,30.52,56.21,2.37
2020-05-14,1.48,30.98,56.68,2.27
2020-05-15,2.25,28.81,67.16,2.08
2020-05-16,2.21,28.87,63.66,2.31
2020-05-17,2.73,28.0,69.61,3.24
2020-05-18,3.07,26.32,76.26,4.06
2020-05-19,3.18,27.44,72.12,4.61
2020-05-20,1.41,28.48,66.25,3.91
2020-05-21,0.0,28.73,63.32,4.01
2020-05-22,0.0,29.72,59.45,3.45
2020-05-23,0.0,30.41,59.25,3.59
2020-05-24,0.05,30.71,57.24,3.28
2020-05-25,1.97,29.88,61.02,3.4
2020-05-26,5.5,28.43,71.05,3.19
2020-05-27,1.72,28.2,69.46,3.65
2020-05-28,0.02,27.63,68.73,4.07
2020-05-29,4.15,28.22,68.83,4.15
2020-05-30,13.29,27.45,75.79,2.17
2020-05-31,4.74,26.22,80.64,2.51
2020-06-01,13.09,25.54,81.67,1.95
2020-06-02,4.57,25.51,81.08,3.61
2020-06-03,6.72,25.05,82.66,4.98
2020-06-04,6.34,25.45,77.97,4.39
2020-06-05,1.16,25.73,75.09,4.17
2020-06-06,2.9,25.23,73.44,4.03
2020-06-07,0.69,26.02,74.4,4.16
2020-06-08,0.71,25.66,72.39,4.34
2020-06-09,0.46,26.13,65.75,4.14
2020-06-10,3.47,26.32,74.84,4.57
2020-06-11,10.03,24.25,83.02,4.31
2020-06-12,10.71,23.74,83.07,4.87
2020-06-13,2.15,24.78,76.89,5.62
2020-06-14,3.56,25.2,77.72,6.61
2020-06-15,5.62,26.13,78.75,5.78
2020-06-16,9.89,25.81,82.86,5.35
2020-06-17,10.02,25.02,84.5,5.1
2020-06-18,4.07,24.41,83.97,4.66
2020-06-19,3.07,25.38,80.04,4.68
2020-06-20,0.43,25.38,74.5,4.39
2020-06-21,5.22,24.78,81.06,4.04
2020-06-22,6.08,24.38,83.8,4.28
2020-06-23,1.41,24.79,75.87,4.0
2020-06-24,1.15,25.13,76.43,3.46
2020-06-25,13.74,25.46,77.53,2.35
2020-06-26,23.36,24.56,83.34,2.75
2020-06-27,1.36,25.26,82.61,3.25
2020-06-28,2.71,25.22,84.19,3.65
2020-06-29,5.3,24.79,86.55,3.31
2020-06-30,2.98,23.82,87.76,3.35
2020-07-01,2.08,24.42,81.13,4.41
2020-07-02,9.47,23.36,86.29,5.07
2020-07-03,7.85,24.74,83.15,6.03
2020-07-04,9.85,24.67,82.67,5.97
2020-07-05,2.55,24.0,84.13,5.72
2020-07-06,2.21,24.7,81.45,5.34
2020-07-07,8.95,24.45,82.92,5.77
2020-07-08,10.53,23.93,84.86,4.21
2020-07-09,23.1,23.91,87.27,3.87
2020-07-10,5.02,23.61,86.24,4.04
2020-07-11,18.12,23.84,82.2,3.88
2020-07-12,12.31,23.45,84.78,3.58
2020-07-13,3.05,23.29,86.28,3.45
2020-07-14,4.37,23.32,89.66,4.03
2020-07-15,8.17,22.78,88.36,4.88
2020-07-16,16.43,23.57,87.49,4.77
2020-07-17,12.0,23.57,87.36,4.51
2020-07-18,5.67,23.82,87.3,3.89
2020-07-19,5.49,24.05,86.13,2.66
2020-07-20,30.88,24.22,88.06,1.93
2020-07-21,9.98,24.99,83.82,1.77
2020-07-22,32.22,24.73,86.87,1.01
2020-07-23,22.82,24.34,88.81,1.09
2020-07-24,18.19,24.36,84.46,1.85
2020-07-25,2.92,22.78,89.76,3.03
2020-07-26,3.65,23.07,88.32,3.33
2020-07-27,10.45,23.74,86.71,3.24
2020-07-28,18.95,23.58,89.66,3.37
2020-07-29,30.56,23.94,90.14,3.07
2020-07-30,6.98,24.16,88.65,3.05
2020-07-31,4.94,24.26,88.42,3.11
2020-08-01,6.5,23.3,89.76,3.33
2020-08-02,6.39,23.31,87.68,4.83
2020-08-03,8.61,23.41,89.42,5.73
2020-08-04,22.04,23.0,90.49,7.13
2020-08-05,17.63,23.56,89.8,7.77
2020-08-06,14.95,24.75,87.67,7.27
2020-08-07,12.58,24.62,88.47,6.55
2020-08-08,7.45,23.48,90.46,5.11
2020-08-09,11.54,23.42,91.26,4.59
2020-08-10,13.06,23.51,92.1,4.07
2020-08-11,3.93,23.48,90.05,4.51
2020-08-12,2.87,23.41,89.92,4.52
2020-08-13,1.04,22.95,91.67,4.21
2020-08-14,1.83,23.18,90.23,4.71
2020-08-15,6.59,23.39,90.21,4.95
2020-08-16,22.54,23.58,90.98,4.67
2020-08-17,8.79,23.9,89.25,4.66
2020-08-18,2.93,23.78,89.17,4.22
2020-08-19,1.99,23.99,88.46,4.14
2020-08-20,5.64,23.54,89.86,4.58
2020-08-21,3.65,23.77,89.27,4.53
2020-08-22,4.13,23.59,89.68,4.09
2020-08-23,2.45,23.98,88.99,3.5
2020-08-24,0.97,24.3,88.12,3.28
2020-08-25,0.33,24.13,87.33,3.05
2020-08-26,0.02,24.0,86.73,2.6
2020-08-27,0.6,23.83,87.08,3.21
2020-08-28,2.24,23.48,88.34,3.1
2020-08-29,4.15,24.01,88.33,3.17
2020-08-30,3.54,23.99,88.95,2.62
2020-08-31,0.55,23.56,90.23,2.07
2020-09-01,2.97,24.08,88.53,2.28
2020-09-02,13.28,23.54,90.51,1.75
2020-09-03,16.92,24.74,86.42,1.8
2020-09-04,4.22,25.35,85.6,1.49
2020-09-05,2.03,25.9,83.3,1.83
2020-09-06,10.04,25.81,84.99,1.67
2020-09-07,5.9,24.76,87.35,1.36
2020-09-08,32.88,24.77,86.47,0.89
2020-09-09,6.32,24.74,87.12,1.42
2020-09-10,8.03,23.85,91.17,1.65
2020-09-11,13.61,23.42,90.39,3.46
2020-09-12,15.17,22.76,90.74,3.92
2020-09-13,12.77,22.27,91.29,3.46
2020-09-14,2.48,22.07,89.99,3.51
2020-09-15,11.82,22.62,90.02,3.44
2020-09-16,3.62,23.32,89.72,3.47
2020-09-17,8.95,23.54,90.25,3.37
2020-09-18,10.48,23.6,91.11,3.97
2020-09-19,7.97,22.8,91.1,3.82
2020-09-20,22.44,22.26,92.06,4.51
2020-09-21,14.43,21.89,90.04,6.06
2020-09-22,5.24,21.83,89.96,5.21
2020-09-23,5.73,22.39,89.67,4.25
2020-09-24,3.67,22.51,91.14,3.25
2020-09-25,9.69,23.41,90.63,3.02
2020-09-26,5.81,22.2,93.59,3.26
2020-09-27,1.57,22.91,88.38,2.4
2020-09-28,1.47,23.44,88.01,2.06
2020-09-29,2.74,23.71,89.44,2.83
2020-09-30,3.89,23.39,88.9,2.76
2020-10-01,2.75,22.46,90.57,2.33
2020-10-02,4.31,23.64,87.93,1.99
2020-10-03,6.77,23.06,91.27,2.62
2020-10-04,1.49,23.01,89.07,2.76
2020-10-05,0.33,21.96,89.43,2.39
2020-10-06,0.9,23.87,87.9,1.92
2020-10-07,1.67,24.5,86.51,2.02
2020-10-08,0.05,24.48,80.1,1.08
2020-10-09,35.1,24.23,88.3,1.65
2020-10-10,22.22,22.5,92.8,2.45
2020-10-11,15.3,22.27,91.79,3.16
2020-10-12,38.75,22.42,94.57,3.23
2020-10-13,26.52,22.76,93.09,2.01
2020-10-14,50.29,23.06,93.99,4.23
2020-10-15,5.51,22.84,90.79,4.16
2020-10-16,2.38,22.82,90.48,2.47
2020-10-17,0.31,23.04,89.23,1.92
2020-10-18,0.29,23.15,88.29,1.76
2020-10-19,2.71,23.54,88.12,1.62
2020-10-20,25.5,23.45,91.1,1.67
2020-10-21,19.28,22.84,92.93,1.0
2020-10-22,2.83,23.14,92.88,1.43
2020-10-23,1.33,23.63,89.87,1.51
2020-10-24,1.55,22.95,93.33,1.05
2020-10-25,0.49,24.05,84.67,0.81
2020-10-26,0.21,23.88,87.08,1.24
2020-10-27,0.04,23.27,85.42,1.71
2020-10-28,0.0,22.31,84.89,1.94
2020-10-29,0.2,21.69,85.57,1.91
2020-10-30,0.03,22.43,84.45,1.54
2020-10-31,0.75,22.95,82.78,1.3
2020-11-01,0.03,22.94,83.63,1.37
2020-11-02,0.0,22.39,81.56,1.5
2020-11-03,0.0,23.59,85.61,1.91
2020-11-04,0.0,22.81,86.08,2.16
2020-11-05,0.02,22.12,81.8,2.31
2020-11-06,0.45,23.09,85.59,2.34
2020-11-07,0.76,23.5,88.55,2.49
2020-11-08,0.01,23.53,87.33,2.73
2020-11-09,0.0,21.62,86.05,1.99
2020-11-10,0.0,18.69,80.44,2.36
2020-11-11,0.0,19.21,82.45,2.4
2020-11-12,0.2,22.08,89.75,2.79
2020-11-13,0.56,23.62,87.0,3.12
2020-11-14,0.05,23.2,84.65,3.18
2020-11-15,2.31,22.98,86.83,3.42
2020-11-16,2.71,23.68,87.8,3.19
2020-11-17,1.53,23.41,86.91,3.15
2020-11-18,0.07,23.82,84.22,2.51
2020-11-19,0.0,23.94,82.62,2.86
2020-11-20,0.01,23.07,79.04,2.62
2020-11-21,0.03,21.78,76.7,2.04
2020-11-22,0.0,22.26,75.97,1.92
2020-11-23,0.0,21.48,78.58,1.8
2020-11-24,0.0,22.42,83.12,2.25
2020-11-25,0.04,22.84,82.87,2.85
2020-11-26,0.4,21.49,86.95,2.93
2020-11-27,1.52,20.71,86.36,3.13
2020-11-28,1.73,22.25,85.52,2.62
2020-11-29,0.11,22.93,81.88,2.96
2020-11-30,0.0,23.02,79.49,3.2
2020-12-01,0.0,21.63,77.86,2.86
2020-12-02,0.0,20.5,76.57,2.48
2020-12-03,0.01,21.39,80.17,2.39
2020-12-04,0.0,22.81,82.27,2.96
2020-12-05,0.0,22.85,81.2,2.95
2020-12-06,0.26,23.08,81.31,3.76
2020-12-07,1.65,22.85,83.25,4.08
2020-12-08,5.78,23.4,83.2,3.62
2020-12-09,1.58,23.38,81.94,3.13
2020-12-10,0.16,21.95,72.0,2.36
2020-12-11,0.07,21.62,69.7,1.95
2020-12-12,0.0,20.66,68.64,2.11
2020-12-13,0.0,21.17,71.17,1.67
2020-12-14,0.0,21.8,71.23,1.77
2020-12-15,0.0,21.03,72.59,2.73
2020-12-16,0.0,21.74,77.06,3.03
2020-12-17,0.0,22.68,76.95,2.93
2020-12-18,0.0,22.24,74.7,2.99
2020-12-19,0.0,21.81,77.41,3.42
2020-12-20,0.0,21.26,75.87,3.72
2020-12-21,0.0,19.71,70.8,3.18
2020-12-22,0.0,19.29,68.29,2.55
2020-12-23,0.0,21.08,72.43,2.39
2020-12-24,0.0,23.18,72.53,1.79
2020-12-25,0.0,22.76,71.95,2.96
2020-12-26,0.0,21.32,69.32,2.89
2020-12-27,0.0,20.81,67.94,2.49
2020-12-28,0.0,21.27,64.72,1.99
2020-12-29,0.0,21.15,62.47,2.55
2020-12-30,0.0,22.98,71.65,3.04
2020-12-31,0.14,23.33,73.68,3.77
2021-01-01,0.01,21.54,69.3,3.62
2021-01-02,0.0,21.35,68.59,3.3
2021-01-03,0.03,23.33,68.44,3.06
2021-01-04,0.04,23.68,70.19,2.98
2021-01-05,0.19,22.69,73.06,2.12
2021-01-06,11.55,24.44,76.92,2.06
2021-01-07,35.48,22.7,87.93,2.49
2021-01-08,4.19,21.51,91.24,1.78
2021-01-09,0.66,22.86,85.2,2.61
2021-01-10,0.08,22.73,79.3,2.64
2021-01-11,0.0,22.52,74.92,2.89
2021-01-12,0.0,23.0,73.03,3.43
2021-01-13,0.0,22.17,74.58,3.13
2021-01-14,0.0,21.72,73.37,2.79
2021-01-15,0.0,23.15,71.64,2.38
2021-01-16,0.0,23.36,72.51,2.05
2021-01-17,0.0,23.61,70.75,2.54
2021-01-18,0.0,22.93,68.34,2.94
2021-01-19,0.0,22.38,70.13,2.38
2021-01-20,0.0,22.59,63.52,1.79
2021-01-21,0.0,22.93,54.81,1.1
2021-01-22,0.0,22.68,66.98,1.11
2021-01-23,0.0,23.13,66.86,1.8
2021-01-24,0.0,23.07,60.69,1.71
2021-01-25,0.0,22.51,54.97,2.02
2021-01-26,0.0,22.46,49.27,1.91
2021-01-27,0.0,21.86,53.43,1.92
2021-01-28,0.0,21.52,60.02,2.47
2021-01-29,0.0,22.33,55.84,2.5
2021-01-30,0.0,22.68,53.24,1.8
2021-01-31,0.0,22.85,53.26,2.51
2021-02-01,0.0,22.2,53.28,3.56
2021-02-02,0.0,22.48,56.72,3.32
2021-02-03,0.0,22.81,60.24,2.67
2021-02-04,0.0,23.26,56.41,2.27
2021-02-05,0.0,22.76,56.97,1.67
2021-02-06,0.0,23.29,51.41,2.04
2021-02-07,0.0,22.52,47.26,3.59
2021-02-08,0.0,21.73,46.83,3.64
2021-02-09,0.0,22.15,49.82,3.05
2021-02-10,0.0,22.54,44.36,2.44
2021-02-11,0.0,22.75,43.56,2.49
2021-02-12,0.0,23.32,45.59,2.36
2021-02-13,0.0,22.74,45.14,2.18
2021-02-14,0.0,22.99,43.95,1.48
2021-02-15,0.0,23.55,47.61,1.37
2021-02-16,0.0,23.96,56.78,1.96
2021-02-17,0.01,25.24,61.99,1.24
2021-02-18,12.67,24.85,58.18,1.88
2021-02-19,8.82,20.77,67.12,3.47
2021-02-20,2.65,21.19,67.96,4.21
2021-02-21,3.02,21.96,71.33,3.24
2021-02-22,1.06,22.91,65.58,2.46
2021-02-23,0.01,24.15,61.2,2.53
2021-02-24,0.0,24.96,55.97,1.76
2021-02-25,0.0,25.74,55.17,1.15
2021-02-26,0.0,25.63,64.19,1.65
2021-02-27,0.0,26.32,59.71,1.23
2021-02-28,0.0,26.82,52.01,1.74
2021-03-01,0.0,25.76,42.9,2.19
2021-03-02,0.0,26.02,41.61,2.15
2021-03-03,0.0,25.91,41.21,3.19
2021-03-04,0.0,25.57,36.28,3.78
2021-03-05,0.0,25.56,30.67,2.72
2021-03-06,0.0,25.94,32.85,1.29
2021-03-07,0.0,26.66,43.36,1.68
2021-03-08,0.0,26.5,31.03,2.79
2021-03-09,0.0,25.83,32.81,3.25
2021-03-10,0.0,26.56,32.07,2.74
2021-03-11,0.0,26.39,45.13,1.92
2021-03-12,0.0,27.42,47.68,1.36
2021-03-13,0.0,26.55,26.02,2.62
2021-03-14,0.0,26.75,33.36,3.11
2021-03-15,0.0,27.5,30.19,2.43
2021-03-16,0.0,27.67,33.49,2.24
2021-03-17,0.0,28.15,30.07,2.34
2021-03-18,0.0,28.19,37.9,1.9
2021-03-19,0.0,28.11,44.18,1.13
2021-03-20,0.0,28.37,40.82,1.85
2021-03-21,0.01,28.04,39.07,1.42
2021-03-22,0.0,29.36,31.45,2.07
2021-03-23,0.0,30.11,29.45,2.24
2021-03-24,0.69,29.6,32.67,2.2
2021-03-25,0.27,29.21,35.21,1.23
2021-03-26,0.0,30.0,30.96,2.4
2021-03-27,0.0,30.45,33.19,2.36
2021-03-28,0.0,30.76,44.47,1.6
2021-03-29,0.01,30.71,41.13,1.64
2021-03-30,0.01,29.49,53.43,2.99
2021-03-31,0.0,29.95,51.91,2.61
2021-04-01,0.0,29.09,49.22,3.26
2021-04-02,0.0,28.79,49.7,3.19
2021-04-03,0.0,28.08,52.73,3.55
2021-04-04,0.0,29.03,48.59,2.63
2021-04-05,0.0,30.14,43.81,2.61
2021-04-06,0.0,30.94,30.11,2.2
2021-04-07,0.0,31.51,32.09,1.64
2021-04-08,0.0,30.51,41.79,1.47
2021-04-09,0.81,30.62,40.39,1.23
2021-04-10,0.32,31.58,35.24,1.63
2021-04-11,0.24,30.71,34.01,2.29
2021-04-12,0.28,31.12,34.53,2.0
2021-04-13,0.43,30.43,44.86,1.76
2021-04-14,3.9,30.33,46.71,1.42
2021-04-15,2.26,29.46,52.01,1.54
2021-04-16,0.04,29.29,55.22,1.96
2021-04-17,0.02,30.62,51.91,1.94
2021-04-18,2.25,30.09,53.14,2.12
2021-04-19,1.65,28.17,63.35,3.02
2021-04-20,0.23,28.64,56.05,2.52
2021-04-21,2.16,29.29,54.76,2.31
2021-04-22,7.17,28.99,59.25,2.69
2021-04-23,5.56,26.49,71.52,2.03
2021-04-24,0.35,28.74,63.1,1.1
2021-04-25,0.18,29.33,58.99,1.54
2021-04-26,0.03,29.5,57.05,1.63
2021-04-27,0.2,29.39,56.99,1.35
2021-04-28,0.27,29.75,55.88,1.52
2021-04-29,4.03,30.27,53.93,1.8
2021-04-30,2.7,29.75,57.33,1.6
2021-05-01,3.79,30.07,58.45,1.23
2021-05-02,8.9,28.15,68.51,1.26
2021-05-03,0.71,29.07,63.81,1.64
2021-05-04,3.52,28.64,67.52,1.47
2021-05-05,5.09,29.27,66.91,1.43
2021-05-06,4.5,29.18,67.07,1.34
2021-05-07,0.73,29.52,64.84,0.93
2021-05-08,1.24,29.59,64.1,1.58
2021-05-09,2.5,27.85,71.13,1.77
2021-05-10,2.15,27.9,72.66,1.7
2021-05-11,7.17,26.57,80.2,2.04
2021-05-12,3.05,27.59,75.13,2.12
2021-05-13,4.77,27.06,76.29,2.2
2021-05-14,3.89,27.72,72.19,2.41
2021-05-15,23.23,25.42,79.84,4.72
2021-05-16,18.73,26.31,77.9,5.57
2021-05-17,6.13,25.62,82.68,3.95
2021-05-18,6.18,25.87,82.24,3.39
2021-05-19,3.33,25.93,81.92,3.56
2021-05-20,2.43,25.5,79.9,3.52
2021-05-21,10.84,25.31,79.26,3.31
2021-05-22,11.14,25.25,80.69,3.44
2021-05-23,14.13,25.61,78.36,3.6
2021-05-24,11.36,25.66,78.15,3.19
2021-05-25,8.0,24.41,87.71,3.69
2021-05-26,0.31,25.1,83.02,4.28
2021-05-27,0.34,25.23,79.38,4.19
2021-05-28,1.01,25.77,79.17,4.05
2021-05-29,1.34,26.08,78.16,3.48
2021-05-30,1.16,25.81,77.28,3.85
2021-05-31,0.75,26.44,76.51,3.28
2021-06-01,0.97,25.49,82.78,2.63
2021-06-02,3.07,26.12,77.0,1.61
2021-06-03,10.21,26.41,80.46,1.56
2021-06-04,8.78,25.83,81.77,1.99
2021-06-05,12.25,25.14,78.46,3.03
2021-06-06,2.38,24.95,77.59,3.12
2021-06-07,1.31,25.16,77.95,3.68
2021-06-08,1.94,25.45,78.88,3.78
2021-06-09,3.98,25.71,80.07,4.5
2021-06-10,2.24,25.23,80.17,4.56
2021-06-11,2.43,24.76,82.54,4.58
2021-06-12,6.89,23.05,82.47,6.41
2021-06-13,7.0,23.36,82.61,5.8
2021-06-14,11.96,24.14,83.25,6.02
2021-06-15,2.67,23.7,80.86,5.6
2021-06-16,15.82,24.66,85.73,5.94
2021-06-17,16.98,25.07,83.65,6.38
2021-06-18,9.74,24.61,84.04,5.94
2021-06-19,9.56,24.45,85.36,5.18
2021-06-20,6.77,24.2,86.65,4.12
2021-06-21,2.09,24.45,85.6,3.63
2021-06-22,0.49,24.85,83.08,3.38
2021-06-23,0.58,24.71,82.99,3.5
2021-06-24,0.47,24.1,84.96,3.58
2021-06-25,1.26,24.75,80.98,4.09
2021-06-26,2.27,24.38,82.53,4.21
2021-06-27,4.7,22.99,80.51,3.46
2021-06-28,0.77,24.11,77.95,2.7
2021-06-29,0.22,25.3,78.81,2.89
2021-06-30,0.1,26.0,77.71,3.39
2021-07-01,2.29,25.55,82.13,3.51
2021-07-02,2.22,24.66,84.13,2.93
2021-07-03,10.61,24.83,82.74,3.3
2021-07-04,5.75,24.09,86.33,2.63
2021-07-05,1.65,25.17,80.14,2.64
2021-07-06,1.98,24.92,83.12,2.43
2021-07-07,2.28,25.2,84.14,3.02
2021-07-08,6.42,24.09,86.6,3.09
2021-07-09,7.22,23.78,83.76,3.81
2021-07-10,2.34,21.72,86.69,4.55
2021-07-11,11.34,22.87,85.04,5.0
2021-07-12,4.34,23.61,83.14,5.66
2021-07-13,15.13,23.8,84.55,4.77
2021-07-14,17.77,24.0,86.74,5.87
2021-07-15,16.47,23.8,89.33,6.1
2021-07-16,4.97,24.11,86.1,5.09
2021-07-17,28.43,24.43,87.09,4.83
2021-07-18,28.97,23.55,92.74,5.5
2021-07-19,7.85,23.53,89.75,5.1
2021-07-20,4.15,23.96,86.72,5.95
2021-07-21,9.01,23.76,88.14,5.68
2021-07-22,23.58,22.58,91.75,6.83
2021-07-23,6.7,23.69,88.64,6.15
2021-07-24,5.21,24.48,86.47,5.14
2021-07-25,3.7,24.26,88.41,5.16
2021-07-26,2.28,23.83,87.41,5.17
2021-07-27,1.26,23.91,86.16,5.4
2021-07-28,0.54,24.04,85.13,5.21
2021-07-29,2.11,24.08,84.46,5.52
2021-07-30,2.88,23.62,87.36,5.12
2021-07-31,1.26,23.55,87.74,4.62
2021-08-01,1.2,23.72,85.7,5.04
2021-08-02,1.58,23.72,84.18,5.0
2021-08-03,9.87,24.14,84.51,4.93
2021-08-04,5.95,23.9,86.74,5.18
2021-08-05,2.84,24.32,84.97,5.51
2021-08-06,4.38,24.33,85.31,4.92
2021-08-07,11.95,24.75,84.81,4.24
2021-08-08,1.72,24.83,83.75,3.32
2021-08-09,0.15,24.8,84.26,2.8
2021-08-10,1.2,23.85,86.5,3.32
2021-08-11,0.9,24.74,83.5,3.27
2021-08-12,6.56,24.08,85.63,3.42
2021-08-13,2.09,24.27,84.81,3.73
2021-08-14,1.01,23.93,84.85,3.83
2021-08-15,0.76,23.85,85.12,4.06
2021-08-16,1.65,23.66,85.49,3.17
2021-08-17,2.79,24.04,82.71,3.26
2021-08-18,4.46,22.86,81.86,3.78
2021-08-19,1.77,23.03,83.22,3.99
2021-08-20,0.52,23.0,82.15,3.35
2021-08-21,1.71,21.97,85.6,3.03
2021-08-22,1.56,24.2,79.91,1.81
2021-08-23,3.17,24.52,81.39,2.39
2021-08-24,2.43,24.4,81.32,2.74
2021-08-25,1.65,24.68,83.08,2.62
2021-08-26,3.21,24.53,84.49,2.68
2021-08-27,2.62,24.53,84.82,3.09
2021-08-28,9.35,23.33,87.2,3.58
2021-08-29,3.65,23.12,81.3,4.17
2021-08-30,7.68,22.9,82.31,3.8
2021-08-31,3.24,23.35,82.39,3.5
2021-09-01,5.25,24.38,82.97,3.44
2021-09-02,8.96,23.99,85.38,2.95
2021-09-03,7.05,24.08,86.26,3.17
2021-09-04,10.41,23.67,88.29,3.56
2021-09-05,4.29,23.32,88.39,3.72
2021-09-06,6.63,23.01,85.84,4.38
2021-09-07,10.66,23.04,85.83,4.74
2021-09-08,4.97,24.01,84.67,5.14
2021-09-09,2.06,23.91,85.74,4.37
2021-09-10,1.52,24.01,84.65,4.31
2021-09-11,4.63,24.16,84.78,4.42
2021-09-12,5.99,23.86,87.26,4.94
2021-09-13,7.31,24.06,87.94,5.02
2021-09-14,5.31,24.15,86.76,4.12
2021-09-15,1.77,24.41,84.91,3.48
2021-09-16,0.28,23.81,86.11,3.16
2021-09-17,0.05,24.47,82.46,2.68
2021-09-18,0.01,24.66,80.29,2.41
2021-09-19,0.01,25.07,78.59,2.23
2021-09-20,0.43,25.17,80.51,2.45
2021-09-21,6.07,24.31,84.14,3.07
2021-09-22,3.39,24.47,83.94,2.92
2021-09-23,5.37,24.08,85.9,3.01
2021-09-24,0.63,24.73,83.21,2.67
2021-09-25,0.17,24.59,82.47,2.97
2021-09-26,0.25,23.8,84.85,2.73
2021-09-27,3.62,22.88,87.96,3.47
2021-09-28,4.47,23.02,84.61,3.75
2021-09-29,3.06,23.55,80.35,3.3
2021-09-30,1.78,24.89,80.19,2.18
2021-10-01,21.58,24.9,84.43,1.11
2021-10-02,14.71,25.14,82.2,1.79
2021-10-03,5.11,25.44,81.31,1.76
2021-10-04,3.13,26.03,79.8,1.09
2021-10-05,7.29,25.73,81.35,1.26
2021-10-06,45.33,25.09,85.39,1.0
2021-10-07,20.34,24.67,88.02,1.2
2021-10-08,1.29,24.02,89.53,2.11
2021-10-09,2.72,24.31,89.39,2.16
2021-10-10,3.37,23.83,90.56,2.04
2021-10-11,4.57,24.07,87.89,1.96
2021-10-12,3.25,23.07,88.6,1.95
2021-10-13,1.68,24.23,86.78,1.53
2021-10-14,0.45,24.95,83.61,0.94
2021-10-15,2.76,25.24,82.61,1.57
2021-10-16,0.37,25.07,78.23,0.96
2021-10-17,0.89,23.83,88.53,2.24
2021-10-18,0.29,24.25,84.73,2.66
2021-10-19,0.0,23.7,81.83,1.87
2021-10-20,0.78,24.55,82.69,0.94
2021-10-21,12.93,24.49,85.32,1.72
2021-10-22,7.4,24.72,81.49,1.82
2021-10-23,5.78,22.88,91.29,1.4
2021-10-24,7.21,23.1,89.98,1.49
2021-10-25,1.71,23.76,84.04,1.55
2021-10-26,0.27,23.43,82.16,1.8
2021-10-27,0.0,22.75,79.6,2.44
2021-10-28,0.0,22.6,75.76,1.84
2021-10-29,1.32,23.2,84.54,2.42
2021-10-30,0.94,24.07,84.33,2.36
2021-10-31,0.51,24.87,80.89,2.01
2021-11-01,1.91,24.61,82.82,2.48
2021-11-02,0.82,24.22,82.08,3.08
2021-11-03,3.91,23.5,83.2,2.66
2021-11-04,3.1,23.68,85.67,1.98
2021-11-05,6.23,23.77,84.51,1.63
2021-11-06,2.32,24.12,82.65,1.7
2021-11-07,0.02,22.59,85.54,1.46
2021-11-08,0.32,22.45,84.39,0.97
2021-11-09,0.17,23.59,79.68,1.57
2021-11-10,0.0,22.55,76.73,1.87
2021-11-11,1.0,20.22,84.85,1.34
2021-11-12,7.92,20.56,93.02,2.6
2021-11-13,4.35,23.95,86.01,2.38
2021-11-14,20.59,24.05,87.79,1.55
2021-11-15,14.67,24.29,86.18,2.87
2021-11-16,18.91,24.27,87.48,2.31
2021-11-17,9.13,24.08,88.43,1.9
2021-11-18,15.24,22.64,88.57,1.59
2021-11-19,17.24,22.08,94.22,2.0
2021-11-20,20.18,23.84,90.37,2.4
2021-11-21,2.39,23.1,91.37,1.51
2021-11-22,2.57,23.39,88.27,1.53
2021-11-23,0.26,23.88,87.16,1.44
2021-11-24,0.81,23.82,86.02,1.86
2021-11-25,0.11,23.49,85.95,2.53
2021-11-26,0.0,22.99,84.98,2.11
2021-11-27,0.0,21.8,84.74,2.49
2021-11-28,0.0,19.42,88.75,2.91
2021-11-29,2.14,22.06,86.66,3.22
2021-11-30,3.94,22.83,85.74,3.47
2021-12-01,3.96,22.97,86.08,2.74
2021-12-02,2.73,23.46,85.16,1.0
2021-12-03,0.36,23.82,82.74,0.81
2021-12-04,0.2,23.85,85.07,0.73
2021-12-05,0.01,23.23,84.09,1.2
2021-12-06,0.0,22.35,79.15,1.17
2021-12-07,0.0,22.11,77.74,1.45
2021-12-08,0.0,21.76,75.72,2.07
2021-12-09,0.41,22.41,79.17,1.83
2021-12-10,1.13,22.64,80.68,2.9
2021-12-11,0.15,22.31,83.04,3.14
2021-12-12,0.13,22.44,80.95,3.21
2021-12-13,0.0,21.63,83.22,2.78
2021-12-14,0.0,22.24,82.69,2.96
2021-12-15,0.0,20.72,86.2,2.62
2021-12-16,0.0,21.34,80.11,2.59
2021-12-17,0.0,21.1,75.73,2.07
2021-12-18,0.0,19.58,74.7,2.52
2021-12-19,0.0,18.75,69.82,2.73
2021-12-20,0.0,18.47,73.04,2.64
2021-12-21,0.0,19.8,68.13,1.25
2021-12-22,0.0,20.43,63.97,1.37
2021-12-23,0.0,21.0,67.55,0.94
2021-12-24,0.0,21.53,65.72,0.91
2021-12-25,0.0,22.37,62.56,0.75
2021-12-26,0.0,21.56,63.21,1.27
2021-12-27,0.0,21.09,69.52,2.18
2021-12-28,0.0,20.69,68.93,2.22
2021-12-29,0.0,20.96,72.32,2.41
2021-12-30,0.0,21.46,71.06,3.39
2021-12-31,0.03,22.36,77.77,3.94
2022-01-01,0.01,22.56,76.69,3.25
2022-01-02,0.0,22.36,71.82,3.2
2022-01-03,0.0,21.75,70.27,2.46
2022-01-04,0.0,21.29,70.08,2.65
2022-01-05,0.0,21.13,67.73,1.39
2022-01-06,0.0,21.51,65.55,1.58
2022-01-07,0.0,21.97,73.75,1.58
2022-01-08,0.0,22.79,75.52,1.12
2022-01-09,0.0,22.55,75.91,1.39
2022-01-10,0.0,22.44,74.51,1.35
2022-01-11,0.0,22.57,74.88,1.89
2022-01-12,0.0,21.18,75.79,1.93
2022-01-13,0.01,20.33,77.33,2.4
2022-01-14,0.0,20.3,78.25,2.14
2022-01-15,0.0,21.44,71.98,1.3
2022-01-16,0.0,23.43,69.33,2.11
2022-01-17,0.0,23.63,68.24,3.02
2022-01-18,0.0,22.83,66.31,2.62
2022-01-19,0.0,22.6,59.24,2.03
2022-01-20,0.0,22.48,57.87,1.67
2022-01-21,0.0,22.65,65.39,2.07
2022-01-22,0.0,22.18,75.22,2.69
2022-01-23,0.0,21.33,75.76,2.78
2022-01-24,0.0,20.44,71.78,2.39
2022-01-25,0.0,20.09,70.16,2.04
2022-01-26,0.04,21.66,66.99,0.9
2022-01-27,0.11,22.44,65.77,2.81
2022-01-28,0.0,22.17,61.46,3.83
2022-01-29,0.0,22.67,59.42,3.07
2022-01-30,0.0,24.18,65.15,1.67
2022-01-31,0.0,24.78,64.87,1.26
2022-02-01,0.0,24.87,59.34,0.87
2022-02-02,0.0,24.65,64.25,1.48
2022-02-03,0.0,23.7,67.72,2.37
2022-02-04,0.0,21.85,69.4,2.57
2022-02-05,0.0,22.57,67.49,1.65
2022-02-06,0.0,23.88,68.42,2.14
2022-02-07,0.0,24.88,65.24,1.58
2022-02-08,0.0,24.58,67.0,1.85
2022-02-09,0.0,25.11,61.96,1.09
2022-02-10,0.0,25.62,53.04,1.19
2022-02-11,0.0,24.62,45.09,3.51
2022-02-12,0.0,24.41,48.14,2.86
2022-02-13,0.0,24.19,48.41,2.1
2022-02-14,0.0,23.83,48.74,1.56
2022-02-15,0.0,23.99,56.79,2.01
2022-02-16,0.0,23.89,59.95,1.95
2022-02-17,0.0,24.03,59.17,1.13
2022-02-18,0.0,25.6,54.83,1.4
2022-02-19,0.0,25.74,49.08,1.72
2022-02-20,0.0,25.4,54.98,2.57
2022-02-21,0.0,25.5,61.63,2.21
2022-02-22,0.0,26.09,52.21,0.9
2022-02-23,0.0,26.94,43.04,2.7
2022-02-24,0.0,26.08,39.04,2.31
2022-02-25,0.0,25.1,31.51,3.0
2022-02-26,0.0,24.52,29.24,3.29
2022-02-27,0.0,24.5,39.99,2.68
2022-02-28,0.0,24.84,39.42,2.42
2022-03-01,0.0,25.42,34.42,2.75
2022-03-02,0.0,25.69,29.42,3.59
2022-03-03,0.0,25.83,29.84,4.02
2022-03-04,0.0,26.18,32.86,3.32
2022-03-05,0.0,26.64,30.74,3.18
2022-03-06,0.0,26.8,39.65,3.39
2022-03-07,0.0,27.46,39.35,4.28
2022-03-08,0.0,28.32,41.79,1.77
2022-03-09,0.0,28.59,41.16,1.84
2022-03-10,0.0,28.5,36.87,1.71
2022-03-11,0.0,28.53,36.61,1.81
2022-03-12,0.0,26.93,33.87,2.27
2022-03-13,0.0,27.89,33.88,3.16
2022-03-14,0.0,27.69,33.47,2.59
2022-03-15,0.0,28.57,27.17,1.89
2022-03-16,0.0,28.19,41.8,1.65
2022-03-17,0.0,28.89,38.46,1.26
2022-03-18,0.0,28.55,57.32,2.8
2022-03-19,0.17,27.39,61.68,3.7
2022-03-20,0.12,26.53,63.96,3.32
2022-03-21,0.06,27.84,59.39,2.5
2022-03-22,0.31,28.29,58.34,2.04
2022-03-23,0.36,29.5,56.06,1.71
2022-03-24,1.7,28.4,60.42,2.35
2022-03-25,0.08,29.3,56.6,2.1
2022-03-26,0.05,29.75,54.76,1.69
2022-03-27,0.13,30.53,50.23,1.59
2022-03-28,0.16,30.63,49.32,1.55
2022-03-29,0.0,30.92,53.31,2.23
2022-03-30,0.0,30.86,52.58,2.23
2022-03-31,0.0,30.83,49.82,2.02
2022-04-01,0.01,30.72,50.67,2.06
2022-04-02,0.26,30.55,48.16,1.66
2022-04-03,0.11,30.91,38.42,2.22
2022-04-04,0.15,30.98,38.87,1.93
2022-04-05,0.52,30.94,40.73,2.16
2022-04-06,0.46,31.52,30.34,2.69
2022-04-07,0.25,31.82,33.58,2.41
2022-04-08,0.21,31.32,33.45,1.96
2022-04-09,0.12,30.45,46.93,1.34
2022-04-10,0.43,29.57,48.42,1.22
2022-04-11,0.5,31.15,41.81,1.97
2022-04-12,0.0,31.32,33.88,2.45
2022-04-13,0.09,30.35,46.09,2.16
2022-04-14,0.93,28.68,57.18,2.36
2022-04-15,0.21,28.38,57.3,1.91
2022-04-16,3.6,29.32,57.7,2.5
2022-04-17,4.19,28.21,64.8,2.62
2022-04-18,14.06,27.39,70.87,1.48
2022-04-19,16.25,26.06,74.35,1.9
2022-04-20,2.37,28.47,63.11,0.93
2022-04-21,1.69,28.25,65.68,1.12
2022-04-22,10.53,27.16,71.42,1.42
2022-04-23,0.19,27.15,67.39,1.37
2022-04-24,0.04,27.41,64.28,2.07
2022-04-25,1.87,28.3,61.75,1.24
2022-04-26,6.75,28.18,67.37,1.62
2022-04-27,0.0,29.8,59.13,0.93
2022-04-28,1.69,27.69,72.28,1.82
2022-04-29,5.05,29.06,65.79,1.41
2022-04-30,0.01,29.24,64.21,3.04
2022-05-01,0.04,29.24,60.56,2.71
2022-05-02,0.05,29.0,61.93,3.0
2022-05-03,1.28,29.22,61.95,2.65
2022-05-04,11.29,27.55,73.52,1.79
2022-05-05,21.68,25.78,80.31,1.98
2022-05-06,4.86,27.29,73.63,1.9
2022-05-07,1.28,28.15,68.25,2.83
2022-05-08,2.14,28.5,69.93,2.18
2022-05-09,2.38,27.84,73.78,3.57
2022-05-10,1.17,28.08,69.71,4.9
2022-05-11,10.66,25.96,78.4,4.97
2022-05-12,7.52,25.17,80.57,4.44
2022-05-13,1.2,26.37,78.11,3.4
2022-05-14,0.06,27.37,72.7,2.92
2022-05-15,0.22,26.03,80.32,3.02
2022-05-16,18.63,26.32,82.18,2.88
2022-05-17,15.28,25.25,78.47,3.58
2022-05-18,48.08,26.36,77.05,1.76
2022-05-19,29.88,24.16,89.3,3.91
2022-05-20,18.58,23.24,86.37,4.15
2022-05-21,0.44,24.06,83.57,3.74
2022-05-22,0.46,25.28,84.56,4.34
2022-05-23,0.16,25.81,83.37,3.69
2022-05-24,0.0,26.13,83.14,3.14
2022-05-25,0.08,27.01,77.22,2.29
2022-05-26,0.22,26.04,80.13,3.33
2022-05-27,0.25,25.67,78.26,3.77
2022-05-28,0.13,25.66,75.8,3.86
2022-05-29,0.14,25.85,74.99,3.66
2022-05-30,0.12,26.37,75.08,3.25
2022-05-31,2.72,25.99,78.55,2.58
2022-06-01,7.12,24.89,83.81,3.08
2022-06-02,3.67,25.18,80.64,2.67
2022-06-03,0.84,25.34,81.92,2.92
2022-06-04,0.03,26.88,72.07,2.79
2022-06-05,16.61,25.17,83.24,2.71
2022-06-06,2.62,25.54,81.08,2.22
2022-06-07,0.76,25.25,80.47,2.82
2022-06-08,0.56,24.86,79.92,3.76
2022-06-09,1.26,25.34,79.06,4.22
2022-06-10,3.1,25.05,80.22,4.19
2022-06-11,1.78,25.09,76.61,4.33
2022-06-12,2.69,24.43,75.31,3.83
2022-06-13,1.45,25.13,78.39,3.42
2022-06-14,3.86,25.07,77.1,3.76
2022-06-15,0.8,25.19,79.78,3.42
2022-06-16,1.42,24.81,78.5,3.22
2022-06-17,0.77,24.75,80.0,3.06
2022-06-18,3.25,24.32,81.43,3.01
2022-06-19,3.18,24.3,80.74,3.66
2022-06-20,3.57,23.7,79.86,4.18
2022-06-21,11.04,23.87,83.86,3.98
2022-06-22,8.89,24.07,85.19,3.41
2022-06-23,7.34,24.56,80.02,3.88
2022-06-24,5.39,24.4,85.66,4.35
2022-06-25,1.64,23.96,82.75,4.99
2022-06-26,1.38,24.61,81.25,5.17
2022-06-27,1.17,24.24,85.0,4.64
2022-06-28,2.93,24.6,83.55,3.57
2022-06-29,7.28,24.61,84.54,4.22
2022-06-30,9.48,25.06,82.91,4.44
2022-07-01,12.77,24.63,84.86,4.21
2022-07-02,3.03,24.64,84.11,4.3
2022-07-03,2.54,24.86,82.32,5.07
2022-07-04,9.47,23.91,87.58,5.67
2022-07-05,16.7,24.16,86.26,5.63
2022-07-06,17.32,24.44,83.81,5.18
2022-07-07,20.97,23.91,85.01,5.25
2022-07-08,9.89,23.09,88.51,5.36
2022-07-09,7.02,23.29,89.67,5.27
2022-07-10,4.32,23.44,86.9,5.62
2022-07-11,11.48,23.34,87.71,5.66
2022-07-12,10.21,23.79,85.66,6.37
2022-07-13,7.02,22.84,87.48,7.13
2022-07-14,7.67,23.19,86.15,7.88
2022-07-15,9.23,24.03,83.15,7.24
2022-07-16,11.62,24.17,85.63,6.37
2022-07-17,11.08,23.99,86.84,5.19
2022-07-18,1.33,23.02,87.13,4.86
2022-07-19,0.53,23.48,84.83,3.84
2022-07-20,1.51,24.48,83.42,3.55
2022-07-21,0.46,24.3,84.37,3.42
2022-07-22,0.45,23.26,87.14,3.61
2022-07-23,1.04,23.66,84.14,4.16
2022-07-24,0.38,23.99,83.27,4.22
2022-07-25,2.88,23.86,84.41,3.56
2022-07-26,2.33,23.71,84.69,3.05
2022-07-27,20.63,24.85,82.33,1.45
2022-07-28,22.58,25.55,80.61,1.17
2022-07-29,3.99,26.59,77.68,1.02
2022-07-30,2.79,25.19,86.6,1.44
2022-07-31,8.73,24.56,86.71,2.71
2022-08-01,21.7,23.88,91.74,3.86
2022-08-02,30.37,23.59,93.06,2.44
2022-08-03,9.72,23.89,90.51,1.69
2022-08-04,4.17,23.96,89.56,3.11
2022-08-05,11.58,23.35,91.65,4.31
2022-08-06,10.59,23.59,88.23,6.22
2022-08-07,6.67,23.33,90.64,5.53
2022-08-08,12.89,23.01,91.81,6.04
2022-08-09,5.66,23.04,88.88,6.89
2022-08-10,5.68,22.88,87.09,6.85
2022-08-11,4.12,23.51,86.73,6.58
2022-08-12,2.25,23.24,87.08,5.47
2022-08-13,1.52,22.88,86.41,4.48
2022-08-14,1.0,22.43,89.09,4.05
2022-08-15,0.84,23.55,86.31,3.79
2022-08-16,0.28,23.97,84.95,3.2
2022-08-17,0.96,23.97,85.19,3.29
2022-08-18,2.88,23.69,85.0,3.75
2022-08-19,1.41,23.5,84.47,4.22
2022-08-20,2.1,23.24,85.61,4.12
2022-08-21,3.27,24.09,85.35,4.09
2022-08-22,4.66,24.0,85.2,4.83
2022-08-23,2.75,24.11,84.91,4.1
2022-08-24,7.2,23.8,84.97,3.69
2022-08-25,7.98,23.97,85.1,2.9
2022-08-26,9.45,23.73,86.77,2.38
2022-08-27,7.1,23.15,86.53,2.59
2022-08-28,4.7,23.65,86.6,2.35
2022-08-29,32.92,23.93,89.52,2.12
2022-08-30,5.6,23.33,90.24,2.1
2022-08-31,2.31,24.57,86.97,2.33
2022-09-01,8.47,25.24,81.89,1.01
2022-09-02,11.19,24.89,85.26,1.75
2022-09-03,0.45,25.58,83.12,1.04
2022-09-04,7.54,25.12,87.92,1.84
2022-09-05,31.42,24.3,87.77,1.83
2022-09-06,43.95,24.48,85.81,1.17
2022-09-07,10.44,24.53,84.98,1.67
2022-09-08,4.67,23.27,90.77,3.19
2022-09-09,5.37,23.62,90.13,3.17
2022-09-10,4.25,23.3,89.53,3.56
2022-09-11,5.33,22.77,90.64,4.89
2022-09-12,3.82,23.68,88.18,5.99
2022-09-13,1.78,23.51,89.07,4.33
2022-09-14,2.07,23.27,88.83,3.7
2022-09-15,2.72,22.94,89.79,3.75
2022-09-16,1.53,23.17,89.18,3.95
2022-09-17,1.1,23.61,88.48,3.2
2022-09-18,0.95,23.84,87.12,3.09
2022-09-19,0.28,23.16,86.45,3.14
2022-09-20,0.89,22.72,85.86,2.69
2022-09-21,1.18,22.94,85.63,2.74
2022-09-22,0.08,22.79,84.32,3.02
2022-09-23,4.04,22.67,86.72,2.88
2022-09-24,1.93,23.26,85.45,2.7
2022-09-25,2.56,23.84,83.6,2.36
2022-09-26,3.04,23.82,83.08,2.5
2022-09-27,0.32,23.7,82.54,2.32
2022-09-28,0.23,23.76,83.47,2.76
2022-09-29,5.99,22.89,88.33,2.81
2022-09-30,20.13,23.3,89.28,2.52
2022-10-01,14.14,22.65,91.76,3.15
2022-10-02,1.36,23.14,88.36,2.49
2022-10-03,0.22,24.2,84.23,2.39
2022-10-04,1.58,23.93,85.78,2.08
2022-10-05,2.93,23.82,85.54,2.2
2022-10-06,8.07,22.46,91.8,3.08
2022-10-07,0.56,22.95,85.78,2.95
2022-10-08,0.04,23.51,82.3,1.73
2022-10-09,8.78,23.78,85.46,1.07
2022-10-10,10.07,24.22,87.38,1.24
2022-10-11,9.13,23.77,90.25,2.67
2022-10-12,8.72,22.74,90.9,1.61
2022-10-13,13.12,23.36,90.17,0.69
2022-10-14,3.88,24.19,88.88,1.08
2022-10-15,4.52,24.04,87.64,1.8
2022-10-16,1.56,24.05,89.65,1.67
2022-10-17,3.63,23.63,91.86,1.05
2022-10-18,2.57,24.35,87.1,1.82
2022-10-19,6.88,24.24,85.1,0.89
2022-10-20,1.99,24.51,84.86,0.91
2022-10-21,0.55,24.35,83.09,2.15
2022-10-22,0.92,23.82,85.24,2.17
2022-10-23,0.01,21.46,76.81,1.9
2022-10-24,0.0,21.37,65.65,1.45
2022-10-25,0.0,22.23,61.93,0.94
2022-10-26,0.0,21.19,71.07,1.69
2022-10-27,0.0,21.17,71.84,1.88
2022-10-28,0.0,21.93,78.63,2.21
2022-10-29,0.01,23.03,81.25,2.78
2022-10-30,0.0,22.97,77.0,2.69
2022-10-31,0.0,21.61,74.38,2.07
2022-11-01,0.22,22.41,78.92,1.83
2022-11-02,3.57,22.35,84.71,2.42
2022-11-03,0.71,22.43,79.44,2.32
2022-11-04,1.0,23.33,78.24,2.85
2022-11-05,0.0,23.68,77.47,2.63
2022-11-06,0.01,23.81,77.67,2.34
2022-11-07,0.01,23.52,76.99,2.33
2022-11-08,0.0,22.27,72.72,2.38
2022-11-09,0.0,22.0,71.82,1.93
2022-11-10,0.0,21.83,75.15,2.55
2022-11-11,0.01,22.62,77.2,3.02
2022-11-12,0.22,22.16,83.19,3.18
2022-11-13,3.5,22.21,86.89,3.17
2022-11-14,0.86,23.0,85.3,2.12
2022-11-15,0.19,23.48,83.27,1.98
2022-11-16,0.0,22.69,74.82,1.98
2022-11-17,0.0,20.46,66.06,1.9
2022-11-18,0.0,19.83,65.6,1.88
2022-11-19,0.0,19.34,67.73,2.18
2022-11-20,0.0,19.25,69.23,1.84
2022-11-21,0.07,20.53,71.74,1.67
2022-11-22,0.57,21.89,84.36,1.49
2022-11-23,0.91,23.35,83.37,1.68
2022-11-24,0.25,24.33,78.08,2.49
2022-11-25,0.34,24.52,74.21,2.24
2022-11-26,0.35,24.86,74.46,1.61
2022-11-27,1.86,25.01,76.02,0.79
2022-11-28,0.64,25.07,77.98,0.59
2022-11-29,0.03,24.6,72.71,1.35
2022-11-30,0.0,21.82,65.35,2.03
2022-12-01,0.0,22.52,66.37,1.93
2022-12-02,0.0,24.68,74.44,2.13
2022-12-03,0.0,25.1,71.05,2.42
2022-12-04,0.0,25.06,66.89,2.48
2022-12-05,0.0,24.51,70.19,2.58
2022-12-06,0.0,23.9,68.9,2.37
2022-12-07,0.0,22.52,63.17,2.3
2022-12-08,0.0,21.56,59.84,1.69
2022-12-09,0.22,21.44,60.16,2.12
2022-12-10,11.12,21.63,80.57,2.96
2022-12-11,5.94,22.55,82.79,2.12
2022-12-12,2.66,21.08,91.26,3.26
2022-12-13,3.21,23.32,83.08,3.28
2022-12-14,0.19,23.82,76.92,2.48
2022-12-15,0.0,23.37,71.94,2.27
2022-12-16,0.0,22.34,65.39,2.16
2022-12-17,0.0,23.18,70.18,2.39
2022-12-18,0.0,23.0,76.28,2.64
2022-12-19,0.0,22.04,72.62,2.7
2022-12-20,0.0,20.97,63.5,2.51
2022-12-21,0.0,20.72,66.32,2.41
2022-12-22,0.0,21.44,63.03,2.43
2022-12-23,0.0,21.71,63.29,2.26
2022-12-24,0.0,22.2,64.02,2.25
2022-12-25,0.18,22.97,71.11,2.63
2022-12-26,0.13,24.89,72.31,3.29
2022-12-27,0.0,25.19,70.84,2.95
2022-12-28,0.0,25.5,68.47,2.33
2022-12-29,0.0,24.97,64.92,2.24
2022-12-30,0.0,24.22,57.9,2.02
2022-12-31,0.0,23.29,56.21,1.18
2023-01-01,0.0,23.38,61.11,0.48
2023-01-02,0.0,22.86,58.26,2.74
2023-01-03,0.0,22.9,60.07,2.32
2023-01-04,0.0,22.6,59.75,2.61
2023-01-05,0.0,22.35,61.5,3.57
2023-01-06,0.0,22.74,63.57,4.14
2023-01-07,0.0,22.49,66.43,3.22
2023-01-08,0.0,22.31,60.58,2.79
2023-01-09,0.0,20.71,48.68,2.52
2023-01-10,0.0,21.03,49.36,3.1
2023-01-11,0.0,21.59,50.46,2.2
2023-01-12,0.0,22.58,41.11,1.72
2023-01-13,0.0,22.62,40.47,0.97
2023-01-14,0.0,22.49,46.25,1.37
2023-01-15,0.0,22.82,40.78,1.67
2023-01-16,0.0,22.97,38.83,1.64
2023-01-17,0.0,22.09,44.27,1.84
2023-01-18,0.0,22.09,45.41,2.37
2023-01-19,0.0,22.25,47.18,2.73
2023-01-20,0.0,21.87,45.71,2.68
2023-01-21,0.0,22.41,57.45,2.4
2023-01-22,0.0,22.42,51.92,2.84
2023-01-23,0.0,23.41,55.71,2.2
2023-01-24,0.1,24.96,62.92,1.13
2023-01-25,0.09,24.13,62.15,1.27
2023-01-26,0.0,23.99,45.47,1.95
2023-01-27,0.0,22.99,46.69,3.16
2023-01-28,0.0,22.85,43.14,3.06
2023-01-29,0.0,23.25,46.84,3.44
2023-01-30,0.0,24.3,58.83,2.45
2023-01-31,0.0,25.35,56.64,2.99
2023-02-01,0.0,25.63,47.46,3.09
2023-02-02,0.0,25.75,46.04,3.52
2023-02-03,0.0,25.15,54.47,2.88
2023-02-04,0.0,26.82,51.03,2.6
2023-02-05,0.0,26.77,44.11,1.92
2023-02-06,0.0,25.69,45.5,1.7
2023-02-07,0.0,26.07,50.85,0.73
2023-02-08,0.0,26.59,46.9,1.96
2023-02-09,0.0,26.59,41.81,2.13
2023-02-10,0.0,25.9,40.79,1.73
2023-02-11,0.0,26.12,33.75,2.37
2023-02-12,0.0,26.19,30.25,2.29
2023-02-13,0.0,25.41,28.88,3.07
2023-02-14,0.0,24.83,28.6,2.75
2023-02-15,0.0,24.4,20.71,2.63
2023-02-16,0.0,25.13,26.03,3.34
2023-02-17,0.0,25.45,32.96,3.07
2023-02-18,0.0,25.61,33.14,2.37
2023-02-19,0.0,26.07,33.15,2.25
2023-02-20,0.0,26.73,32.37,1.92
2023-02-21,0.0,27.19,29.63,1.66
2023-02-22,0.0,26.82,25.46,2.36
2023-02-23,0.0,26.47,27.67,3.28
2023-02-24,0.0,26.18,24.94,3.29
2023-02-25,0.0,26.21,22.45,2.8
2023-02-26,0.0,26.56,25.5,3.49
2023-02-27,0.0,26.33,28.59,3.65
2023-02-28,0.0,26.01,25.13,4.17
2023-03-01,0.0,26.78,33.51,4.12
2023-03-02,0.0,26.92,29.44,4.15
2023-03-03,0.0,27.04,27.33,4.37
2023-03-04,0.0,27.31,27.22,4.38
2023-03-05,0.0,27.19,23.24,3.82
2023-03-06,0.0,27.43,25.51,3.67
2023-03-07,0.0,27.19,25.46,3.8
2023-03-08,0.0,27.16,29.8,3.95
2023-03-09,0.0,26.43,30.37,3.45
2023-03-10,0.0,26.99,30.12,3.54
2023-03-11,0.0,27.3,32.68,3.44
2023-03-12,0.0,27.76,30.46,3.86
2023-03-13,0.0,27.85,29.7,2.87
2023-03-14,0.0,28.23,32.79,1.58
2023-03-15,0.04,28.17,43.81,1.54
2023-03-16,0.29,28.75,49.23,2.08
2023-03-17,0.03,28.01,49.84,1.85
2023-03-18,0.07,27.73,48.23,2.72
2023-03-19,0.03,25.94,57.13,3.32
2023-03-20,0.0,25.07,51.05,3.02
2023-03-21,0.0,25.1,50.13,2.71
2023-03-22,0.0,27.13,51.94,2.3
2023-03-23,0.0,27.81,46.89,2.56
2023-03-24,0.0,28.36,45.79,2.25
2023-03-25,0.0,29.21,43.54,2.12
2023-03-26,0.0,28.53,43.79,2.86
2023-03-27,0.0,28.29,44.13,2.06
2023-03-28,0.0,29.24,42.79,1.44
2023-03-29,0.0,29.0,47.65,2.91
2023-03-30,0.0,28.56,49.5,2.37
2023-03-31,0.0,28.66,45.75,2.85
2023-04-01,0.0,27.68,47.14,2.73
2023-04-02,0.0,27.73,45.75,2.52
2023-04-03,0.0,27.68,45.47,2.12
2023-04-04,0.0,28.25,48.02,1.52
2023-04-05,0.0,29.64,47.04,2.23
2023-04-06,0.21,29.7,48.93,1.95
2023-04-07,0.44,30.23,47.4,1.61
2023-04-08,0.02,31.4,31.5,2.9
2023-04-09,0.01,30.07,30.78,2.24
2023-04-10,0.0,30.25,37.7,2.05
2023-04-11,0.0,30.95,26.11,2.44
2023-04-12,0.0,29.72,26.56,2.04
2023-04-13,0.0,30.35,28.68,1.74
2023-04-14,0.01,29.79,45.3,1.41
2023-04-15,0.02,29.39,39.92,1.63
2023-04-16,0.0,29.57,31.41,1.6
2023-04-17,0.0,29.52,38.09,1.78
2023-04-18,0.0,30.83,28.29,1.72
2023-04-19,0.01,30.71,41.48,1.83
2023-04-20,2.91,30.03,52.78,2.49
2023-04-21,0.9,30.05,52.86,2.43
2023-04-22,0.0,30.55,46.6,2.36
2023-04-23,0.03,30.05,41.68,2.08
2023-04-24,0.0,30.09,45.09,1.76
2023-04-25,1.9,29.86,51.92,2.4
2023-04-26,0.51,29.25,52.22,1.76
2023-04-27,0.51,30.07,50.65,2.13
2023-04-28,1.15,30.0,51.07,1.71
2023-04-29,4.92,29.85,52.66,1.61
2023-04-30,9.01,28.1,66.06,1.57
2023-05-01,0.3,28.79,55.01,2.34
2023-05-02,0.06,28.92,51.67,1.79
2023-05-03,0.13,27.75,57.32,2.74
2023-05-04,0.32,28.8,56.67,1.96
2023-05-05,0.04,27.77,55.45,2.45
2023-05-06,7.11,28.72,55.31,2.36
2023-05-07,2.49,27.37,64.22,2.56
2023-05-08,10.44,27.12,71.26,1.23
2023-05-09,4.39,27.44,73.69,1.62
2023-05-10,3.7,28.3,71.06,1.65
2023-05-11,1.89,29.07,69.2,1.61
2023-05-12,1.55,28.06,72.34,2.74
2023-05-13,0.23,27.33,76.64,3.71
2023-05-14,0.01,28.76,64.27,3.63
2023-05-15,0.0,29.08,61.9,3.56
2023-05-16,0.0,29.57,57.31,2.52
2023-05-17,0.0,29.79,51.2,2.27
2023-05-18,0.0,30.78,50.38,2.35
2023-05-19,0.0,31.28,48.58,3.27
2023-05-20,0.42,30.91,54.47,2.89
2023-05-21,2.41,30.9,54.72,2.39
2023-05-22,1.51,30.04,57.8,2.6
2023-05-23,0.28,29.87,56.91,2.31
2023-05-24,5.52,28.54,63.47,2.95
2023-05-25,2.26,28.33,64.21,3.72
2023-05-26,0.22,28.4,60.3,3.72
2023-05-27,1.47,28.85,63.21,3.58
2023-05-28,0.19,29.6,57.41,3.16
2023-05-29,5.07,30.19,58.4,2.44
2023-05-30,8.5,27.66,71.97,2.6
2023-05-31,2.97,27.29,72.28,2.07
2023-06-01,0.95,26.31,76.72,3.03
2023-06-02,0.47,28.08,65.57,3.26
2023-06-03,0.21,29.33,62.6,3.06
2023-06-04,0.09,29.03,63.89,3.16
2023-06-05,0.34,27.55,71.61,3.83
2023-06-06,0.24,27.71,70.23,3.5
2023-06-07,0.54,27.67,70.26,4.22
2023-06-08,0.86,28.21,68.87,3.96
2023-06-09,0.54,28.21,67.59,4.42
2023-06-10,2.62,26.51,73.82,4.93
2023-06-11,1.82,26.75,72.73,4.63
2023-06-12,1.88,27.07,72.17,4.4
2023-06-13,0.46,27.46,71.29,4.95
2023-06-14,0.15,27.57,71.62,4.93
2023-06-15,0.1,28.1,69.13,4.27
2023-06-16,0.18,28.11,68.4,4.79
2023-06-17,2.57,27.68,71.44,4.82
2023-06-18,2.5,27.09,73.1,4.31
2023-06-19,0.96,26.09,76.5,3.27
2023-06-20,1.62,27.42,69.15,3.75
2023-06-21,6.81,26.52,74.64,3.55
2023-06-22,3.2,25.52,76.19,3.58
2023-06-23,1.35,25.86,68.89,4.38
2023-06-24,11.46,24.66,81.18,4.28
2023-06-25,3.74,24.89,77.9,4.31
2023-06-26,3.6,24.83,76.18,4.88
2023-06-27,7.02,25.14,76.18,4.65
2023-06-28,2.79,24.78,75.56,4.72
2023-06-29,13.35,24.04,80.05,4.57
2023-06-30,5.03,24.74,79.93,4.71
2023-07-01,7.06,24.98,81.98,4.51
2023-07-02,5.39,25.05,82.83,4.92
2023-07-03,7.34,25.15,85.36,5.34
2023-07-04,13.1,24.91,87.19,4.85
2023-07-05,15.31,24.27,83.69,6.03
2023-07-06,8.06,23.73,80.96,6.2
2023-07-07,5.46,24.72,79.97,5.07
2023-07-08,6.23,24.61,81.36,4.97
2023-07-09,7.12,24.91,82.7,4.2
2023-07-10,5.06,24.53,85.43,3.3
2023-07-11,1.77,24.39,85.07,3.89
2023-07-12,3.23,24.19,80.77,4.75
2023-07-13,9.65,24.58,81.17,5.03
2023-07-14,4.46,24.77,81.14,5.06
2023-07-15,17.07,24.91,82.36,4.13
2023-07-16,4.44,24.35,85.95,3.8
2023-07-17,2.74,25.22,82.36,4.68
2023-07-18,6.0,24.34,86.38,6.03
2023-07-19,8.3,24.0,86.79,6.47
2023-07-20,8.93,24.8,83.06,6.79
2023-07-21,11.66,24.4,87.1,6.24
2023-07-22,7.72,23.78,85.3,6.34
2023-07-23,23.9,24.31,84.63,6.7
2023-07-24,19.04,23.43,88.05,5.74
2023-07-25,17.38,23.0,89.12,5.41
2023-07-26,14.91,23.39,89.55,5.5
2023-07-27,4.7,22.76,89.82,5.54
2023-07-28,1.56,24.05,85.67,5.36
2023-07-29,1.5,24.17,84.35,5.1
2023-07-30,0.82,24.26,84.5,4.64
2023-07-31,1.78,24.52,83.99,4.92
2023-08-01,0.81,24.34,84.4,5.14
2023-08-02,0.26,24.17,84.01,5.45
2023-08-03,1.24,24.31,83.29,5.25
2023-08-04,1.7,24.57,83.03,4.96
2023-08-05,0.44,24.43,83.86,4.41
2023-08-06,0.61,24.74,82.75,4.14
2023-08-07,0.59,24.8,81.85,4.18
2023-08-08,1.13,24.95,81.12,3.57
2023-08-09,4.8,24.53,82.61,2.84
2023-08-10,0.76,25.0,80.73,2.85
2023-08-11,0.03,24.85,81.21,2.88
2023-08-12,1.5,24.92,80.75,3.41
2023-08-13,0.19,24.47,81.25,3.43
2023-08-14,0.01,23.82,81.9,3.4
2023-08-15,0.12,24.76,79.02,3.26
2023-08-16,0.17,25.18,78.23,3.17
2023-08-17,1.85,24.59,80.44,3.68
2023-08-18,3.02,24.12,82.97,3.63
2023-08-19,6.82,24.42,83.95,4.07
2023-08-20,1.05,25.19,80.52,3.66
2023-08-21,0.08,25.39,78.51,2.92
2023-08-22,0.0,25.64,75.12,2.93
2023-08-23,0.01,25.44,76.76,3.19
2023-08-24,0.52,25.32,77.72,3.41
2023-08-25,0.83,25.58,78.08,3.49
2023-08-26,4.57,25.07,80.34,3.07
2023-08-27,0.22,24.69,80.31,3.09
2023-08-28,6.43,25.16,79.74,3.47
2023-08-29,2.44,25.37,79.78,3.37
2023-08-30,0.2,25.83,75.54,3.19
2023-08-31,8.66,25.34,81.17,2.36
2023-09-01,19.05,25.22,84.01,2.36
2023-09-02,14.19,23.87,87.4,2.67
2023-09-03,3.24,22.87,86.23,2.5
2023-09-04,12.01,22.49,83.8,3.2
2023-09-05,7.68,23.53,86.43,3.24
2023-09-06,0.81,24.56,83.35,3.41
2023-09-07,1.01,24.38,83.97,3.57
2023-09-08,1.05,24.08,85.33,4.14
2023-09-09,3.56,24.79,83.83,3.93
2023-09-10,1.01,25.09,82.61,3.75
2023-09-11,1.69,24.54,84.65,3.54
2023-09-12,2.07,24.69,82.61,3.71
2023-09-13,0.58,24.62,82.35,3.48
2023-09-14,2.27,25.02,82.34,3.58
2023-09-15,3.02,24.44,83.24,3.77
2023-09-16,2.95,24.73,83.76,4.13
2023-09-17,1.91,25.05,83.02,3.71
2023-09-18,2.5,24.94,82.39,3.44
2023-09-19,3.97,24.86,82.1,3.47
2023-09-20,2.43,24.57,82.78,3.48
2023-09-21,1.5,24.65,84.62,3.17
2023-09-22,0.58,24.92,82.91,2.19
2023-09-23,5.04,24.89,84.49,2.58
2023-09-24,9.58,24.04,85.17,2.69
2023-09-25,3.64,23.84,83.58,3.11
2023-09-26,2.3,23.88,83.06,2.95
2023-09-27,7.66,23.96,82.93,3.19
2023-09-28,6.15,24.56,84.6,3.06
2023-09-29,5.05,24.25,84.46,3.59
2023-09-30,6.88,23.89,84.87,4.64
2023-10-01,3.49,24.67,83.06,5.02
2023-10-02,0.3,24.32,81.73,3.36
2023-10-03,0.05,24.24,82.15,2.81
2023-10-04,0.04,24.7,80.98,2.18
2023-10-05,0.21,24.73,81.4,2.43
2023-10-06,0.13,25.51,77.7,1.61
2023-10-07,0.0,26.37,73.96,1.41
2023-10-08,0.12,26.89,74.37,1.15
2023-10-09,0.08,26.87,73.98,1.36
2023-10-10,0.04,26.68,74.91,1.95
2023-10-11,0.77,26.7,75.31,1.52
2023-10-12,1.3,26.91,75.18,1.62
2023-10-13,0.05,27.16,69.93,1.22
2023-10-14,0.03,26.71,66.32,1.47
2023-10-15,0.01,26.67,69.67,1.29
2023-10-16,0.4,26.3,71.45,1.0
2023-10-17,0.37,26.87,69.22,1.52
2023-10-18,0.03,27.48,62.14,1.41
2023-10-19,0.0,27.03,60.3,1.39
2023-10-20,0.0,27.27,56.22,1.86
2023-10-21,0.01,27.55,58.71,1.84
2023-10-22,0.0,27.29,58.81,1.97
2023-10-23,0.0,26.3,49.69,2.29
2023-10-24,0.0,25.61,51.81,1.66
2023-10-25,0.0,25.21,47.41,2.21
2023-10-26,0.0,24.79,45.14,2.42
2023-10-27,0.0,24.91,43.36,2.42
2023-10-28,0.04,26.18,59.43,1.13
2023-10-29,0.68,27.17,67.12,1.21
2023-10-30,0.27,25.97,72.33,2.48
2023-10-31,0.56,23.95,80.58,1.22
2023-11-01,0.06,25.79,70.33,1.48
2023-11-02,0.03,27.28,61.54,1.74
2023-11-03,0.02,27.56,62.8,1.77
2023-11-04,0.08,27.94,61.11,2.26
2023-11-05,9.85,26.37,72.13,2.64
2023-11-06,14.51,24.5,83.43,1.44
2023-11-07,22.3,24.74,84.37,0.78
2023-11-08,10.27,24.73,83.24,1.54
2023-11-09,17.17,24.04,84.1,2.49
2023-11-10,0.05,24.59,77.8,2.1
2023-11-11,0.0,24.3,72.92,2.74
2023-11-12,0.0,23.11,70.67,2.66
2023-11-13,0.0,23.17,72.09,2.66
2023-11-14,0.0,23.01,73.52,2.57
2023-11-15,0.0,23.17,73.64,1.73
2023-11-16,0.0,23.83,69.6,1.48
2023-11-17,0.0,24.61,70.06,1.95
2023-11-18,0.0,25.01,70.67,2.24
2023-11-19,0.0,25.38,70.94,2.75
2023-11-20,0.0,24.32,67.86,2.61
2023-11-21,0.0,24.61,74.81,2.63
2023-11-22,0.01,25.15,75.31,2.6
2023-11-23,0.05,25.69,74.63,2.56
2023-11-24,0.04,25.3,75.51,2.24
2023-11-25,0.01,24.71,76.45,3.01
2023-11-26,0.0,24.16,72.09,3.12
2023-11-27,0.0,25.16,69.23,2.24
2023-11-28,0.79,25.67,72.36,1.49
2023-11-29,0.68,25.2,74.48,2.1
2023-11-30,0.0,25.5,69.91,2.54
2023-12-01,0.01,25.34,70.12,2.32
2023-12-02,0.0,25.03,65.07,3.2
2023-12-03,0.0,25.61,70.25,3.67
2023-12-04,0.01,25.47,68.84,2.94
2023-12-05,0.0,24.51,68.55,2.27
2023-12-06,0.0,24.77,71.1,1.25
2023-12-07,0.0,25.25,72.89,1.19
2023-12-08,1.32,25.56,74.77,1.04
2023-12-09,1.58,23.86,75.55,2.89
2023-12-10,0.19,24.95,67.49,2.47
2023-12-11,0.03,24.62,62.66,1.9
2023-12-12,0.0,24.27,59.77,2.1
2023-12-13,0.0,22.86,59.39,2.65
2023-12-14,0.0,22.28,56.91,3.13
2023-12-15,0.0,23.17,63.86,2.63
2023-12-16,0.0,25.12,67.83,2.9
2023-12-17,0.0,25.7,63.94,3.79
2023-12-18,0.0,24.76,64.49,3.86
2023-12-19,0.0,24.06,57.83,3.99
2023-12-20,0.0,23.96,58.13,3.41
2023-12-21,0.0,24.2,58.96,2.34
2023-12-22,0.0,22.96,58.59,2.01
2023-12-23,0.0,22.71,47.49,2.87
2023-12-24,0.0,22.51,54.82,3.17
2023-12-25,0.0,24.13,53.75,3.12
2023-12-26,0.0,23.43,50.99,3.17
2023-12-27,0.0,23.49,53.11,3.69
2023-12-28,0.0,23.69,54.7,3.36
2023-12-29,0.0,24.39,55.71,3.59
2023-12-30,0.0,24.61,50.52,3.21
2023-12-31,0.0,22.92,51.23,2.82
